Employee ID,First Name,Last Name,Gender,Birth Date
EMP00001,Sarthak,Ganesan,Female,1973-10-05
EMP00002,Krishna,Karan,Male,1991-07-09
EMP00003,Wyatt,Mitra,Male,1990-05-17
EMP00004,Mohammed,Sankar,Female,1983-07-09
EMP00005,Ubika,Shenoy,Female,1994-01-24
EMP00006,Ishani,Yohannan,Male,1978-11-25
EMP00007,Gayathri,Sagar,Female,1991-07-21
EMP00008,Shravya,Nath,Male,1994-11-03
EMP00009,Odika,Prakash,Male,1989-02-12
EMP00010,Raksha,Yadav,Male,1964-02-02
EMP00011,Bahadurjit,Chaudry,Female,1985-12-12
EMP00012,Dakshesh,Ratta,Male,1987-07-10
EMP00013,Ekavir,Shankar,Male,1981-08-19
EMP00014,Damyanti,Vala,Female,1993-05-06
EMP00015,Farhan,Subramaniam,Male,1995-01-04
EMP00016,Kala,Madan,Male,1980-11-16
EMP00017,Ekapad,Dash,Female,1976-04-30
EMP00018,Oliver,Wali,Female,1989-01-31
EMP00019,Rachita,Keer,Female,1991-08-13
EMP00020,Kamya,Sachar,Male,1992-05-06
EMP00021,Ekavir,Balan,Male,1991-11-20
EMP00022,Veda,Goel,Female,1967-08-13
EMP00023,Neha,Prashad,Male,1979-06-15
EMP00024,Chanakya,Tandon,Female,1986-05-22
EMP00025,Qadim,Chander,Female,1981-01-05
EMP00026,Arunima,Brahmbhatt,Male,1990-04-18
EMP00027,Irya,Dayal,Male,1990-04-06
EMP00028,Finn,Narain,Female,1983-10-28
EMP00029,Mugdha,Jani,Male,1989-03-27
EMP00030,Amara,Dube,Female,1977-08-20
EMP00031,Barkha,Nagar,Male,1985-01-09
EMP00032,Diya,Patel,Female,1977-11-22
EMP00033,Kai,Kant,Female,1984-10-04
EMP00034,Aayush,Mital,Male,1980-11-16
EMP00035,Anirudh,Tata,Female,1976-04-16
EMP00036,Noah,Dhar,Female,1982-11-17
EMP00037,Tara,Pall,Male,1974-08-14
EMP00038,Anusha,Pandit,Female,1989-05-29
EMP00039,Vanya,Hayre,Female,1980-05-04
EMP00040,Imaran,Biswas,Female,2000-11-11
EMP00041,Fariq,Murty,Female,1978-10-17
EMP00042,Turvi,Kade,Male,1972-02-12
EMP00043,Pratyush,Samra,Female,1986-06-11
EMP00044,Eta,Shankar,Male,1989-02-25
EMP00045,Ayaan,Dua,Female,1980-10-11
EMP00046,Indali,Anand,Female,1991-09-02
EMP00047,Damyanti,Mitter,Female,1995-01-06
EMP00048,Mohammed,Subramanian,Female,1987-08-19
EMP00049,Naksh,Kalla,Male,1981-01-13
EMP00050,Ishani,Bassi,Male,1987-08-29
EMP00051,Divya,Dora,Male,1999-01-08
EMP00052,Bina,Mohan,Female,1982-11-16
EMP00053,Triya,Magar,Male,1996-08-08
EMP00054,Zayan,Tata,Male,1984-02-29
EMP00055,Veer,Mani,Female,1982-01-01
EMP00056,Rushil,Sura,Female,1970-07-17
EMP00057,Zayyan,Naidu,Female,1995-06-16
EMP00058,Anya,Nori,Female,1962-09-10
EMP00059,Bhavika,Tella,Male,1984-09-22
EMP00060,Varenya,Ray,Male,1993-12-19
EMP00061,Aishani,Sharaf,Female,1986-12-08
EMP00062,Omya,Sarraf,Male,1983-03-29
EMP00063,Azad,Pandey,Male,1992-07-02
EMP00064,Januja,Panchal,Male,1993-07-08
EMP00065,Rachit,Mahajan,Female,2001-04-23
EMP00066,Ridhi,Sathe,Male,1996-11-14
EMP00067,Omkaar,Savant,Male,1985-04-24
EMP00068,Guneet,Dara,Male,1988-10-01
EMP00069,Maanas,Bal,Female,1998-05-16
EMP00070,Wahab,Devan,Male,2001-04-05
EMP00071,David,Jaggi,Female,1992-09-13
EMP00072,Chaitaly,Sachdev,Male,1981-04-29
EMP00073,Laksh,Bhatia,Male,1986-02-07
EMP00074,Aishani,Sastry,Male,1992-06-11
EMP00075,Lajita,Sachdev,Female,1992-12-24
EMP00076,Ridhi,Loyal,Male,2001-09-24
EMP00077,Aarnav,Raja,Male,1999-12-07
EMP00078,Tara,Narasimhan,Male,1986-01-17
EMP00079,Peter,Bora,Female,1978-12-30
EMP00080,Gopal,Sagar,Female,1981-03-09
EMP00081,Faqid,Bahl,Male,1987-04-24
EMP00082,Zinal,Tara,Male,1975-07-07
EMP00083,Anvi,Kant,Male,1980-06-11
EMP00084,Victor,Rana,Female,1998-08-01
EMP00085,Jonathan,Prabhu,Female,1985-07-19
EMP00086,Varsha,Bains,Male,1985-05-20
EMP00087,Jairaj,Kala,Female,1986-12-07
EMP00088,Azad,Bassi,Female,1989-11-15
EMP00089,Eesha,Arya,Female,1977-03-14
EMP00090,Oscar,Chand,Male,1982-08-01
EMP00091,Samarth,Varkey,Female,1968-09-05
EMP00092,Nachiket,Krishnan,Female,1993-04-06
EMP00093,Mugdha,Lad,Male,1984-12-05
EMP00094,Jackson,Agarwal,Female,1999-08-20
EMP00095,Naveen,Choudhry,Male,1984-07-01
EMP00096,Rohan,Narain,Male,1999-06-07
EMP00097,Arya,Murthy,Female,1988-12-09
EMP00098,Gunbir,Badal,Male,1992-09-07
EMP00099,Panini,Dhar,Male,1988-11-23
EMP00100,Triveni,Roy,Male,1980-08-22
EMP00101,Nilima,Sehgal,Male,1982-02-26
EMP00102,Zaitra,Khosla,Male,1966-06-14
EMP00103,Sanya,Mammen,Male,1972-10-06
EMP00104,Theodore,Rao,Female,1982-02-28
EMP00105,Siya,Mangal,Male,1996-12-14
EMP00106,Kashvi,Sampath,Male,1981-10-11
EMP00107,Wishi,Srinivas,Male,1986-09-30
EMP00108,Ekantika,Bahl,Female,1993-03-07
EMP00109,Quincy,Anand,Male,1983-03-30
EMP00110,Yash,Sura,Male,1998-03-30
EMP00111,Anmol,Suri,Male,1987-08-24
EMP00112,Bhavna,Walia,Female,1973-05-18
EMP00113,Yuvraj,Vasa,Female,1977-01-30
EMP00114,Radhika,Rastogi,Female,1996-10-29
EMP00115,Brinda,Suresh,Female,1998-10-27
EMP00116,Neha,Bobal,Female,1994-10-04
EMP00117,Ojas,Char,Male,1980-03-08
EMP00118,Jagvi,Manda,Female,1972-10-05
EMP00119,Sara,Yogi,Female,2001-07-04
EMP00120,Sanaya,Raju,Male,1990-11-18
EMP00121,Yashodhara,Barman,Female,1980-12-26
EMP00122,Veer,Bahl,Male,1991-09-05
EMP00123,Baghyawati,Prasad,Male,1980-02-16
EMP00124,Krishna,Sodhi,Male,1996-07-09
EMP00125,Reyansh,Mody,Female,1980-03-10
EMP00126,Gaurika,Tandon,Male,1983-06-05
EMP00127,Sneha,Majumdar,Female,1969-08-24
EMP00128,Bhavya,Warrior,Female,1971-06-25
EMP00129,Leena,Prashad,Male,1990-07-18
EMP00130,Pallavi,Agarwal,Male,1990-02-09
EMP00131,Charan,Subramanian,Male,1985-12-05
EMP00132,Widisha,Palan,Male,1986-12-11
EMP00133,Raagini,Prasad,Female,1991-01-09
EMP00134,David,Mohan,Male,1983-09-06
EMP00135,Vasana,Baria,Male,1993-07-28
EMP00136,Varenya,Mutti,Male,1986-04-28
EMP00137,Keya,Soman,Female,1973-03-31
EMP00138,Vihaan,Prashad,Female,1986-07-21
EMP00139,Januja,Banik,Male,1977-08-13
EMP00140,Bahadurjit,Sekhon,Male,1979-08-22
EMP00141,Rajata,Mahajan,Female,1993-11-01
EMP00142,Hemangini,Peri,Male,1998-04-21
EMP00143,Falguni,Bhakta,Male,1986-11-16
EMP00144,Reyansh,Rau,Male,1994-08-06
EMP00145,Chakradev,Grewal,Female,1986-01-07
EMP00146,Dhruv,Dayal,Female,1987-04-08
EMP00147,Jeremiah,Mani,Female,1988-02-26
EMP00148,Timothy,Gandhi,Female,1986-03-11
EMP00149,Tripti,Yohannan,Male,1983-04-13
EMP00150,Yashvi,Pal,Male,1999-10-16
EMP00151,Pushti,Kakar,Male,1986-08-28
EMP00152,Udant,Sarraf,Male,1970-11-29
EMP00153,Meera,Ratti,Female,1996-07-15
EMP00154,Chaman,Khatri,Male,1997-12-19
EMP00155,Waida,Gara,Male,1983-07-31
EMP00156,Yasti,Sunder,Male,1983-06-30
EMP00157,Upasna,Sodhi,Female,1977-09-16
EMP00158,Gabriel,Mukherjee,Male,1978-01-27
EMP00159,Chandresh,Gour,Female,1992-01-13
EMP00160,Yagnesh,Korpal,Female,1988-04-02
EMP00161,Owen,Kothari,Male,1981-10-22
EMP00162,Naveen,Aurora,Female,1992-05-06
EMP00163,Hemangini,Mani,Female,1995-06-25
EMP00164,Odika,Mistry,Female,1981-12-04
EMP00165,Bahadurjit,Bhattacharyya,Male,1991-06-04
EMP00166,Chatresh,Khosla,Male,1982-08-14
EMP00167,Madhavi,Dyal,Female,1996-07-03
EMP00168,Hemal,Andra,Male,1989-03-31
EMP00169,Nakul,Barman,Male,1994-12-24
EMP00170,Xalak,Andra,Male,1983-04-01
EMP00171,Devika,Dua,Male,1984-10-19
EMP00172,Abeer,Sandhu,Male,1987-10-01
EMP00173,Peter,Grewal,Female,1985-10-04
EMP00174,Girindra,Mital,Female,1980-04-02
EMP00175,Hemani,Tella,Female,1990-07-18
EMP00176,Nikita,Saini,Male,1975-01-24
EMP00177,Upma,Mane,Female,1979-07-16
EMP00178,Vasana,Pandya,Female,1978-02-23
EMP00179,Pavani,Kari,Male,1988-11-27
EMP00180,Gaurang,Varty,Male,1995-12-10
EMP00181,Sneha,Pradhan,Female,1989-07-08
EMP00182,Edhitha,Ram,Female,1995-05-17
EMP00183,Dayamai,Bava,Male,1983-09-08
EMP00184,Theodore,Sha,Male,1993-10-16
EMP00185,Zehaan,Comar,Male,2000-11-08
EMP00186,Ekanta,Lala,Male,1970-03-28
EMP00187,Qarin,Nanda,Female,1972-10-09
EMP00188,Janya,Shukla,Male,1988-01-24
EMP00189,Jackson,Chawla,Female,1980-04-14
EMP00190,Bhavika,Arya,Male,1994-08-08
EMP00191,Inaya,Parmar,Female,1992-11-08
EMP00192,Prisha,Varty,Female,1981-08-16
EMP00193,Sudiksha,Jhaveri,Male,1989-10-15
EMP00194,Dayita,Kulkarni,Male,1986-11-06
EMP00195,Sanya,Atwal,Male,1987-10-25
EMP00196,Oeshi,Koshy,Female,1995-07-09
EMP00197,Krishna,Rout,Male,1994-08-21
EMP00198,Yauvani,Aurora,Male,1999-10-28
EMP00199,Osha,Vohra,Male,1967-03-30
EMP00200,Charvi,Sawhney,Male,1993-05-22
EMP00201,Vidhi,Grover,Female,1984-04-03
EMP00202,Siya,Varughese,Male,1980-06-29
EMP00203,Pranav,Nazareth,Female,1985-05-17
EMP00204,Aadi,Barad,Male,1968-05-20
EMP00205,Avni,Parmer,Female,1992-01-25
EMP00206,Chandani,Prabhu,Male,1981-06-24
EMP00207,Tarak,Basak,Male,1990-08-16
EMP00208,Advay,Ghose,Male,1984-04-16
EMP00209,Pahal,Mall,Male,1975-06-26
EMP00210,Mitesh,Shenoy,Female,1997-06-29
EMP00211,Elijah,Kumar,Male,1989-12-10
EMP00212,Farhan,Chad,Female,1976-07-10
EMP00213,Anirudh,Pant,Female,1988-10-24
EMP00214,Nidra,Verma,Female,1974-03-27
EMP00215,Vincent,Gandhi,Male,1997-06-08
EMP00216,Peter,Sibal,Female,1992-08-30
EMP00217,Akshay,Sankar,Female,1996-03-08
EMP00218,Lila,Tandon,Male,1997-03-25
EMP00219,Fariq,Kala,Male,1999-09-04
EMP00220,Maya,Mahal,Male,1986-10-27
EMP00221,Zaitra,Solanki,Male,1986-09-21
EMP00222,Bimala,Mittal,Male,1985-09-03
EMP00223,Abha,Nagarajan,Male,1967-11-29
EMP00224,Dalbir,Venkataraman,Female,1984-10-22
EMP00225,Qasim,Dada,Male,1986-08-22
EMP00226,Zarna,Uppal,Male,1991-04-15
EMP00227,Frederick,Wagle,Male,1982-10-27
EMP00228,Zaid,Uppal,Female,1979-08-25
EMP00229,Yahvi,Sharma,Male,1982-05-12
EMP00230,Samesh,Lad,Male,1984-01-26
EMP00231,Nandini,Barman,Male,1987-10-13
EMP00232,Dhriti,Mammen,Male,2000-02-20
EMP00233,Wishi,Gera,Male,1988-12-07
EMP00234,Adya,Ratti,Male,1998-10-09
EMP00235,Mason,Chhabra,Female,1992-10-23
EMP00236,Nisha,Shere,Male,1968-02-28
EMP00237,Vasana,Nagy,Female,1981-12-11
EMP00238,Daniel,Dayal,Female,1983-10-31
EMP00239,Alka,Bal,Male,1996-09-11
EMP00240,Divya,Mandal,Male,1994-07-25
EMP00241,Krishna,Kuruvilla,Male,1987-06-07
EMP00242,Urmi,Ahluwalia,Female,1992-05-16
EMP00243,Anusha,Gulati,Female,1970-01-06
EMP00244,Warda,Dara,Male,1984-10-08
EMP00245,Pahal,Chakrabarti,Female,1991-03-30
EMP00246,Advay,More,Female,1992-12-02
EMP00247,Manan,Kaul,Female,1982-02-12
EMP00248,Samuel,Arora,Male,1986-01-03
EMP00249,Gayathri,Bath,Female,1982-05-02
EMP00250,Chaitanya,Sane,Female,1972-11-03
EMP00251,Zayyan,Kannan,Male,1989-09-20
EMP00252,Tanish,Kari,Male,1988-08-11
EMP00253,Farhan,Peri,Female,1982-05-14
EMP00254,Aarini,Naik,Female,1992-04-12
EMP00255,Maanas,Gole,Female,1981-02-27
EMP00256,Shivani,Nadig,Male,1990-08-23
EMP00257,Anay,Dhingra,Female,1994-05-12
EMP00258,Oscar,Chakraborty,Female,1964-12-26
EMP00259,Vasudha,Chatterjee,Male,1977-08-04
EMP00260,Chakradhar,Chana,Male,1992-07-27
EMP00261,Qushi,Nadkarni,Female,1991-08-11
EMP00262,Harsh,Rana,Male,1987-09-06
EMP00263,Jagrati,Mallick,Female,1977-07-04
EMP00264,Omya,Parsa,Female,1984-02-11
EMP00265,Panini,Doctor,Male,1992-01-28
EMP00266,Deepa,Trivedi,Female,1979-12-07
EMP00267,Ekantika,Dey,Male,1975-09-04
EMP00268,Rehaan,Soman,Female,1978-10-22
EMP00269,Charvi,Mani,Female,1996-08-19
EMP00270,Lakshit,Kakar,Female,1994-02-11
EMP00271,Lavanya,Gola,Female,1983-11-19
EMP00272,Hardik,Devi,Male,1982-09-29
EMP00273,Bachittar,Buch,Female,1995-03-05
EMP00274,Ganga,Chandra,Male,1987-03-30
EMP00275,Saksham,Brahmbhatt,Male,1999-11-10
EMP00276,Sai,Badami,Male,1982-06-17
EMP00277,Raghav,Baria,Male,1993-06-30
EMP00278,Lohit,Patil,Female,1985-12-08
EMP00279,Upadhriti,Kar,Female,1991-01-19
EMP00280,Tarak,Ahuja,Male,1981-10-04
EMP00281,Praneel,Ben,Female,1982-09-14
EMP00282,Leela,Butala,Female,1976-04-23
EMP00283,Amara,Sem,Male,1980-07-07
EMP00284,Yoshita,Kalita,Female,1983-03-02
EMP00285,Vritti,Bhalla,Male,1977-05-08
EMP00286,Kavya,Varty,Female,1982-11-07
EMP00287,Ganga,Shanker,Male,1994-12-12
EMP00288,Gopal,Jha,Female,1994-03-13
EMP00289,Ria,Joshi,Female,1976-01-09
EMP00290,Mason,Nayar,Male,1990-08-31
EMP00291,Veer,Radhakrishnan,Male,1976-12-14
EMP00292,Hamsini,Badami,Male,1982-12-20
EMP00293,Tamanna,Sheth,Female,1989-08-15
EMP00294,Pushti,Ram,Male,1965-12-20
EMP00295,Isaiah,Kade,Male,1976-02-26
EMP00296,Nirja,Oza,Male,1982-05-09
EMP00297,Bhavna,Rau,Male,1972-10-08
EMP00298,Christopher,Choudhry,Male,1972-02-11
EMP00299,Hemal,Rama,Male,1988-02-06
EMP00300,Balveer,Sachdeva,Female,1995-02-16
EMP00301,Nitara,Atwal,Male,1981-06-29
EMP00302,Bahadurjit,Barad,Male,1991-05-17
EMP00303,Diya,Thakkar,Female,1988-07-23
EMP00304,Gauri,Anne,Male,1995-12-19
EMP00305,Pranav,Dey,Male,1987-06-26
EMP00306,Sudiksha,Sandhu,Male,1987-08-22
EMP00307,George,Varkey,Male,1997-02-17
EMP00308,Xiti,Lall,Female,1987-12-19
EMP00309,Tanish,Pandey,Male,1986-09-27
EMP00310,Kai,Kamdar,Female,2000-06-01
EMP00311,Anmol,Dutt,Female,1988-08-01
EMP00312,Liam,Jaggi,Female,1983-08-08
EMP00313,Ucchal,Dora,Male,1995-09-23
EMP00314,Advay,Krish,Female,1992-06-15
EMP00315,Rehaan,Sankar,Male,1977-11-12
EMP00316,Omisha,Gandhi,Male,1988-11-26
EMP00317,Vritti,Venkatesh,Male,1994-01-19
EMP00318,Ira,Chadha,Female,1981-11-06
EMP00319,Ishaan,Edwin,Female,1995-08-15
EMP00320,Harinakshi,Misra,Male,1983-07-31
EMP00321,Urvi,Raj,Female,1995-02-25
EMP00322,Chanakya,Maharaj,Male,1993-02-07
EMP00323,Chasmum,Butala,Male,1964-01-10
EMP00324,Netra,Pall,Male,1985-12-05
EMP00325,Ojasvi,Gokhale,Male,1986-07-01
EMP00326,Omisha,Dhar,Male,1997-09-04
EMP00327,Urmi,Dass,Female,1990-12-02
EMP00328,Girik,Shan,Male,1993-06-10
EMP00329,Peter,Rai,Male,1987-08-20
EMP00330,Kabir,Sachar,Male,1992-08-06
EMP00331,Patrick,Batta,Male,2002-10-13
EMP00332,Ira,Sarna,Male,1978-10-24
EMP00333,Harita,Pant,Female,1962-02-22
EMP00334,Sneha,Garg,Female,1985-05-01
EMP00335,Anthony,Panchal,Female,1990-05-22
EMP00336,Vivaan,Ahluwalia,Female,1981-12-15
EMP00337,Peter,Krish,Female,1991-12-14
EMP00338,Amrita,Oak,Male,1989-08-04
EMP00339,George,Mallick,Male,1989-07-22
EMP00340,Yatin,Zachariah,Male,1994-11-23
EMP00341,Abdul,Mutti,Male,1983-04-27
EMP00342,Bahadurjit,Som,Female,1967-09-30
EMP00343,Garima,Badami,Male,1976-02-14
EMP00344,Gaurav,Tak,Female,1988-02-04
EMP00345,Vidhi,Babu,Female,1996-09-30
EMP00346,Tanish,Shukla,Male,1987-01-21
EMP00347,Sudiksha,Behl,Male,1988-01-29
EMP00348,Om,Bansal,Male,1993-09-28
EMP00349,Ranbir,Loyal,Female,1995-08-31
EMP00350,Advaith,Mahal,Male,1979-12-05
EMP00351,Raagini,Lala,Female,1983-09-26
EMP00352,Mugdha,Tank,Female,1981-04-17
EMP00353,Bhavya,Setty,Female,2001-03-28
EMP00354,Anjali,Baral,Female,1979-12-16
EMP00355,Tanmayi,Patel,Male,1984-11-18
EMP00356,Rudra,D’Alia,Male,1998-07-13
EMP00357,Brinda,Bhandari,Male,1971-10-14
EMP00358,Pahal,Badami,Male,1994-08-23
EMP00359,Charan,Loke,Female,1992-06-24
EMP00360,Ekiya,Saran,Female,1980-09-26
EMP00361,Faras,Toor,Female,1998-03-12
EMP00362,Kabir,Manda,Male,1994-04-05
EMP00363,Charita,Rai,Female,1994-03-09
EMP00364,Oscar,Pall,Female,1996-10-16
EMP00365,Indrajit,Kibe,Female,1982-11-05
EMP00366,Brinda,Sangha,Female,1993-12-29
EMP00367,Bakhshi,Bhalla,Male,1987-12-26
EMP00368,Kritika,Vasa,Female,1984-08-13
EMP00369,Vedhika,Srinivasan,Male,1982-12-27
EMP00370,Brijesh,Narain,Female,1983-09-07
EMP00371,Falan,Deol,Female,1997-07-10
EMP00372,Oeshi,Divan,Female,1981-06-23
EMP00373,Amaira,Panchal,Male,1984-12-21
EMP00374,Hiral,Chanda,Male,1988-06-15
EMP00375,Umang,Bhatia,Female,1973-03-30
EMP00376,George,Bath,Male,1993-07-14
EMP00377,Akshay,Pandey,Female,1988-07-06
EMP00378,Adweta,Ghose,Female,1992-11-15
EMP00379,Keya,Datta,Male,1991-11-27
EMP00380,Azaan,Sane,Male,1997-03-29
EMP00381,Anita,Warrior,Male,1989-07-28
EMP00382,Damyanti,Pillai,Male,1984-10-30
EMP00383,Victor,Malhotra,Male,1987-06-10
EMP00384,Naveen,Shah,Male,1987-07-23
EMP00385,Omkaar,Gill,Female,1985-11-13
EMP00386,Indali,Singh,Female,1984-02-05
EMP00387,Nathaniel,Manda,Male,2000-03-30
EMP00388,Rachana,Ratta,Female,2001-03-30
EMP00389,Patrick,Palla,Male,1983-01-21
EMP00390,Anya,Mistry,Female,1996-08-26
EMP00391,Ikbal,Tandon,Male,1990-11-29
EMP00392,Alexander,Seth,Male,1995-06-18
EMP00393,Mahika,Balasubramanian,Female,1981-04-24
EMP00394,Brinda,Sundaram,Female,1985-11-20
EMP00395,Krish,Kota,Female,1997-09-10
EMP00396,Darika,Padmanabhan,Female,1996-12-24
EMP00397,Umang,Issac,Male,1989-03-22
EMP00398,Siya,Venkataraman,Female,1990-03-30
EMP00399,Ranveer,Mutti,Male,1983-07-29
EMP00400,Vasatika,Raj,Female,1976-12-15
EMP00401,Darsh,Johal,Male,1993-06-25
EMP00402,Krishna,Mutti,Male,1999-11-09
EMP00403,Bishakha,Pandey,Male,1991-09-05
EMP00404,Robert,Majumdar,Male,1981-09-10
EMP00405,Urishilla,Devan,Female,1983-03-18
EMP00406,Darpan,Pall,Female,1992-08-01
EMP00407,Girik,Dyal,Male,1976-06-19
EMP00408,Faras,Memon,Female,1999-12-30
EMP00409,Shivansh,Dixit,Male,1984-10-04
EMP00410,Radhika,Sant,Female,1977-11-22
EMP00411,Raagini,Wason,Female,1992-06-01
EMP00412,Parth,Joshi,Female,1974-05-13
EMP00413,Vrinda,Upadhyay,Male,1997-04-07
EMP00414,Chanchal,Mander,Female,1997-05-27
EMP00415,Yashvi,Bali,Male,1987-10-05
EMP00416,Alka,Thaker,Female,1991-07-31
EMP00417,Naveen,Devan,Male,1999-01-22
EMP00418,Kevin,Bansal,Male,1982-03-31
EMP00419,Suhani,Borde,Male,1992-08-13
EMP00420,Kamala,Pingle,Female,1992-12-27
EMP00421,Fiyaz,Tak,Male,1995-02-16
EMP00422,Darpan,Sehgal,Female,1977-04-19
EMP00423,Sathvik,Jani,Male,1999-11-22
EMP00424,Gauri,Kara,Male,1999-05-31
EMP00425,Jackson,Mitra,Male,1990-10-11
EMP00426,Aadi,Ben,Female,1997-03-30
EMP00427,Darika,Sami,Female,1969-02-05
EMP00428,Michael,Devi,Female,1997-07-06
EMP00429,Lavanya,Bora,Male,1993-05-15
EMP00430,Netra,Pandya,Male,1966-08-28
EMP00431,Kamya,Padmanabhan,Male,1978-09-04
EMP00432,Jackson,Som,Male,1986-04-06
EMP00433,Girindra,Kashyap,Male,1989-11-17
EMP00434,Veer,Ratta,Female,1989-05-13
EMP00435,Ikbal,Prabhakar,Female,1993-02-16
EMP00436,Edhitha,Som,Male,1993-01-17
EMP00437,Ishwar,Uppal,Male,1990-03-14
EMP00438,Faris,Nagi,Female,1990-10-03
EMP00439,Girish,Mitter,Female,1985-03-01
EMP00440,Vyanjana,Tripathi,Male,1986-03-24
EMP00441,Shaurya,Chana,Male,1993-07-22
EMP00442,Naksh,Kuruvilla,Male,1993-10-22
EMP00443,Radha,Brahmbhatt,Female,1998-09-19
EMP00444,Yauvani,Dutta,Male,1987-12-07
EMP00445,Yashica,Bala,Male,1992-07-14
EMP00446,Wazir,Nadig,Male,1994-04-25
EMP00447,Pallavi,Warrior,Female,1988-01-31
EMP00448,Tanveer,Datta,Male,1982-12-06
EMP00449,Qabil,Balay,Female,1975-09-07
EMP00450,Lavanya,Bali,Female,1994-11-18
EMP00451,Saksham,Oommen,Female,1984-12-15
EMP00452,Pallavi,Sami,Female,1994-08-13
EMP00453,Udarsh,Khurana,Female,1973-06-22
EMP00454,Megha,Banerjee,Male,1986-02-13
EMP00455,Ikshita,Barad,Female,1983-10-22
EMP00456,Ati,Borra,Male,1979-02-05
EMP00457,Chandresh,Char,Female,1997-05-13
EMP00458,Barkha,Desai,Female,1987-11-19
EMP00459,Divya,Chander,Male,1990-03-05
EMP00460,Sneha,Seth,Female,1996-07-25
EMP00461,Alexander,Dhillon,Male,1984-03-06
EMP00462,Rudra,Ramachandran,Female,1978-11-07
EMP00463,Udarsh,Munshi,Female,1968-06-28
EMP00464,Karan,Shah,Male,1981-03-12
EMP00465,Indali,Zacharia,Female,1989-04-13
EMP00466,Ishaan,Dada,Male,1984-02-07
EMP00467,Vanya,Bali,Male,2001-01-25
EMP00468,Gaurav,Karnik,Male,1998-12-13
EMP00469,Kala,Menon,Female,1977-10-12
EMP00470,Pratyush,Pal,Male,1983-01-16
EMP00471,Vamakshi,Yohannan,Female,1988-03-29
EMP00472,Gautam,Mitra,Male,1995-05-16
EMP00473,Gaurangi,Iyer,Female,1982-09-14
EMP00474,Bahadurjit,Krishnamurthy,Male,1988-05-14
EMP00475,Falan,Kala,Female,1979-06-18
EMP00476,Anirudh,Srinivasan,Female,1983-02-02
EMP00477,Ikbal,Anand,Female,1990-03-06
EMP00478,Jagrati,Bhatia,Male,2000-10-25
EMP00479,Ira,Deo,Female,1994-11-13
EMP00480,Wridesh,Dalal,Female,1967-01-29
EMP00481,Deepa,Bir,Male,1986-07-08
EMP00482,Zilmil,Kara,Male,1988-01-24
EMP00483,Pooja,Korpal,Male,1992-12-26
EMP00484,Ayushman,Basu,Female,1979-06-23
EMP00485,Amruta,Sodhi,Male,1986-10-30
EMP00486,Sudiksha,Shan,Male,1994-09-13
EMP00487,Guneet,Chandran,Male,1990-01-17
EMP00488,Yash,Mahal,Female,1970-09-29
EMP00489,Yochana,Raj,Female,1978-06-06
EMP00490,Onkar,Vig,Female,1995-04-17
EMP00491,Warinder,Gill,Female,1999-04-06
EMP00492,Yagnesh,Thakkar,Female,1979-05-24
EMP00493,Krish,Parmer,Male,1986-05-11
EMP00494,Frederick,Sidhu,Male,1964-04-09
EMP00495,Suhani,Narain,Male,1992-06-12
EMP00496,Lipika,Nagarajan,Female,1987-07-29
EMP00497,Aachal,Kumer,Female,1975-11-14
EMP00498,Dayamai,Lalla,Male,1987-11-23
EMP00499,Ati,Dass,Female,1996-11-13
EMP00500,Kashvi,Bajaj,Female,1966-08-29
EMP00501,Tamanna,Sabharwal,Male,1993-06-06
EMP00502,Ayush,Choudhary,Male,1987-01-28
EMP00503,Waida,Dyal,Male,2001-09-01
EMP00504,Neha,Sethi,Male,1973-10-18
EMP00505,Manbir,Palla,Male,1997-05-11
EMP00506,Vrinda,Dave,Male,1991-12-26
EMP00507,Arya,Pillay,Male,1981-11-23
EMP00508,Timothy,Dhar,Female,1977-02-06
EMP00509,Raagini,Bir,Female,1990-05-09
EMP00510,Anvi,Ghosh,Female,2000-07-31
EMP00511,Umang,Loke,Male,1977-04-11
EMP00512,Vinaya,Sengupta,Male,1981-08-24
EMP00513,Veer,Pathak,Male,1997-04-05
EMP00514,Yug,Sanghvi,Male,1988-02-05
EMP00515,Nidhi,Bansal,Male,1976-12-16
EMP00516,Yashodhara,Nagarajan,Female,1980-09-19
EMP00517,Suhani,Manda,Female,1991-04-28
EMP00518,Guneet,Misra,Male,1978-06-15
EMP00519,Yoshita,Natt,Male,1970-01-23
EMP00520,Ekta,Buch,Male,1998-02-11
EMP00521,Hitesh,Sarkar,Male,1986-02-05
EMP00522,Anmol,Karan,Female,1989-09-29
EMP00523,Aarna,Dora,Female,1978-09-14
EMP00524,Damini,Bose,Female,1994-02-12
EMP00525,Osha,Bhasin,Male,1989-11-25
EMP00526,Sai,Raja,Male,1986-05-07
EMP00527,Nitesh,Peri,Female,1976-02-16
EMP00528,Kavya,Parmer,Male,1998-06-27
EMP00529,Forum,Chandran,Male,1978-11-08
EMP00530,Anay,Borah,Male,1983-08-15
EMP00531,Vyanjana,Wali,Female,1968-06-10
EMP00532,Michael,Yogi,Female,1993-09-07
EMP00533,Frederick,Lad,Male,1993-09-20
EMP00534,Ayaan,Narayan,Female,1986-09-13
EMP00535,Ekalinga,Gaba,Male,1987-04-14
EMP00536,Tripti,Bera,Male,1987-03-03
EMP00537,Ekansh,Zacharia,Male,1985-12-16
EMP00538,Veer,Banik,Male,1999-01-15
EMP00539,Warjas,Shah,Female,1994-02-13
EMP00540,Champak,Bahl,Male,1986-07-17
EMP00541,Manthan,Dora,Female,1989-11-19
EMP00542,Amol,Basak,Female,1980-03-31
EMP00543,Abdul,Jaggi,Female,1994-03-18
EMP00544,Aarnav,Sachdev,Male,1994-04-11
EMP00545,Sai,Ravi,Male,1975-01-08
EMP00546,Sneha,Bhardwaj,Male,1985-03-08
EMP00547,Darpan,Sodhi,Female,1993-04-05
EMP00548,Mohammed,Mandal,Female,1981-11-06
EMP00549,Jagat,Khurana,Male,1977-03-25
EMP00550,Samar,Shere,Male,1997-03-16
EMP00551,Kritika,Gopal,Female,1982-08-02
EMP00552,Omya,Mutti,Male,1987-04-09
EMP00553,Lopa,Panchal,Male,1985-06-09
EMP00554,Chaman,Lala,Male,1982-11-29
EMP00555,Triya,Bajaj,Male,1981-04-01
EMP00556,Chandran,Bakshi,Male,1996-01-23
EMP00557,Maanav,More,Male,2002-03-11
EMP00558,Jatin,Palan,Male,1981-08-26
EMP00559,Riya,Keer,Female,1985-10-28
EMP00560,Jhalak,Dewan,Male,1983-08-15
EMP00561,Radha,Shah,Female,1978-10-01
EMP00562,Nidra,Bhardwaj,Male,1977-03-06
EMP00563,Aarnav,Bains,Female,1982-11-09
EMP00564,Laksh,Mitter,Male,1987-11-05
EMP00565,Chaitanya,Kale,Male,1988-01-29
EMP00566,Madhavi,Bhatti,Female,1982-09-13
EMP00567,Diya,Vora,Female,1984-05-28
EMP00568,Avni,Mani,Male,1987-10-16
EMP00569,Simon,Pillai,Female,1986-04-25
EMP00570,Jagvi,Chad,Male,1970-04-12
EMP00571,Lila,Kakar,Male,1984-06-01
EMP00572,Pooja,Sane,Male,1994-09-26
EMP00573,Prisha,Dyal,Male,1983-08-23
EMP00574,Idika,Nanda,Male,1977-05-04
EMP00575,Ijaya,Batta,Female,1987-12-26
EMP00576,Yatin,Ratti,Female,1987-07-14
EMP00577,Ekapad,Deep,Female,1991-05-29
EMP00578,Lekha,Parmar,Female,1991-04-17
EMP00579,Abha,Chowdhury,Female,1985-10-05
EMP00580,Gavin,Dani,Male,1988-06-16
EMP00581,Hemangini,Majumdar,Male,1981-06-08
EMP00582,Aadi,Grewal,Female,1990-07-31
EMP00583,Amruta,Natarajan,Female,1987-10-21
EMP00584,Oeshi,Dhingra,Male,1986-03-17
EMP00585,Nandini,Thaker,Male,1982-12-30
EMP00586,Vrishti,Lata,Female,1991-09-03
EMP00587,Zilmil,Ahluwalia,Male,1985-04-07
EMP00588,Eiravati,Aurora,Male,1992-02-25
EMP00589,Garima,Dada,Female,2001-07-05
EMP00590,Shivani,Verma,Male,1995-05-08
EMP00591,Aishani,Munshi,Male,1981-01-06
EMP00592,Anthony,Comar,Male,1990-03-11
EMP00593,Jeevika,Gola,Female,1983-11-16
EMP00594,David,Deep,Male,1998-06-29
EMP00595,Vasudha,Narayanan,Male,1989-04-21
EMP00596,Praneel,Khosla,Male,1995-11-02
EMP00597,Unni,Chaudhary,Female,1998-01-07
EMP00598,Vedhika,Palla,Female,1983-07-29
EMP00599,Urvi,Char,Male,1986-12-13
EMP00600,Kalpit,Thakkar,Female,1991-04-09
EMP00601,Ira,Dewan,Male,1995-04-26
EMP00602,Kai,Dass,Female,1991-02-07
EMP00603,Manthan,Rai,Male,1981-06-17
EMP00604,Hardik,Ramakrishnan,Female,1984-08-09
EMP00605,Liam,Sachdeva,Male,1984-07-14
EMP00606,Zinal,Narain,Female,1990-05-01
EMP00607,Netra,Suresh,Male,1992-06-17
EMP00608,Tanay,Sant,Female,1997-04-10
EMP00609,Waida,Tara,Female,1997-09-30
EMP00610,Chaman,Soni,Female,1993-10-27
EMP00611,Viraj,Konda,Female,1979-02-14
EMP00612,Deepa,Chaudry,Male,1983-05-12
EMP00613,Jason,Sarraf,Male,1986-09-21
EMP00614,Girish,Mammen,Male,1989-11-10
EMP00615,Mason,Datta,Male,1989-12-14
EMP00616,Naksh,Dhar,Male,1996-07-07
EMP00617,Gaurav,Kota,Male,1993-03-22
EMP00618,Aadi,Kant,Female,1984-05-22
EMP00619,Charan,Garg,Male,1986-05-17
EMP00620,Udyati,Verma,Female,1988-04-12
EMP00621,Chaitanya,Samra,Female,1989-09-15
EMP00622,Ladli,Guha,Female,1996-10-24
EMP00623,Akshay,Narayanan,Male,1986-07-06
EMP00624,Nidra,Panchal,Male,1968-03-04
EMP00625,Deepa,Nazareth,Male,1990-11-27
EMP00626,Tamanna,Manne,Female,1981-12-05
EMP00627,Eesha,Chaudhuri,Male,1994-03-28
EMP00628,Yamini,Koshy,Male,1984-08-25
EMP00629,Wishi,Kuruvilla,Male,1986-05-21
EMP00630,Avi,Desai,Female,1985-08-06
EMP00631,Balendra,Gole,Male,1985-10-01
EMP00632,Aishani,Yadav,Female,1987-05-03
EMP00633,Om,Cheema,Female,1992-08-27
EMP00634,Isha,Rout,Male,1990-05-24
EMP00635,Tristan,Gara,Male,1972-03-14
EMP00636,Bishakha,Sinha,Male,1990-05-09
EMP00637,Jagvi,Tandon,Female,1969-04-19
EMP00638,Mohini,Palla,Male,1985-08-06
EMP00639,Falguni,Kadakia,Female,1986-03-27
EMP00640,Mekhala,Dar,Female,1995-05-18
EMP00641,Ladli,Goel,Female,1995-01-15
EMP00642,Krish,Bhatti,Male,1989-11-10
EMP00643,Anvi,Bajaj,Male,2000-12-13
EMP00644,Dalaja,Bhargava,Male,1988-01-10
EMP00645,Isha,Comar,Male,1985-07-23
EMP00646,Dayita,Banerjee,Male,1994-05-15
EMP00647,Falak,Baral,Male,1974-01-14
EMP00648,Upma,Wagle,Male,1971-11-26
EMP00649,Niharika,Bhatnagar,Male,1988-10-16
EMP00650,Jagat,Kata,Female,1965-04-03
EMP00651,Hardik,Jani,Male,1986-05-18
EMP00652,Farhan,Mangat,Female,1991-09-13
EMP00653,Zayan,Balan,Male,1977-05-31
EMP00654,Chandani,Viswanathan,Female,1983-05-25
EMP00655,Nandini,Chand,Female,1990-12-02
EMP00656,Netra,Wali,Female,1988-06-05
EMP00657,Sara,Patel,Male,1982-09-08
EMP00658,Ekta,Sridhar,Male,1993-07-30
EMP00659,Anvi,Sharaf,Female,1986-04-14
EMP00660,Lakshit,Varty,Female,1976-04-03
EMP00661,Raksha,Buch,Female,1974-02-02
EMP00662,Panini,Salvi,Female,1994-02-12
EMP00663,Harinakshi,Om,Male,1996-04-07
EMP00664,Chakrika,Oza,Male,1985-05-12
EMP00665,Shivansh,Ratti,Male,1983-12-11
EMP00666,Anya,Ganesh,Female,1980-05-24
EMP00667,Jonathan,Ramanathan,Male,1994-06-13
EMP00668,Dalaja,Sarma,Male,1992-04-28
EMP00669,Yug,Barman,Female,1985-02-13
EMP00670,Finn,Kaur,Male,1972-03-09
EMP00671,Wyatt,Nair,Male,1987-02-14
EMP00672,Ishanvi,Sankar,Male,1998-11-11
EMP00673,Patrick,Yadav,Female,1997-01-07
EMP00674,Gavin,Vora,Female,1987-05-02
EMP00675,Anmol,Rajan,Male,1995-05-22
EMP00676,Dhriti,Bala,Female,1990-09-13
EMP00677,Rachita,Acharya,Male,1971-10-14
EMP00678,Brinda,Rau,Female,1970-07-11
EMP00679,Geetika,Mistry,Male,1990-01-31
EMP00680,Azad,Bhasin,Male,1983-02-28
EMP00681,Mekhala,Tiwari,Male,1988-04-27
EMP00682,Ethan,Chad,Female,1979-11-28
EMP00683,Janani,Sharma,Male,1984-06-28
EMP00684,Mohammed,Swamy,Female,1999-08-22
EMP00685,Hardik,Vala,Male,1989-04-22
EMP00686,Kala,Gole,Male,1982-07-15
EMP00687,Yahvi,Deshmukh,Male,1990-07-27
EMP00688,Suhani,Jani,Female,1993-08-11
EMP00689,Jalsa,Khatri,Male,1985-05-20
EMP00690,Vincent,Joshi,Female,1985-10-14
EMP00691,Yamini,Bajwa,Male,1990-09-15
EMP00692,Hardik,Char,Female,1983-10-19
EMP00693,Gaurangi,Munshi,Male,1995-08-30
EMP00694,Madhavi,Dhillon,Male,1982-02-15
EMP00695,Zarna,Som,Female,1984-06-19
EMP00696,Ridhi,Tailor,Male,1988-08-24
EMP00697,Vedhika,Kumar,Male,1984-12-10
EMP00698,Urvi,Solanki,Female,1984-08-13
EMP00699,Arjun,Prasad,Female,1982-04-16
EMP00700,Varsha,Saraf,Female,1988-06-07
EMP00701,Ekani,Minhas,Female,1990-03-11
EMP00702,Bhavika,Hayre,Female,1995-02-27
EMP00703,Ryan,Nayak,Male,1974-10-10
EMP00704,Nitesh,Dara,Male,1980-09-17
EMP00705,Aarnav,Manda,Male,1990-07-06
EMP00706,Zilmil,Dutt,Female,1991-04-11
EMP00707,Naksh,Upadhyay,Female,1979-05-12
EMP00708,Mitali,Shenoy,Male,1984-04-14
EMP00709,Adya,Tiwari,Female,1991-02-23
EMP00710,Urishilla,Sachdev,Female,1986-09-11
EMP00711,Libni,Khurana,Female,1994-01-22
EMP00712,Ladli,Pandey,Male,1983-12-01
EMP00713,Anusha,Pall,Male,1980-12-28
EMP00714,Aarna,Rout,Male,1980-08-30
EMP00715,Anthony,Mishra,Male,1991-03-31
EMP00716,Matthew,Chad,Female,1996-01-02
EMP00717,Kamala,Karan,Male,1977-05-10
EMP00718,Udyati,Sabharwal,Female,1984-05-19
EMP00719,Alka,Soman,Male,1992-08-28
EMP00720,Krishna,Pillai,Female,1981-02-09
EMP00721,Janaki,Upadhyay,Female,1992-10-19
EMP00722,David,Shankar,Female,1994-12-19
EMP00723,Chasmum,Jaggi,Male,1977-01-27
EMP00724,Niharika,Dora,Male,1994-01-19
EMP00725,Rayaan,Tailor,Male,1999-10-13
EMP00726,Vaishnavi,Natt,Male,1987-03-06
EMP00727,Jasmit,Yogi,Female,1984-08-27
EMP00728,Aachal,Kibe,Male,1995-09-05
EMP00729,Eesha,Dara,Male,1997-05-05
EMP00730,Simon,Salvi,Male,1988-10-08
EMP00731,Tanveer,Dugal,Male,1989-05-06
EMP00732,Omkaar,Ben,Female,1998-12-17
EMP00733,Faras,Zachariah,Male,1971-07-02
EMP00734,Vamakshi,Murthy,Female,1985-12-30
EMP00735,Manya,Mukherjee,Female,1999-07-10
EMP00736,Chandresh,Balay,Male,1984-12-21
EMP00737,Eta,Lad,Male,1985-07-27
EMP00738,Aadhya,Sawhney,Male,1985-06-21
EMP00739,Agastya,Patil,Male,1968-05-04
EMP00740,Niharika,Kamdar,Male,1984-08-05
EMP00741,Nicholas,Prashad,Male,1989-04-26
EMP00742,Leela,Agate,Female,1991-09-22
EMP00743,Sudiksha,Bhargava,Female,1987-09-09
EMP00744,Jhalak,Majumdar,Male,1995-06-23
EMP00745,Vasana,Tank,Male,1967-05-21
EMP00746,Turvi,Arora,Male,1992-08-08
EMP00747,Garima,Shanker,Male,2000-03-26
EMP00748,Sara,Bhatti,Female,1999-08-31
EMP00749,Chaitanya,Sood,Female,1981-07-07
EMP00750,Nidra,Deep,Female,1978-02-19
EMP00751,Ronith,Shere,Female,1981-03-21
EMP00752,Dominic,Bhardwaj,Female,1973-03-27
EMP00753,Yoshita,Kakar,Female,1979-03-28
EMP00754,Isaac,Narain,Male,1990-06-29
EMP00755,Yochana,Biswas,Male,1991-10-20
EMP00756,Azad,Barman,Female,1987-05-13
EMP00757,Frederick,Butala,Male,1997-06-30
EMP00758,Arin,Sahni,Female,1989-11-17
EMP00759,Girindra,Bal,Male,1988-02-12
EMP00760,Vincent,Pandey,Female,1984-10-22
EMP00761,Arunima,Devi,Female,1966-11-13
EMP00762,Leena,Swaminathan,Female,1998-07-13
EMP00763,Rayaan,Sandal,Male,1995-01-07
EMP00764,Maya,Kala,Male,1984-02-17
EMP00765,Theodore,Munshi,Male,1986-02-20
EMP00766,Yashawini,Pant,Male,1982-10-27
EMP00767,Advik,Roy,Male,1999-03-08
EMP00768,Bhavna,Ramakrishnan,Male,1984-03-09
EMP00769,Vedant,Tandon,Male,1992-01-16
EMP00770,Xavier,Bail,Female,1983-08-07
EMP00771,Ekiya,Pau,Male,1986-11-21
EMP00772,Saksham,Mandal,Male,1970-08-30
EMP00773,Noah,Peri,Male,1986-05-21
EMP00774,Siddharth,Issac,Female,1975-05-04
EMP00775,Amaira,Rout,Female,1985-10-30
EMP00776,Turvi,Pandit,Female,1995-09-06
EMP00777,Pavani,Ram,Male,1987-05-21
EMP00778,Daniel,Choudhry,Male,1989-07-09
EMP00779,Yuvraj,Garde,Male,1991-02-25
EMP00780,Vihaan,Mander,Male,1984-01-03
EMP00781,Vansha,Kara,Male,1984-07-24
EMP00782,Maya,Ramanathan,Female,1999-08-16
EMP00783,Madhav,Chakrabarti,Male,1979-11-16
EMP00784,Anya,Pal,Female,1975-09-14
EMP00785,Anay,Sen,Male,1983-05-05
EMP00786,Ethan,Mani,Female,2000-02-06
EMP00787,Idika,Nagarajan,Male,1967-04-01
EMP00788,Triya,Ahluwalia,Female,1991-02-21
EMP00789,Bishakha,Mutti,Male,1985-06-06
EMP00790,Urvi,Sagar,Male,1996-07-27
EMP00791,Ijaya,Gala,Male,1987-11-08
EMP00792,Onkar,Mahal,Female,1997-09-24
EMP00793,Zashil,Goel,Female,1996-04-16
EMP00794,Baghyawati,Ramachandran,Male,1989-03-28
EMP00795,Nidhi,Jaggi,Male,1997-09-14
EMP00796,Aradhana,Banerjee,Female,1993-06-12
EMP00797,Wazir,Oza,Female,1986-08-08
EMP00798,Udarsh,Kalla,Male,1974-04-09
EMP00799,Nakul,Bala,Female,1983-11-30
EMP00800,Ekaja,Badal,Female,1976-11-21
EMP00801,Waida,Jayaraman,Female,1995-05-08
EMP00802,Mugdha,Bawa,Male,1982-09-24
EMP00803,Radha,Krishna,Female,1994-08-07
EMP00804,Panini,Chandra,Male,1984-10-09
EMP00805,Chameli,Mammen,Female,1979-04-19
EMP00806,Turvi,Ramanathan,Male,1980-06-13
EMP00807,Urishilla,Sandhu,Male,1995-12-07
EMP00808,Rishi,Manne,Female,1961-11-08
EMP00809,Nathan,Madan,Male,1986-03-22
EMP00810,Hamsini,Rattan,Male,1986-07-27
EMP00811,Mohini,Savant,Male,2001-11-17
EMP00812,Alka,Mane,Male,1996-03-26
EMP00813,Turvi,Vala,Male,1969-02-02
EMP00814,Vyanjana,Pillai,Male,1993-10-21
EMP00815,Watika,Mitter,Female,1977-07-12
EMP00816,Baghyawati,Dyal,Male,1981-09-19
EMP00817,Praneel,Minhas,Male,1983-06-28
EMP00818,Irya,Arya,Male,1990-05-19
EMP00819,Yamini,Narasimhan,Male,1981-07-01
EMP00820,Anusha,Majumdar,Male,1991-08-23
EMP00821,Yashica,Seshadri,Male,1993-02-22
EMP00822,Tejas,Palan,Female,1982-11-24
EMP00823,Raghav,Khare,Female,1990-08-27
EMP00824,Kavya,Chandra,Male,1989-02-10
EMP00825,Dakshesh,Anne,Male,2002-02-16
EMP00826,Kiaan,Bobal,Female,1988-07-11
EMP00827,Banjeet,Contractor,Male,1996-08-17
EMP00828,Vasatika,Keer,Male,1990-07-10
EMP00829,Isha,Kibe,Male,1990-01-18
EMP00830,Vrishti,Swaminathan,Male,1988-01-01
EMP00831,Upma,Sheth,Female,1997-03-21
EMP00832,Kabir,Mannan,Male,1983-02-05
EMP00833,Harita,Nagi,Female,1989-10-06
EMP00834,Pallavi,Prakash,Female,1985-03-31
EMP00835,Gavin,Loyal,Male,1998-05-21
EMP00836,Utkarsh,Mangat,Male,1982-07-26
EMP00837,Varsha,Dua,Male,1996-08-15
EMP00838,Brinda,Nair,Male,1997-08-24
EMP00839,Jhalak,Bahri,Female,1983-11-03
EMP00840,Damyanti,Bobal,Female,1988-06-18
EMP00841,Kala,Narayan,Male,1996-10-12
EMP00842,Meghana,Palla,Female,1979-07-17
EMP00843,Alka,Tiwari,Female,1980-02-22
EMP00844,Urmi,Saha,Female,2002-09-05
EMP00845,Oeshi,Sami,Male,1983-04-01
EMP00846,Oliver,Sahota,Male,1986-03-18
EMP00847,Shivani,Boase,Female,1984-04-25
EMP00848,Aarush,Bhat,Female,1994-07-05
EMP00849,Nirja,Deshpande,Female,1992-03-17
EMP00850,Advik,Bakshi,Female,1972-03-25
EMP00851,Laban,Lall,Male,1991-06-20
EMP00852,Omaja,Loke,Female,1989-02-12
EMP00853,Indali,Bhat,Female,1989-02-07
EMP00854,Wahab,Shan,Male,1989-06-17
EMP00855,Pooja,Iyer,Female,1999-05-16
EMP00856,Aradhana,Buch,Male,1998-09-07
EMP00857,Janya,Kaur,Male,1984-11-16
EMP00858,Urvi,Mall,Male,1993-05-06
EMP00859,Zaitra,Ghosh,Female,1978-01-06
EMP00860,Panini,Deshpande,Male,1992-01-15
EMP00861,Lucky,Varma,Male,1967-07-28
EMP00862,Bachittar,Lad,Male,1998-11-23
EMP00863,Unnati,Buch,Female,1988-12-22
EMP00864,Rachita,Ganesh,Male,1986-01-08
EMP00865,Charvi,Morar,Male,1995-11-05
EMP00866,Chatresh,Ravel,Female,1989-02-28
EMP00867,Turvi,Sehgal,Male,1987-03-01
EMP00868,Siddharth,Puri,Female,1986-02-12
EMP00869,Madhavi,Mohanty,Female,1996-10-09
EMP00870,Prisha,Dave,Female,1999-06-02
EMP00871,Falak,Bahri,Male,1991-12-17
EMP00872,Nihal,Vora,Male,1988-08-19
EMP00873,Ikshita,Viswanathan,Male,1993-02-15
EMP00874,Gaurika,Johal,Male,1988-11-06
EMP00875,Max,Desai,Male,1975-08-25
EMP00876,Samarth,Subramanian,Male,1989-06-27
EMP00877,Henry,Balasubramanian,Female,1983-12-28
EMP00878,Vasudha,Rastogi,Female,1991-12-28
EMP00879,Mohini,Bhattacharyya,Male,1989-04-28
EMP00880,Darika,Mallick,Female,1989-12-24
EMP00881,Arya,Ramakrishnan,Male,1994-07-17
EMP00882,Dalaja,Golla,Female,1996-07-14
EMP00883,Ojas,Natarajan,Male,1977-05-03
EMP00884,Bakhshi,Pandey,Male,1988-02-09
EMP00885,Jalsa,Parekh,Female,1987-06-11
EMP00886,Nitesh,Parmer,Female,1992-03-13
EMP00887,Finn,Balan,Female,1991-02-01
EMP00888,Champak,Borde,Female,1984-08-25
EMP00889,Adweta,Talwar,Female,1993-04-08
EMP00890,Isha,Bose,Male,1994-09-13
EMP00891,Gavin,Salvi,Male,1993-11-25
EMP00892,Aadi,Nagi,Female,1992-04-23
EMP00893,Pushti,Lanka,Male,1993-10-25
EMP00894,Shaurya,Vyas,Male,1981-02-23
EMP00895,Samaksh,Sibal,Female,1983-05-10
EMP00896,Chaman,Dhar,Female,1989-09-02
EMP00897,Radha,Char,Male,1989-06-13
EMP00898,Urvashi,Nagarajan,Male,1994-12-14
EMP00899,Eesha,Balay,Male,1996-02-09
EMP00900,Yamini,Kara,Female,1994-12-02
EMP00901,Sudiksha,Jhaveri,Female,1980-10-07
EMP00902,Ishita,Jaggi,Female,1986-07-26
EMP00903,Benjamin,Tara,Male,1996-03-11
EMP00904,Damini,Kari,Female,1996-06-26
EMP00905,Kalpit,Murty,Male,1995-01-20
EMP00906,Ekta,Apte,Male,1989-08-14
EMP00907,Ekaja,Char,Male,1999-05-12
EMP00908,Wridesh,Venkatesh,Female,1985-03-24
EMP00909,Anthony,Mital,Male,1969-08-25
EMP00910,Amrita,Joshi,Male,1976-03-18
EMP00911,Maanas,Gupta,Female,1970-03-06
EMP00912,Janani,Sawhney,Female,1975-03-16
EMP00913,Maanav,Mohan,Female,1997-09-15
EMP00914,Pooja,Deshpande,Female,1983-03-28
EMP00915,Vivaan,Gupta,Female,1990-12-05
EMP00916,Yash,Guha,Female,1991-01-31
EMP00917,Sarthak,Majumdar,Female,1988-11-13
EMP00918,Nisha,Sarin,Male,1998-07-19
EMP00919,Qarin,Pandit,Male,1983-12-29
EMP00920,Manan,Ganguly,Male,1969-03-06
EMP00921,Bhavika,Manda,Female,1969-07-01
EMP00922,Alexander,Deo,Female,1984-08-24
EMP00923,Veda,Sibal,Female,2001-08-16
EMP00924,Umang,Shenoy,Female,1993-07-01
EMP00925,Advay,Venkataraman,Male,1987-03-19
EMP00926,Quincy,Wable,Female,1993-09-13
EMP00927,Januja,Banik,Female,1997-08-11
EMP00928,Shravya,Seshadri,Female,1976-01-30
EMP00929,Qadim,Morar,Male,1975-01-11
EMP00930,Krish,Mitra,Female,2002-12-09
EMP00931,Jagvi,Nazareth,Male,1981-02-05
EMP00932,Amrita,Rout,Female,1998-09-01
EMP00933,Sachi,Bahri,Male,1990-10-12
EMP00934,Karan,Ganesan,Female,1997-09-05
EMP00935,Krish,Narain,Male,1979-10-16
EMP00936,Nilima,Swamy,Female,1984-02-26
EMP00937,Libni,Ravi,Male,1990-06-12
EMP00938,Libni,Kibe,Male,1985-08-10
EMP00939,Samar,Rana,Male,2001-11-26
EMP00940,Hemal,Shah,Male,1986-10-03
EMP00941,Bakhshi,Issac,Male,1978-10-25
EMP00942,Nimrat,Ramaswamy,Male,1993-09-01
EMP00943,Aarav,Andra,Female,1984-03-19
EMP00944,Zarna,Padmanabhan,Male,1986-10-06
EMP00945,Xavier,Dey,Male,1971-10-11
EMP00946,Maanav,Mannan,Male,1964-01-12
EMP00947,Omya,Nanda,Male,1994-03-08
EMP00948,Zaitra,Chaudhary,Male,1994-10-06
EMP00949,Tanay,Raman,Female,1990-09-29
EMP00950,Warhi,Sunder,Male,1984-01-30
EMP00951,Hemal,Nath,Male,1985-01-12
EMP00952,Indrajit,Chopra,Male,1988-10-30
EMP00953,Saanvi,Kari,Male,1998-08-01
EMP00954,Watika,Seshadri,Male,1985-10-15
EMP00955,Oscar,Ganesan,Male,1997-09-26
EMP00956,Manan,Bhat,Male,1997-01-29
EMP00957,Gauri,Lall,Female,1995-11-30
EMP00958,Qadim,Dhingra,Female,1987-12-25
EMP00959,Kalpit,Menon,Male,1992-09-24
EMP00960,Dipta,Mukhopadhyay,Male,1984-07-25
EMP00961,Bhavya,Suresh,Male,1999-09-04
EMP00962,Manya,Khosla,Female,1994-01-08
EMP00963,Siya,Pathak,Male,1983-12-07
EMP00964,Urmi,Shan,Female,1980-05-14
EMP00965,Barkha,Kannan,Female,1968-01-10
EMP00966,Damini,Vasa,Male,1991-05-12
EMP00967,Janaki,Randhawa,Female,1988-01-04
EMP00968,Bachittar,Varughese,Male,1987-02-11
EMP00969,Simon,Choudhary,Male,2000-11-25
EMP00970,Wyatt,Varkey,Male,1978-09-13
EMP00971,Vedant,Iyengar,Female,1987-10-29
EMP00972,Libni,Jani,Female,1998-05-16
EMP00973,Nilima,Sampath,Female,1993-09-10
EMP00974,Nathan,Thaman,Female,2000-10-20
EMP00975,Yochana,Som,Male,1985-09-19
EMP00976,Divya,Lall,Female,1971-11-27
EMP00977,Chakradev,Om,Male,1995-07-21
EMP00978,Bishakha,Dhar,Male,1986-04-13
EMP00979,Anya,Oza,Female,1992-09-07
EMP00980,Krisha,Kale,Male,1997-10-07
EMP00981,Chandresh,Ghose,Female,1987-01-14
EMP00982,Advika,Rastogi,Female,1984-02-07
EMP00983,Charan,Jaggi,Male,1979-03-18
EMP00984,Guneet,Krishnan,Female,1992-07-09
EMP00985,Gunbir,Rastogi,Female,1989-10-11
EMP00986,Hemal,Goel,Male,1987-04-09
EMP00987,Chandresh,Prabhakar,Male,1971-04-06
EMP00988,Triveni,Kala,Female,1984-07-11
EMP00989,Naveen,Rastogi,Male,1993-12-23
EMP00990,Aryan,Ranganathan,Male,1970-05-23
EMP00991,Falan,Narula,Female,1990-11-18
EMP00992,Logan,Kumar,Male,1972-06-21
EMP00993,Saumya,Sant,Male,1991-12-19
EMP00994,Charan,Kamdar,Male,1970-05-02
EMP00995,Watika,Khatri,Female,1983-09-17
EMP00996,Ria,Shetty,Female,1995-10-05
EMP00997,Chandresh,Nagarajan,Female,1990-12-29
EMP00998,Brinda,Jain,Female,2001-05-16
EMP00999,Tara,Sundaram,Male,1981-05-24
EMP01000,Dhruv,Tiwari,Male,1987-12-13
EMP01001,Gaurav,Madan,Female,1980-01-02
EMP01002,Irya,Yadav,Female,1988-06-02
EMP01003,Yochana,Agrawal,Male,1989-01-10
EMP01004,Yoshita,Kothari,Male,1994-08-10
EMP01005,Agastya,Goyal,Female,1996-11-09
EMP01006,Ayaan,Devan,Male,1979-10-05
EMP01007,Lopa,Gandhi,Male,1975-02-08
EMP01008,Odika,Khanna,Male,1978-10-22
EMP01009,Falak,Ahluwalia,Female,1968-02-01
EMP01010,Anya,Kumar,Male,1987-09-18
EMP01011,Jairaj,Thakur,Female,1982-03-15
EMP01012,Amruta,Setty,Female,1987-03-08
EMP01013,Ekansh,Sarma,Male,1974-05-06
EMP01014,Ekaraj,Arora,Female,1998-07-12
EMP01015,Aashi,Mallick,Male,1976-02-17
EMP01016,Udyati,Pau,Female,1981-09-14
EMP01017,Bachittar,Cherian,Female,2000-09-16
EMP01018,Brinda,Munshi,Male,1985-08-31
EMP01019,Jackson,Purohit,Female,1985-08-24
EMP01020,Samuel,Koshy,Female,1995-02-21
EMP01021,Vivaan,Ramanathan,Male,1990-09-15
EMP01022,Kala,Kalla,Female,1994-05-10
EMP01023,Priya,Agate,Female,1994-07-14
EMP01024,Unnati,Viswanathan,Male,1993-06-18
EMP01025,Inaya,Chaudhry,Male,1979-05-28
EMP01026,Aachal,Halder,Female,1987-10-24
EMP01027,Bhavika,Saxena,Male,1981-05-18
EMP01028,Zashil,Chopra,Female,1991-12-15
EMP01029,Maanas,Andra,Male,1994-05-14
EMP01030,Gaurav,Mannan,Male,1984-12-14
EMP01031,Tanmayi,Thakkar,Male,1993-10-04
EMP01032,Pahal,Chacko,Male,1988-09-13
EMP01033,Quincy,Datta,Male,1991-08-25
EMP01034,Akshay,Kade,Male,2001-09-19
EMP01035,Aradhana,Kannan,Male,1996-09-11
EMP01036,Advika,Narasimhan,Female,1992-09-15
EMP01037,Anita,Bedi,Female,1995-09-03
EMP01038,Gaurang,Patel,Female,1977-03-18
EMP01039,Bina,Dara,Male,2001-04-22
EMP01040,Andrew,Chowdhury,Female,1981-12-17
EMP01041,Radhika,Saini,Female,1979-11-17
EMP01042,Darika,Nagy,Female,1989-01-29
EMP01043,Hitesh,Mitter,Male,1998-02-07
EMP01044,Amruta,Bir,Female,1982-06-27
EMP01045,Wyatt,Munshi,Male,1990-04-06
EMP01046,Zaitra,Kala,Male,1994-01-24
EMP01047,Owen,Handa,Female,2001-11-16
EMP01048,Darika,Deol,Male,1991-06-18
EMP01049,Victor,Master,Male,1979-02-28
EMP01050,Osha,Deep,Male,1975-12-11
EMP01051,Anthony,Lall,Male,1979-08-14
EMP01052,Anjali,Sankar,Female,1980-07-10
EMP01053,Jagrati,Sundaram,Female,1983-09-24
EMP01054,Balhaar,Narain,Female,1997-06-15
EMP01055,Mohammed,Ramachandran,Female,1987-02-01
EMP01056,Zehaan,Jhaveri,Female,1998-05-25
EMP01057,Jeevika,Vasa,Male,1977-08-31
EMP01058,Adya,Venkatesh,Female,1992-04-06
EMP01059,Udarsh,Keer,Female,1970-09-21
EMP01060,Avni,Garde,Female,1984-07-08
EMP01061,Bachittar,Pandit,Male,1986-11-01
EMP01062,Harrison,Suresh,Female,1989-12-05
EMP01063,Ati,Joshi,Male,2001-05-10
EMP01064,Deepa,Rama,Female,1996-12-18
EMP01065,Charles,Goel,Female,1991-05-23
EMP01066,Chatura,Ratti,Female,1994-03-07
EMP01067,Tamanna,Pant,Female,1989-11-29
EMP01068,Bahadurjit,Chaudhary,Female,1985-04-23
EMP01069,Omaja,Hora,Female,1993-10-27
EMP01070,Neelima,Kalita,Female,1992-12-12
EMP01071,Chandani,Chana,Male,1997-02-20
EMP01072,Zayyan,Balay,Female,1984-10-01
EMP01073,Kevin,Samra,Male,1996-08-29
EMP01074,Harini,Aurora,Male,1988-03-01
EMP01075,Laksh,Sampath,Male,1987-02-01
EMP01076,Umang,Minhas,Male,1990-12-09
EMP01077,Sneha,Mandal,Female,1981-03-27
EMP01078,Hritik,Bassi,Female,1990-02-02
EMP01079,Samuel,Borah,Male,1986-10-19
EMP01080,Ekaja,Wali,Male,1995-07-14
EMP01081,Faras,Mann,Female,1994-02-27
EMP01082,Yachana,Wagle,Male,1993-11-06
EMP01083,Ijaya,Sharma,Male,1991-11-06
EMP01084,Finn,Goyal,Male,1991-10-12
EMP01085,Deepa,Setty,Female,1988-05-02
EMP01086,Vasatika,Om,Female,1999-03-26
EMP01087,Harsh,Hans,Female,1986-10-31
EMP01088,Orinder,Soni,Male,1994-03-13
EMP01089,Eshana,Merchant,Female,1987-06-08
EMP01090,Leela,Nigam,Male,1999-05-27
EMP01091,Eiravati,Dora,Male,1990-11-17
EMP01092,Bina,Master,Male,1982-02-26
EMP01093,Samarth,Khalsa,Female,1984-09-06
EMP01094,Ganga,Kanda,Male,2001-05-12
EMP01095,Samaksh,Malhotra,Female,1961-07-20
EMP01096,Nandini,Brahmbhatt,Male,1989-10-23
EMP01097,Kritika,Kothari,Female,1999-03-30
EMP01098,Nachiket,Raju,Male,1994-11-20
EMP01099,Chakrika,Devi,Male,1986-02-17
EMP01100,Shivani,Bumb,Female,1985-09-16
EMP01101,Waida,Sheth,Male,1997-07-16
EMP01102,Zayyan,Ray,Male,1997-05-22
EMP01103,Pahal,Sarkar,Female,1981-04-15
EMP01104,Daksha,Srinivasan,Female,1987-07-06
EMP01105,Naksh,Mangal,Male,1995-09-20
EMP01106,Jasmit,Jaggi,Female,1987-08-24
EMP01107,Sachi,Srivastava,Female,1997-10-12
EMP01108,Aryan,Andra,Male,1993-04-20
EMP01109,Omisha,Karnik,Female,1988-01-31
EMP01110,Gautam,Tara,Female,1974-12-29
EMP01111,Odika,Samra,Male,1990-05-05
EMP01112,Damyanti,Nori,Female,1984-10-04
EMP01113,Adweta,Thakkar,Male,1983-04-18
EMP01114,Gopal,Dua,Female,1977-12-21
EMP01115,Darsh,Bora,Female,1995-02-11
EMP01116,Tanveer,Devi,Male,1989-06-13
EMP01117,Mohini,Kakar,Female,1975-02-26
EMP01118,Ekavir,Hora,Female,1981-10-17
EMP01119,Chaaya,Khosla,Female,1980-09-20
EMP01120,Tanish,Agrawal,Male,1983-03-22
EMP01121,Luke,Kanda,Male,2000-05-25
EMP01122,Ryan,Sahota,Male,1968-07-19
EMP01123,Nakul,Garde,Female,1983-10-16
EMP01124,Zayan,Soman,Male,1978-09-12
EMP01125,Charles,Panchal,Male,1997-02-24
EMP01126,Hema,Rajan,Female,1998-01-24
EMP01127,Zaid,Menon,Female,1996-08-25
EMP01128,Mekhala,Halder,Female,1969-03-15
EMP01129,Kai,Rama,Male,1995-03-03
EMP01130,Krishna,Zachariah,Male,1989-07-16
EMP01131,Indrajit,Dalal,Male,1989-09-24
EMP01132,Wahab,Rout,Male,1991-07-20
EMP01133,Jagdish,Oommen,Male,1999-04-06
EMP01134,Harita,Bansal,Female,1998-10-20
EMP01135,Neha,Gole,Female,1986-07-19
EMP01136,Eiravati,Shanker,Female,1984-03-11
EMP01137,Odika,Malhotra,Female,1991-02-22
EMP01138,Thomas,Kata,Male,1972-11-23
EMP01139,Samar,Comar,Male,1980-07-14
EMP01140,Lavanya,Patil,Female,1996-03-24
EMP01141,Dalaja,Sha,Male,1993-05-13
EMP01142,Teerth,Deshmukh,Male,1964-09-09
EMP01143,Diya,Yadav,Male,1988-08-18
EMP01144,Turvi,Varma,Female,1998-01-15
EMP01145,Faqid,Chandran,Male,1994-06-16
EMP01146,Ekta,Puri,Male,1987-05-27
EMP01147,Warinder,Dora,Female,1990-08-22
EMP01148,Yasti,Verma,Female,1982-09-21
EMP01149,Sanaya,Kadakia,Male,1992-11-18
EMP01150,Barkha,Bose,Male,1990-11-16
EMP01151,Dakshesh,Madan,Male,1980-10-13
EMP01152,Naveen,Keer,Male,1987-12-05
EMP01153,Jagrati,Seshadri,Female,1986-04-30
EMP01154,Ishani,Tank,Female,1990-04-19
EMP01155,Jai,Tella,Male,1984-09-23
EMP01156,Janaki,Varghese,Male,1993-04-29
EMP01157,Chakrika,Bhattacharyya,Male,1988-11-27
EMP01158,Thomas,Vora,Male,1997-03-20
EMP01159,Bahadurjit,Tripathi,Male,1982-03-18
EMP01160,Idika,Pandya,Female,1991-10-27
EMP01161,Mahika,Sankar,Female,1997-09-21
EMP01162,Imaran,Prabhakar,Female,1981-05-02
EMP01163,Akshay,Subramaniam,Female,1989-03-24
EMP01164,Qabil,Rana,Male,2000-01-04
EMP01165,Anya,Prabhakar,Male,1978-11-07
EMP01166,Harish,Kulkarni,Female,1973-09-26
EMP01167,Jeremiah,Mitra,Male,1978-12-15
EMP01168,Jason,Ganesan,Male,1980-04-16
EMP01169,Gabriel,Tank,Male,1984-10-29
EMP01170,Yatan,Dixit,Male,1990-06-01
EMP01171,Kalpit,Madan,Male,1983-01-15
EMP01172,Onkar,Pradhan,Male,1993-01-09
EMP01173,Kalpit,Varughese,Female,1983-02-18
EMP01174,Anita,Bhavsar,Male,1994-11-07
EMP01175,Chaitanya,Tailor,Female,1998-01-15
EMP01176,Saumya,Bala,Male,1972-01-25
EMP01177,Krishna,Jha,Male,1990-04-25
EMP01178,Lopa,Panchal,Female,1979-12-10
EMP01179,Naksh,Edwin,Male,1979-04-05
EMP01180,Tarak,Raman,Female,1996-03-24
EMP01181,Parth,Goel,Male,1992-12-08
EMP01182,Devika,Goda,Male,1996-07-20
EMP01183,Oviya,Kota,Female,1980-08-17
EMP01184,Maanav,Singh,Male,1984-02-03
EMP01185,Ucchal,Kurian,Female,1990-07-23
EMP01186,Vasatika,Mander,Male,1997-09-26
EMP01187,Urvashi,Devan,Male,1977-07-28
EMP01188,Advika,Ratta,Male,1975-12-18
EMP01189,Bachittar,Shere,Male,1995-06-30
EMP01190,Parth,Kothari,Female,1965-11-15
EMP01191,Mugdha,Dara,Female,1998-09-25
EMP01192,Omisha,Majumdar,Male,1983-03-21
EMP01193,Victor,Dewan,Male,1986-07-27
EMP01194,Barkha,Deshpande,Male,1999-09-14
EMP01195,Kritika,Pall,Male,1995-11-07
EMP01196,Gagan,Bedi,Male,1994-10-18
EMP01197,Jacob,Narayan,Male,1996-06-16
EMP01198,Chanakya,D’Alia,Male,1993-02-23
EMP01199,Ladli,Sehgal,Female,1988-04-10
EMP01200,Bahadurjit,Manda,Female,1995-10-20
EMP01201,Mohini,Kaur,Male,1996-08-09
EMP01202,Noah,Raghavan,Female,1985-08-13
EMP01203,Zarna,Sehgal,Male,1978-08-28
EMP01204,Krishna,Badami,Male,1968-10-02
EMP01205,Sneha,Luthra,Female,1985-08-09
EMP01206,Hardik,Munshi,Male,1994-02-14
EMP01207,Naksh,Dora,Female,1987-05-30
EMP01208,Chatresh,Kurian,Female,1983-05-24
EMP01209,Nitesh,Nadig,Male,1998-11-26
EMP01210,Ishaan,Warrior,Male,1998-04-18
EMP01211,Neha,Saxena,Male,1995-03-29
EMP01212,Thomas,Sawhney,Male,1983-01-06
EMP01213,Yasti,Gala,Male,1986-03-03
EMP01214,Advaith,Sama,Female,1990-10-20
EMP01215,Siddharth,Chandra,Male,1974-05-25
EMP01216,Januja,Bhardwaj,Male,1973-06-16
EMP01217,Pratyush,Bala,Male,2000-12-06
EMP01218,Watika,Basak,Male,1974-10-12
EMP01219,Zayyan,Das,Male,1986-11-22
EMP01220,Dev,Varghese,Male,1995-07-18
EMP01221,Rohan,Krishna,Male,1992-06-01
EMP01222,Sanya,Pillay,Male,1981-09-05
EMP01223,Zarna,Sharma,Female,1985-02-12
EMP01224,Ridhi,Nayak,Female,1975-10-22
EMP01225,Unni,Wagle,Male,1986-01-16
EMP01226,Kashvi,Aurora,Male,1986-09-13
EMP01227,Yachana,Khosla,Male,1990-10-08
EMP01228,Sanya,Walla,Female,1994-06-19
EMP01229,Vaishnavi,Kumar,Female,1997-12-20
EMP01230,Yasti,Menon,Female,1997-03-16
EMP01231,Darpan,Lala,Male,1986-05-08
EMP01232,Prisha,Mahajan,Female,1977-06-30
EMP01233,Rudra,Chaudhuri,Female,1982-08-22
EMP01234,Kai,Keer,Male,1995-09-09
EMP01235,Hredhaan,Mand,Female,1973-12-01
EMP01236,Darika,Kibe,Male,1987-06-04
EMP01237,Ekta,Peri,Male,1971-02-26
EMP01238,Parth,Bhat,Female,1989-07-02
EMP01239,Yatan,Patel,Female,1993-01-10
EMP01240,Ikbal,Saxena,Male,1995-12-14
EMP01241,Ekapad,Bail,Male,1988-03-03
EMP01242,Yamini,Majumdar,Male,1995-07-24
EMP01243,Rajeshri,Pradhan,Male,1979-02-26
EMP01244,Kiaan,Shroff,Male,1991-01-08
EMP01245,Hemangini,Rao,Male,1990-08-05
EMP01246,Sai,Narula,Male,1984-10-15
EMP01247,Chandresh,Srivastava,Female,1987-04-01
EMP01248,Laban,Sule,Female,1999-07-01
EMP01249,Mitali,Agarwal,Female,1989-08-05
EMP01250,Upasna,Varghese,Male,1999-06-26
EMP01251,Rajeshri,Mannan,Female,1977-10-02
EMP01252,Yadavi,Shanker,Female,1991-06-09
EMP01253,Charita,Sengupta,Male,1995-07-09
EMP01254,Tanay,More,Male,1984-02-11
EMP01255,Ayaan,Sastry,Male,1988-08-03
EMP01256,Warinder,Ray,Male,1983-11-02
EMP01257,Oeshi,Bhavsar,Female,1988-03-24
EMP01258,Hemal,Kaul,Male,1985-04-08
EMP01259,Udarsh,Pradhan,Male,1993-05-04
EMP01260,Samar,Bassi,Female,1994-12-15
EMP01261,Warda,Deshpande,Male,1989-05-22
EMP01262,Kashish,Wali,Female,1983-12-12
EMP01263,Aahana,Wason,Female,1971-06-18
EMP01264,Om,Gola,Female,1994-05-26
EMP01265,Indira,Ben,Female,1994-05-05
EMP01266,Darsh,Chaudhari,Male,1982-09-13
EMP01267,Jack,Raval,Male,1984-03-24
EMP01268,Aryan,Zachariah,Male,1984-04-30
EMP01269,Harshil,Wadhwa,Male,1985-12-06
EMP01270,David,Jaggi,Male,1996-06-26
EMP01271,Vihaan,Kari,Female,1990-03-06
EMP01272,Faraj,Anand,Male,1987-10-02
EMP01273,Mugdha,Gaba,Male,1997-09-05
EMP01274,Forum,Nori,Male,1975-03-12
EMP01275,Chatura,Mitter,Female,1996-07-26
EMP01276,Chandani,Biswas,Male,1997-03-06
EMP01277,Falan,Sha,Male,1986-03-04
EMP01278,Advaith,Kalla,Male,1984-10-10
EMP01279,Ganga,Narain,Female,1982-06-20
EMP01280,Madhavi,Maharaj,Female,1998-09-05
EMP01281,Kritika,Khosla,Male,1981-02-18
EMP01282,Dayita,Sehgal,Male,2002-04-04
EMP01283,Nachiket,Bains,Male,1985-06-01
EMP01284,Darika,Sem,Male,1985-07-22
EMP01285,Vamakshi,Soni,Female,1998-01-16
EMP01286,Tanmayi,Vora,Male,1981-03-04
EMP01287,Dalaja,Bhatnagar,Male,1981-12-07
EMP01288,Yashoda,Ravi,Male,1962-06-04
EMP01289,Krisha,Swaminathan,Male,1985-07-12
EMP01290,Ekani,Atwal,Male,1989-04-16
EMP01291,Rehaan,Wable,Female,1999-08-15
EMP01292,Gaurav,Khanna,Male,2001-12-26
EMP01293,Chandani,Chopra,Female,1987-04-09
EMP01294,Falan,Biswas,Female,1992-01-07
EMP01295,Simon,Sha,Male,1986-02-11
EMP01296,Imaran,Palla,Female,1966-12-06
EMP01297,Logan,Parmar,Male,1984-03-15
EMP01298,Gavin,Mand,Female,1992-01-12
EMP01299,Chatresh,Varghese,Male,1991-01-03
EMP01300,Qarin,Hayer,Male,1989-09-30
EMP01301,Vrishti,Lala,Female,1984-12-24
EMP01302,Vidhi,Sinha,Female,1989-09-28
EMP01303,Nilima,Nagarajan,Female,1982-03-12
EMP01304,Banjeet,Sinha,Female,1972-09-28
EMP01305,Niharika,Krishna,Male,1987-02-02
EMP01306,Krish,Bora,Female,1990-07-13
EMP01307,Ekbal,Sankar,Female,1984-04-13
EMP01308,Qasim,Kale,Male,1987-08-16
EMP01309,Warjas,Nadig,Male,1979-01-05
EMP01310,Rushil,Chokshi,Female,1982-10-22
EMP01311,Samaksh,Dixit,Male,1984-04-07
EMP01312,Owen,Karnik,Female,1982-02-19
EMP01313,Daksha,Prashad,Male,1996-10-16
EMP01314,Megha,Mangat,Female,1993-07-20
EMP01315,Priya,Ganesh,Female,1999-12-27
EMP01316,Abdul,Rattan,Male,1995-12-18
EMP01317,Reva,Patla,Female,1987-09-24
EMP01318,Isaac,Babu,Male,1997-03-23
EMP01319,Siddharth,Savant,Female,1990-01-16
EMP01320,Yuvraj,Dara,Female,1995-01-06
EMP01321,Yashodhara,Sampath,Female,1973-09-15
EMP01322,Nachiket,Madan,Female,1991-08-04
EMP01323,Raksha,Narayan,Male,1973-05-31
EMP01324,Yahvi,Ramakrishnan,Male,1993-05-16
EMP01325,Arya,Deol,Female,1994-08-19
EMP01326,Chasmum,Chatterjee,Male,1980-02-05
EMP01327,Lajita,Chakrabarti,Male,1987-01-23
EMP01328,Rachit,Dugal,Male,1987-11-17
EMP01329,Tanveer,Wali,Female,1985-04-07
EMP01330,Luke,Raju,Male,1994-04-04
EMP01331,Alexander,Sabharwal,Male,1971-11-26
EMP01332,Aarna,Pathak,Female,1992-01-05
EMP01333,Odika,Sura,Male,1986-03-25
EMP01334,Vedhika,Taneja,Female,1965-11-29
EMP01335,Guneet,Sastry,Male,1995-07-03
EMP01336,Ikbal,Yadav,Female,1996-12-03
EMP01337,Nidra,Din,Female,1988-11-07
EMP01338,Nilima,Sankar,Male,1994-06-06
EMP01339,Prisha,Swamy,Female,1983-08-30
EMP01340,Anita,Garde,Female,2000-10-23
EMP01341,Nakul,Magar,Female,1978-05-30
EMP01342,Anvi,Devi,Female,1990-04-03
EMP01343,Shravya,Bir,Male,1994-03-19
EMP01344,Peter,Majumdar,Male,1969-04-27
EMP01345,Dayamai,Hegde,Female,1981-02-28
EMP01346,Bishakha,Kade,Male,1983-10-07
EMP01347,Oscar,Raman,Male,1985-10-04
EMP01348,Pranav,Pingle,Male,1991-01-11
EMP01349,Chaman,Patil,Female,2001-03-07
EMP01350,Yadavi,Dar,Female,1980-10-10
EMP01351,Nandini,Walia,Female,1971-01-12
EMP01352,Vidhi,Sarna,Male,1985-12-13
EMP01353,Shivani,Borah,Male,1990-12-20
EMP01354,Chasmum,Karnik,Female,1994-12-30
EMP01355,Aarna,Kalita,Male,1992-08-29
EMP01356,Upkaar,Baria,Female,1971-06-26
EMP01357,Anmol,Sule,Female,1991-02-09
EMP01358,David,Radhakrishnan,Female,1960-11-28
EMP01359,Harinakshi,Pau,Female,1983-06-22
EMP01360,Upadhriti,Kulkarni,Male,1990-12-16
EMP01361,Jonathan,Grewal,Male,1989-03-13
EMP01362,Krishna,Swamy,Male,2001-05-23
EMP01363,Aashi,Raghavan,Male,1984-01-26
EMP01364,Viraj,Pathak,Female,1988-02-13
EMP01365,Oeshi,Gala,Male,1987-06-06
EMP01366,Alexander,Bala,Male,1996-09-02
EMP01367,Ranbir,Khare,Female,1973-07-16
EMP01368,Rajata,Goyal,Female,1974-03-12
EMP01369,Chakrika,Raghavan,Female,1989-11-05
EMP01370,Anika,Setty,Male,1992-06-16
EMP01371,William,Walia,Male,1982-04-29
EMP01372,Vedika,Kohli,Female,1986-10-26
EMP01373,Dayita,Chawla,Male,1986-06-07
EMP01374,Jagrati,Batra,Female,1982-08-22
EMP01375,Frado,Jha,Male,1986-09-16
EMP01376,Sai,Choudhry,Male,2000-12-08
EMP01377,Wazir,Sehgal,Male,1998-10-27
EMP01378,Rudra,Pai,Female,1968-07-01
EMP01379,Harsh,Chawla,Male,1996-01-21
EMP01380,Vasatika,Barman,Female,1989-01-02
EMP01381,Adweta,Saran,Female,1992-06-25
EMP01382,Charvi,Sha,Male,2000-06-20
EMP01383,Gopal,Ganesan,Male,1990-06-11
EMP01384,Chatura,Varughese,Female,1992-06-30
EMP01385,Yasti,Sridhar,Female,1988-07-16
EMP01386,Zansi,Handa,Male,1985-03-28
EMP01387,Omaja,Shan,Male,1997-04-14
EMP01388,Azad,Sangha,Female,1987-08-16
EMP01389,Ucchal,Vora,Female,1995-06-13
EMP01390,Arin,Mane,Female,1988-07-01
EMP01391,Zinal,Chacko,Male,1985-08-22
EMP01392,Leena,Deshpande,Male,1998-11-04
EMP01393,Janani,Gupta,Male,1997-12-08
EMP01394,Geetika,Murthy,Male,1980-05-09
EMP01395,Vidhi,Bhattacharyya,Female,1980-02-05
EMP01396,Oni,Grewal,Male,1982-06-30
EMP01397,Nathan,Patla,Male,1975-05-24
EMP01398,Yug,Rai,Female,1990-05-16
EMP01399,Urmi,Sengupta,Female,1999-03-13
EMP01400,Daksha,Subramanian,Female,1988-03-09
EMP01401,Upma,Panchal,Male,1992-10-31
EMP01402,Bhavika,Subramanian,Male,1979-06-14
EMP01403,Jatin,Prabhu,Male,1989-12-23
EMP01404,Ekta,Borra,Male,1984-03-12
EMP01405,Pooja,Tella,Female,1971-10-03
EMP01406,Krish,Dayal,Female,1973-07-22
EMP01407,Vihaan,Bajwa,Female,1990-01-30
EMP01408,Omaja,Contractor,Male,1974-09-07
EMP01409,Pushti,Sarna,Female,1987-11-16
EMP01410,Adweta,Halder,Female,1996-04-20
EMP01411,Henry,Kulkarni,Female,1990-11-30
EMP01412,Qasim,Kadakia,Female,1984-11-11
EMP01413,Yash,Kant,Male,1966-06-07
EMP01414,Unnati,Thakkar,Male,1982-01-21
EMP01415,Laksh,Andra,Male,1977-01-16
EMP01416,Qushi,Pingle,Male,1990-01-02
EMP01417,Jairaj,Nayar,Male,1988-01-20
EMP01418,Zayan,Cheema,Male,1990-11-01
EMP01419,Wridesh,Bumb,Male,1982-09-06
EMP01420,Siya,Raman,Male,1994-08-11
EMP01421,Waida,Vig,Male,1989-07-30
EMP01422,Ria,Sane,Male,1984-10-24
EMP01423,Wyatt,Ramachandran,Female,1981-12-05
EMP01424,Ikbal,Kurian,Male,1993-03-07
EMP01425,Ekaja,Mital,Female,1985-04-10
EMP01426,Leena,Kunda,Male,1989-02-15
EMP01427,Wriddhish,Kumar,Male,1988-09-06
EMP01428,Matthew,Dixit,Female,1992-07-17
EMP01429,Ekiya,Dhar,Male,1994-07-09
EMP01430,Jackson,Ramaswamy,Male,1977-06-24
EMP01431,Ekta,Chand,Female,1973-02-19
EMP01432,Abhimanyu,Bala,Female,1994-06-10
EMP01433,Balendra,Kannan,Female,1981-04-21
EMP01434,Neel,Ghosh,Female,1985-03-05
EMP01435,Dalbir,Mody,Male,1996-12-07
EMP01436,Mahika,Balakrishnan,Female,1988-09-12
EMP01437,Odika,Murthy,Female,1982-10-21
EMP01438,Quincy,Mammen,Male,1986-04-10
EMP01439,Urishilla,Bhandari,Female,1997-08-10
EMP01440,Tanish,Chahal,Female,1978-08-08
EMP01441,Rudra,Natt,Male,1976-04-25
EMP01442,Nathaniel,Radhakrishnan,Male,1994-01-19
EMP01443,Oviya,Ganguly,Male,1993-11-30
EMP01444,Yatan,Thaker,Male,1989-01-01
EMP01445,Tanay,Kohli,Male,2001-12-06
EMP01446,Nikita,Buch,Female,1999-08-12
EMP01447,Bachittar,Nagar,Female,1990-05-02
EMP01448,Urmi,Zacharia,Female,1988-12-02
EMP01449,Nikita,Panchal,Female,1987-10-30
EMP01450,Abhimanyu,Chad,Male,1980-06-13
EMP01451,Samarth,Warrior,Female,1972-05-04
EMP01452,Faqid,Saha,Male,1980-04-14
EMP01453,Krishna,Kaul,Female,1986-01-21
EMP01454,Tara,Sunder,Male,1985-12-17
EMP01455,Champak,Yogi,Male,1987-03-07
EMP01456,Kamya,Magar,Female,1976-04-06
EMP01457,Aadi,Sastry,Female,1988-05-15
EMP01458,Lucky,Raval,Male,1984-09-05
EMP01459,Champak,Dora,Male,1982-11-29
EMP01460,Advay,Bhardwaj,Male,1985-12-17
EMP01461,Max,Chokshi,Male,1976-07-24
EMP01462,Aarini,Sankaran,Male,1991-12-10
EMP01463,Eesha,Comar,Female,1998-12-10
EMP01464,Bhavika,Cheema,Male,1983-06-18
EMP01465,Mohini,Kuruvilla,Female,1970-08-30
EMP01466,Gauri,Arya,Female,1991-05-22
EMP01467,Jack,Tak,Female,1983-03-22
EMP01468,Kai,Konda,Male,1985-07-17
EMP01469,Advik,Bahl,Female,1977-06-07
EMP01470,Sanaya,Varughese,Female,1963-01-10
EMP01471,Sai,Srivastava,Female,1981-06-12
EMP01472,Yatan,De,Female,1993-09-04
EMP01473,Neel,Samra,Female,1999-08-24
EMP01474,Laban,Cheema,Male,1991-08-16
EMP01475,Abhiram,Ratta,Female,1991-03-12
EMP01476,Faraj,Toor,Male,1998-05-03
EMP01477,Girik,Mukhopadhyay,Female,1995-10-04
EMP01478,Kalpit,Anand,Female,1989-10-25
EMP01479,Imaran,Dua,Female,1987-07-11
EMP01480,Nihal,Nagar,Female,1981-07-17
EMP01481,Geetika,Dave,Female,1982-06-14
EMP01482,Charan,Mukherjee,Female,1992-06-29
EMP01483,Sara,Narayanan,Female,1994-12-14
EMP01484,Gaurang,Bajaj,Female,1983-03-06
EMP01485,Triveni,Rajagopal,Female,1963-08-03
EMP01486,Dakshesh,Ram,Male,1996-07-17
EMP01487,Imaran,Tella,Female,1999-11-01
EMP01488,Saanvi,Gour,Male,1995-10-31
EMP01489,Amara,Andra,Female,1997-12-17
EMP01490,Anya,Vasa,Male,1995-02-01
EMP01491,Jack,Bumb,Female,1992-05-28
EMP01492,Utkarsh,Rastogi,Male,1985-07-08
EMP01493,Sneha,Venkataraman,Male,1985-03-06
EMP01494,Faris,Chakrabarti,Female,1984-07-13
EMP01495,Parth,Devan,Male,1987-01-13
EMP01496,Krish,Narang,Female,1969-06-09
EMP01497,Dalaja,Gandhi,Female,2002-11-21
EMP01498,Inaya,Suri,Male,1979-07-08
EMP01499,Atharv,Tank,Male,1990-06-18
EMP01500,Neelima,Tara,Female,1984-09-01
EMP01501,Yasti,Arora,Female,1987-02-18
EMP01502,Hemang,Lad,Female,1980-09-13
EMP01503,Ryan,Sant,Female,1993-03-29
EMP01504,Aarna,Sarna,Male,1986-09-29
EMP01505,Netra,Apte,Female,1983-05-17
EMP01506,Karan,Doctor,Female,1995-02-05
EMP01507,Quincy,Keer,Female,1999-01-24
EMP01508,Hamsini,Walia,Male,1977-09-18
EMP01509,Jyoti,Dalal,Male,1972-01-03
EMP01510,Balhaar,Deshpande,Male,1993-01-31
EMP01511,Diya,Yogi,Female,1961-05-05
EMP01512,Arjun,Chakraborty,Female,1990-07-16
EMP01513,Vasudha,Rout,Male,1982-07-22
EMP01514,Madhav,Mohan,Male,1983-07-04
EMP01515,Rachana,Yogi,Male,1987-01-15
EMP01516,Yamini,Dada,Female,1997-01-08
EMP01517,Nidra,Varkey,Female,1987-09-19
EMP01518,Onveer,Vala,Female,1984-01-03
EMP01519,Ayaan,Saxena,Male,1977-06-26
EMP01520,Balendra,Yohannan,Female,1996-10-29
EMP01521,Aradhana,Choudhury,Male,1995-09-30
EMP01522,Qarin,Kannan,Male,1996-12-29
EMP01523,Owen,Ramakrishnan,Male,1979-09-12
EMP01524,Ekani,Natt,Female,1988-05-06
EMP01525,Naksh,Rau,Male,1976-05-18
EMP01526,Megha,Choudhary,Male,1979-08-06
EMP01527,Ojas,Shetty,Female,1979-02-26
EMP01528,Vasana,Dani,Male,1986-12-02
EMP01529,Arunima,Ravel,Male,1995-11-14
EMP01530,Ronith,Wadhwa,Female,1991-06-10
EMP01531,Jai,Uppal,Male,1984-03-26
EMP01532,Yatin,Sha,Male,1982-06-11
EMP01533,Kiaan,Bhalla,Male,1993-01-12
EMP01534,Oscar,Oak,Male,1996-06-13
EMP01535,Pratyush,Bala,Male,1985-02-23
EMP01536,Amol,D’Alia,Male,1970-12-01
EMP01537,Yuvraj,Palla,Male,1990-09-14
EMP01538,Janya,Raghavan,Male,1998-05-03
EMP01539,Yatan,Lalla,Male,1989-09-26
EMP01540,Advay,Dugar,Male,1993-08-17
EMP01541,Kavya,Sekhon,Male,1964-01-22
EMP01542,Advay,Jain,Male,1994-01-27
EMP01543,Ekbal,Prabhu,Male,1989-11-16
EMP01544,Saumya,Srinivas,Male,1977-05-26
EMP01545,Nathaniel,Chaudhari,Female,1990-07-08
EMP01546,Bakhshi,Sule,Female,1964-03-12
EMP01547,Chakrika,Thakkar,Female,1991-01-25
EMP01548,Varsha,Chaudry,Male,1967-06-16
EMP01549,Bhanumati,Sant,Female,1997-03-17
EMP01550,Ekansh,Krishna,Female,1999-12-12
EMP01551,Qasim,Desai,Male,1984-05-19
EMP01552,Netra,Kala,Female,1992-04-13
EMP01553,Vedhika,Biswas,Male,2001-11-20
EMP01554,Andrew,Shenoy,Male,1991-03-15
EMP01555,Ishwar,Sridhar,Female,1990-11-02
EMP01556,Vasudha,Narayanan,Male,1985-12-29
EMP01557,Mekhala,Maharaj,Female,1989-12-29
EMP01558,Zinal,Naik,Female,1992-10-01
EMP01559,Siddharth,Chandra,Male,1994-03-16
EMP01560,Falan,Goel,Male,1991-10-08
EMP01561,Aishani,Parekh,Male,1998-11-22
EMP01562,Mekhala,Chawla,Male,1987-05-18
EMP01563,Falguni,Mutti,Male,1975-10-17
EMP01564,Chasmum,Ramaswamy,Female,1995-05-14
EMP01565,Ekiya,Tailor,Female,1985-10-08
EMP01566,Darpan,Vig,Female,1999-10-23
EMP01567,Xavier,Singh,Male,1995-09-29
EMP01568,Matthew,Saxena,Male,1974-09-06
EMP01569,Libni,Bansal,Male,1988-11-04
EMP01570,Utkarsh,Chhabra,Female,1999-12-23
EMP01571,Krish,Dhar,Female,1992-05-07
EMP01572,Nihal,Kalita,Male,1982-10-15
EMP01573,Radhika,Banerjee,Male,1995-01-24
EMP01574,Januja,Toor,Male,1987-01-06
EMP01575,Abeer,Bhagat,Male,1969-07-16
EMP01576,Vrinda,Kata,Female,1991-02-07
EMP01577,Neel,Balasubramanian,Male,1991-05-28
EMP01578,Devika,Chanda,Female,1971-03-27
EMP01579,Michael,Ahuja,Male,1984-03-16
EMP01580,Qarin,Borra,Male,1990-08-07
EMP01581,Parth,Sathe,Female,1993-05-29
EMP01582,Luke,Shankar,Male,1978-03-05
EMP01583,Ekani,Lalla,Female,2001-07-06
EMP01584,Banjeet,Bumb,Male,1987-02-15
EMP01585,Jagdish,Brar,Female,1999-05-15
EMP01586,Vasana,Date,Male,1998-06-25
EMP01587,Jagat,Sahni,Male,1987-05-25
EMP01588,Udant,Kumer,Male,1994-10-17
EMP01589,Neelima,Mitra,Male,1991-06-24
EMP01590,Manbir,Shenoy,Male,1984-03-22
EMP01591,Edhitha,Mishra,Female,1991-11-03
EMP01592,Yashasvi,Nagar,Male,1990-07-17
EMP01593,Sarthak,Parikh,Male,1985-02-10
EMP01594,Liam,Balakrishnan,Male,2000-10-01
EMP01595,Lucky,Deep,Female,1986-06-05
EMP01596,Aarush,Sangha,Female,1985-03-21
EMP01597,Suhani,Pau,Male,1986-08-16
EMP01598,Ekta,Kakar,Female,1984-07-17
EMP01599,Karan,Sura,Female,1984-06-22
EMP01600,Reyansh,Sem,Male,1977-02-12
EMP01601,Azaan,Puri,Male,1985-07-14
EMP01602,Nitesh,Kala,Female,1991-04-23
EMP01603,Ekta,Wali,Male,1971-08-14
EMP01604,Pallavi,Rout,Female,1988-08-25
EMP01605,Rajata,Patla,Male,1990-01-06
EMP01606,Lucky,Das,Female,1982-02-22
EMP01607,Neha,Dar,Female,1985-11-17
EMP01608,Urmi,Oommen,Male,1985-09-28
EMP01609,Deepa,Sethi,Female,1994-12-05
EMP01610,Lavanya,Agrawal,Male,1993-10-29
EMP01611,Charles,Kuruvilla,Male,2001-04-23
EMP01612,Abhiram,Rattan,Male,1966-03-03
EMP01613,Jagvi,Gupta,Male,1982-07-17
EMP01614,Indira,Kade,Male,1988-01-03
EMP01615,Dhriti,Jhaveri,Female,1997-04-26
EMP01616,Falan,Narayan,Male,1981-10-01
EMP01617,Aahana,Kota,Male,1990-12-28
EMP01618,Pahal,Seshadri,Male,1990-12-23
EMP01619,Azaan,Boase,Female,1989-10-24
EMP01620,Oscar,Chaudhari,Female,1992-06-24
EMP01621,Warhi,Dora,Male,1992-04-02
EMP01622,Panini,Madan,Female,1980-04-14
EMP01623,Kashish,Wagle,Female,1984-08-12
EMP01624,Rehaan,Iyer,Male,1993-08-10
EMP01625,Fiyaz,Kar,Male,1989-03-24
EMP01626,Zashil,Mani,Male,1989-05-03
EMP01627,Sachi,Wagle,Male,1985-01-01
EMP01628,Nidra,Din,Female,1977-05-25
EMP01629,Andrew,Goswami,Female,1979-04-18
EMP01630,Ishita,Mohanty,Female,1967-08-26
EMP01631,Caleb,Sule,Female,1998-03-07
EMP01632,Atharv,Ganesh,Male,1985-07-03
EMP01633,Anusha,Bal,Female,1998-07-05
EMP01634,Faqid,Chandra,Male,1994-06-02
EMP01635,Gautam,Sankar,Male,1991-07-30
EMP01636,Manthan,Parekh,Male,1981-06-24
EMP01637,Arya,Balasubramanian,Female,1980-07-11
EMP01638,Suhani,Sabharwal,Female,1992-02-14
EMP01639,Anita,Tandon,Male,1982-05-30
EMP01640,Urishilla,Devan,Female,1977-10-23
EMP01641,Bhavika,Dalal,Male,1982-11-22
EMP01642,Mekhala,Manda,Female,1969-04-09
EMP01643,William,Mallick,Male,1982-12-23
EMP01644,Patrick,Chakraborty,Male,1979-03-09
EMP01645,Abhiram,Bandi,Male,1979-03-15
EMP01646,George,Kala,Male,1986-10-03
EMP01647,Lucky,Sen,Female,1994-03-23
EMP01648,Kabir,Bhalla,Male,1981-01-14
EMP01649,Ronith,Sunder,Female,1981-08-06
EMP01650,Hardik,Mitra,Male,1972-07-17
EMP01651,Sanaya,Zachariah,Male,1986-06-18
EMP01652,Hemal,Krishna,Male,1984-05-17
EMP01653,Brinda,Chahal,Male,1969-09-10
EMP01654,Reva,Shankar,Female,1992-12-17
EMP01655,Tamanna,Narang,Female,1997-01-10
EMP01656,Jeevika,Sachar,Male,1989-11-26
EMP01657,Ekaja,More,Female,1990-07-12
EMP01658,Yashodhara,Prabhu,Female,1968-11-24
EMP01659,Advik,Oza,Male,1972-12-01
EMP01660,Tripti,Barman,Male,1980-03-23
EMP01661,Nihal,Ganesh,Male,1993-09-22
EMP01662,Qabil,Sant,Male,1980-02-09
EMP01663,Liam,Chand,Male,1997-11-13
EMP01664,Dipta,Sandal,Male,1991-12-20
EMP01665,Ekapad,Murthy,Female,1989-01-21
EMP01666,Ayush,Balan,Male,1984-01-11
EMP01667,Joshua,Shukla,Male,1994-11-14
EMP01668,David,Karan,Male,1990-06-11
EMP01669,Sanya,Dube,Male,1980-02-24
EMP01670,Patrick,Ben,Female,1994-08-13
EMP01671,Agastya,Sehgal,Female,1979-07-30
EMP01672,Gautam,Bassi,Male,1972-01-03
EMP01673,Ishani,Soni,Female,1992-01-03
EMP01674,Siddharth,Gara,Male,1967-07-13
EMP01675,Upma,Kari,Female,1986-12-18
EMP01676,Libni,Chand,Male,1984-07-11
EMP01677,Mason,Shukla,Male,1993-03-22
EMP01678,Meera,Mohanty,Female,1979-09-12
EMP01679,Meera,Sahota,Male,1983-09-07
EMP01680,Vidhi,Naik,Female,1984-02-21
EMP01681,Divya,Hayer,Male,1971-02-23
EMP01682,Kashvi,Dubey,Male,1979-02-26
EMP01683,Saksham,Goel,Female,1996-01-07
EMP01684,Warjas,Chandran,Female,1993-03-17
EMP01685,Sachi,Thaker,Female,1991-02-12
EMP01686,Krishna,Kothari,Male,1985-11-28
EMP01687,Zansi,Cherian,Female,1989-05-15
EMP01688,Anirudh,Baral,Male,1981-10-08
EMP01689,Qabil,Batta,Female,1988-12-26
EMP01690,Chanchal,Boase,Male,1979-03-16
EMP01691,Jackson,Sinha,Female,1990-07-22
EMP01692,Umang,Sheth,Male,1985-08-07
EMP01693,Pranav,Sharma,Female,1985-06-30
EMP01694,Udarsh,Badal,Male,1985-09-16
EMP01695,Abhimanyu,Mann,Male,1994-06-03
EMP01696,Siya,Pillai,Male,1993-07-26
EMP01697,Sanya,Tata,Male,1987-06-10
EMP01698,Mitali,Dyal,Male,1967-04-30
EMP01699,Finn,Talwar,Female,1977-11-17
EMP01700,Isaiah,Kuruvilla,Male,1990-05-18
EMP01701,Indira,Patel,Male,1969-11-18
EMP01702,Pranav,Pathak,Female,1985-04-13
EMP01703,Karan,Parmer,Female,1986-05-27
EMP01704,Urishilla,Bava,Female,1964-03-20
EMP01705,Ridhi,Nadig,Female,1995-10-19
EMP01706,Adya,Brahmbhatt,Female,1993-12-05
EMP01707,Lakshmi,Balasubramanian,Female,1982-08-11
EMP01708,Indira,Tripathi,Female,1987-07-11
EMP01709,Faris,Vohra,Female,1975-10-30
EMP01710,Jack,Bail,Female,1978-05-31
EMP01711,Fitan,Khanna,Female,1995-02-17
EMP01712,Warinder,Date,Male,1998-09-05
EMP01713,Aditya,Varma,Male,1970-01-27
EMP01714,Upma,Babu,Male,2000-05-07
EMP01715,Kashish,Tripathi,Male,1982-10-20
EMP01716,Tara,Pradhan,Female,1982-10-04
EMP01717,Unni,Suresh,Female,1995-12-29
EMP01718,Vasudha,Sahota,Female,1991-10-05
EMP01719,Idika,Gupta,Female,1993-05-06
EMP01720,Aayush,Loke,Male,1996-01-05
EMP01721,Kritika,Jani,Female,1983-08-21
EMP01722,Urvashi,Lanka,Male,1989-05-03
EMP01723,Amruta,Sachdeva,Female,1984-05-03
EMP01724,Lopa,Mane,Female,1996-11-15
EMP01725,Nachiket,Singh,Male,1987-06-21
EMP01726,Indira,Krishnan,Male,1973-04-27
EMP01727,Karan,Bassi,Male,1990-09-27
EMP01728,Lakshit,Deol,Male,1995-04-04
EMP01729,Warda,Goswami,Male,1995-04-22
EMP01730,Rayaan,Nagi,Male,1978-12-06
EMP01731,Watika,Om,Male,1981-07-26
EMP01732,Ekta,Dugal,Male,1996-08-29
EMP01733,Pushti,Shan,Male,1992-06-12
EMP01734,Gauri,Gola,Male,1999-05-22
EMP01735,Patrick,Datta,Female,1982-12-16
EMP01736,Krishna,Radhakrishnan,Male,1991-03-09
EMP01737,Yatin,Goswami,Male,1980-10-18
EMP01738,Bimala,Bajwa,Male,1977-10-26
EMP01739,Forum,Kale,Male,1984-09-11
EMP01740,Siddharth,Seth,Male,1992-11-30
EMP01741,Daniel,Gopal,Female,1985-07-10
EMP01742,Omaja,Malhotra,Female,1992-07-20
EMP01743,Janani,Sengupta,Female,1982-07-15
EMP01744,Avni,Dhaliwal,Male,1988-08-05
EMP01745,Ojas,Yadav,Male,1988-01-22
EMP01746,Hema,Dara,Male,1982-09-17
EMP01747,Simon,Kumer,Female,1983-10-28
EMP01748,Samuel,Babu,Female,1987-10-10
EMP01749,Yash,Rau,Male,1966-10-24
EMP01750,Orinder,Oak,Male,1984-08-19
EMP01751,Matthew,Banerjee,Male,1983-01-28
EMP01752,Chandani,Bhardwaj,Female,1991-10-09
EMP01753,Damyanti,Kannan,Female,1980-10-11
EMP01754,Upadhriti,Nanda,Male,1980-01-28
EMP01755,Mitali,Seth,Male,1996-01-11
EMP01756,Aahana,Bhagat,Male,1986-09-12
EMP01757,Zilmil,Divan,Male,1998-05-02
EMP01758,Divya,Wagle,Female,1992-05-06
EMP01759,Vedika,Kothari,Female,1994-09-02
EMP01760,Frederick,Bains,Female,1982-09-26
EMP01761,Ethan,Chaudhuri,Female,1982-01-12
EMP01762,Upma,Balakrishnan,Female,1996-06-01
EMP01763,Sanaya,Ramachandran,Female,1988-12-18
EMP01764,Utkarsh,Handa,Female,1995-01-28
EMP01765,Saksham,Bhattacharyya,Male,1981-04-16
EMP01766,Faqid,Setty,Male,1994-05-26
EMP01767,Chaitanya,Garg,Male,1984-09-16
EMP01768,Aarush,Venkataraman,Male,1989-01-29
EMP01769,Yahvi,Muni,Female,1993-05-18
EMP01770,Nathan,Rajagopal,Male,1990-02-22
EMP01771,Rachita,Mahal,Female,1980-03-22
EMP01772,Tanay,Kaur,Female,1969-05-26
EMP01773,Balhaar,Gour,Male,1985-08-23
EMP01774,Tanish,Hayre,Female,1995-08-03
EMP01775,Umang,Borah,Male,1987-12-29
EMP01776,Harrison,Mander,Male,1984-04-10
EMP01777,Daksh,Bhandari,Male,1990-02-16
EMP01778,Mason,Dave,Female,1992-07-26
EMP01779,Devansh,Kota,Male,1976-11-27
EMP01780,Vedhika,Oommen,Female,1985-07-30
EMP01781,Nitara,More,Male,1998-12-06
EMP01782,Daksh,Borah,Female,1982-10-26
EMP01783,Farhan,Vala,Male,1979-10-15
EMP01784,Charita,Dhar,Female,1990-03-08
EMP01785,Aradhana,Contractor,Female,1984-05-01
EMP01786,Abeer,Hayre,Female,1991-06-17
EMP01787,Ayushman,Natarajan,Male,1965-03-04
EMP01788,Gopal,Kannan,Female,1987-02-10
EMP01789,Priya,Batta,Male,1984-10-25
EMP01790,Gagan,Keer,Female,1985-05-25
EMP01791,Azaan,Narain,Female,1981-10-20
EMP01792,Jasmit,Raghavan,Female,1993-11-04
EMP01793,Faraj,Gokhale,Female,1992-01-29
EMP01794,Eta,Pathak,Male,1999-08-27
EMP01795,Hredhaan,Magar,Male,1986-09-01
EMP01796,Rudra,Anne,Male,1985-01-04
EMP01797,Isha,Edwin,Female,1995-12-05
EMP01798,Guneet,Murty,Female,1999-03-30
EMP01799,Chaitanya,Natarajan,Male,1981-09-06
EMP01800,Rohan,Rama,Female,1994-05-30
EMP01801,Anika,Dara,Female,1997-11-04
EMP01802,Yash,Grewal,Female,1983-06-10
EMP01803,Wahab,Dar,Female,1990-10-25
EMP01804,Hemal,Bera,Male,1990-06-18
EMP01805,Wazir,Dugal,Male,1998-12-02
EMP01806,Yasti,Kulkarni,Female,1978-05-12
EMP01807,Simon,Mahal,Male,1982-04-07
EMP01808,Owen,Dhawan,Female,1981-05-24
EMP01809,Tejas,Bir,Male,1982-08-08
EMP01810,Bakhshi,Narain,Male,1989-07-07
EMP01811,Luke,Narula,Female,1989-10-08
EMP01812,Hitesh,Balan,Female,1978-10-12
EMP01813,Devansh,Iyengar,Male,1995-08-03
EMP01814,Vyanjana,Sethi,Male,1994-01-10
EMP01815,Samesh,Pall,Male,1995-11-15
EMP01816,Indali,Lala,Female,1994-10-08
EMP01817,Sathvik,Kale,Male,1990-10-18
EMP01818,Shivani,Bora,Female,1993-05-07
EMP01819,Sanya,Badal,Male,1990-03-18
EMP01820,Zansi,Chacko,Female,1984-04-15
EMP01821,Saumya,Keer,Female,1979-05-16
EMP01822,Harini,Kala,Male,1995-10-19
EMP01823,Yachana,Borra,Male,1987-08-01
EMP01824,Aayush,Dash,Female,1988-11-18
EMP01825,Damini,Edwin,Female,2001-07-15
EMP01826,Eta,Yogi,Female,1996-11-26
EMP01827,Jhalak,Datta,Male,1990-09-22
EMP01828,Januja,Karpe,Male,1985-09-08
EMP01829,Harinakshi,Yadav,Female,1977-07-31
EMP01830,Nicholas,Krishna,Female,1999-12-11
EMP01831,Alka,Khalsa,Female,1984-01-27
EMP01832,Leena,Goel,Male,1992-08-03
EMP01833,Kabir,Choudhary,Female,1987-07-27
EMP01834,Triveni,Zachariah,Male,1980-06-07
EMP01835,Yashica,Devi,Female,1990-07-18
EMP01836,Dev,Sha,Male,1989-08-09
EMP01837,Chandresh,Sood,Male,1987-11-29
EMP01838,Avi,Mohan,Female,1985-08-31
EMP01839,Keya,Iyengar,Male,1970-07-19
EMP01840,Madhav,Kapoor,Female,1970-08-24
EMP01841,Simon,Vala,Female,1997-02-16
EMP01842,Chatura,Dhar,Female,1982-10-06
EMP01843,Gunbir,Toor,Male,1984-06-10
EMP01844,Pushti,Acharya,Female,1964-01-18
EMP01845,Arjun,Char,Male,1980-08-07
EMP01846,Ekta,Swamy,Male,1995-12-26
EMP01847,Chanchal,Saran,Female,1987-03-31
EMP01848,Bachittar,Garde,Male,1975-10-22
EMP01849,Jairaj,Sathe,Male,1998-11-30
EMP01850,Brinda,Wali,Male,1986-02-13
EMP01851,Aadhya,Borah,Male,1974-10-28
EMP01852,Raghav,Mitra,Male,1970-05-26
EMP01853,Gayathri,Mahal,Female,1990-09-22
EMP01854,Yoshita,Sankar,Female,1991-08-30
EMP01855,Gaurangi,Johal,Female,1968-08-07
EMP01856,Zaitra,Baral,Male,1991-10-02
EMP01857,Jack,Mittal,Female,1990-07-23
EMP01858,Dev,Kapoor,Female,1997-09-03
EMP01859,Lekha,Ahuja,Male,1982-06-04
EMP01860,Krisha,Choudhry,Female,1986-02-17
EMP01861,Gagan,Nanda,Male,1989-12-25
EMP01862,Jagdish,Mukherjee,Male,1995-08-26
EMP01863,Yasti,Kurian,Male,1998-07-24
EMP01864,Yamini,Krishnamurthy,Female,1998-08-10
EMP01865,Triveni,Deshpande,Female,1984-11-23
EMP01866,Harshil,Dass,Male,1985-01-29
EMP01867,Niharika,Chacko,Male,1985-10-03
EMP01868,Qadim,Devi,Female,1983-05-09
EMP01869,Ekbal,Hayer,Female,2001-03-11
EMP01870,Warhi,Chand,Male,1984-10-16
EMP01871,Lakshmi,Pal,Male,1989-09-26
EMP01872,Manthan,Sule,Female,1999-05-22
EMP01873,Gaurav,Setty,Female,2002-06-03
EMP01874,Manthan,Kumar,Male,2001-03-27
EMP01875,Wishi,Kade,Female,1981-06-14
EMP01876,Adweta,Balasubramanian,Female,1981-06-08
EMP01877,Lakshit,Peri,Male,1996-10-22
EMP01878,Aarini,Prashad,Female,1971-12-26
EMP01879,Frederick,Pandey,Male,1980-07-06
EMP01880,Naksh,Mital,Male,1966-06-02
EMP01881,Farhan,Prabhakar,Male,1993-02-26
EMP01882,Ekansh,Memon,Male,1995-10-08
EMP01883,Vihaan,Warrior,Female,1988-07-08
EMP01884,Garima,Master,Female,1994-03-20
EMP01885,Forum,Deo,Male,1984-01-04
EMP01886,Gaurav,Doshi,Female,1987-09-17
EMP01887,Barkha,Rana,Female,1995-11-04
EMP01888,Aayush,Peri,Female,1988-06-16
EMP01889,Arin,Sood,Female,1986-01-15
EMP01890,Advaith,Lalla,Female,1980-07-26
EMP01891,Hritik,Pradhan,Male,1976-11-13
EMP01892,Utkarsh,Nadig,Male,1997-01-17
EMP01893,Hredhaan,Sridhar,Male,1992-10-21
EMP01894,Farhan,Ganesan,Male,1988-12-19
EMP01895,Hitesh,Ahluwalia,Male,1994-05-22
EMP01896,Tanveer,Pall,Female,1984-06-18
EMP01897,Ishaan,Rajagopal,Female,1990-05-21
EMP01898,Ethan,Kant,Female,1985-03-16
EMP01899,Vaishnavi,Tailor,Female,1982-10-29
EMP01900,Aahana,Edwin,Female,1997-11-07
EMP01901,Gabriel,Edwin,Female,1974-06-14
EMP01902,Triya,Parekh,Female,1984-12-09
EMP01903,Ayush,Raghavan,Female,1987-05-27
EMP01904,Ekansh,Puri,Male,1964-06-15
EMP01905,Hemang,Kannan,Male,1989-12-20
EMP01906,Oni,Rama,Male,1984-10-30
EMP01907,Pahal,Ghose,Female,1980-04-24
EMP01908,Ojasvi,Bala,Female,1977-12-20
EMP01909,Maanas,Bedi,Male,1977-03-04
EMP01910,Rajeshri,Barad,Male,1994-09-23
EMP01911,Atharv,Deo,Male,1986-06-04
EMP01912,Ekantika,Kumer,Male,1993-08-10
EMP01913,Yasti,Menon,Male,1968-02-11
EMP01914,Irya,Peri,Male,1983-07-10
EMP01915,Abha,Garde,Female,1987-09-03
EMP01916,Anvi,Dara,Female,1993-04-16
EMP01917,Bhavani,Behl,Male,1985-07-12
EMP01918,Max,Sekhon,Female,1981-01-15
EMP01919,Sanaya,Ganesan,Male,1977-04-16
EMP01920,Yatan,Gopal,Male,1986-02-06
EMP01921,Unni,Bhardwaj,Male,1984-06-14
EMP01922,Anay,Srinivasan,Female,1999-04-29
EMP01923,Jeet,Dhar,Female,1981-01-01
EMP01924,Gaurang,Ratti,Male,1994-11-13
EMP01925,Gayathri,Bhatti,Male,1972-04-03
EMP01926,Chandani,Borde,Female,1988-08-01
EMP01927,Priya,Bora,Female,1986-01-13
EMP01928,Agastya,Bhakta,Female,1993-11-26
EMP01929,Unni,Oza,Male,1983-07-20
EMP01930,Veda,Singhal,Female,1983-07-17
EMP01931,Samesh,Goel,Male,1988-01-10
EMP01932,Theodore,Sethi,Male,1991-11-22
EMP01933,Bhavya,Batta,Male,1994-07-04
EMP01934,Januja,Shah,Male,1986-01-11
EMP01935,Nilima,Sama,Male,1969-03-19
EMP01936,Avni,Hegde,Female,1997-11-14
EMP01937,Gautam,Singh,Female,1991-02-13
EMP01938,Jeet,Nadig,Female,1976-09-28
EMP01939,Yauvani,Palan,Male,1971-09-26
EMP01940,Vasudha,Sama,Female,1992-04-13
EMP01941,Vedika,Shukla,Male,1986-03-05
EMP01942,Yoshita,Patla,Male,1994-07-28
EMP01943,Harinakshi,Vora,Male,1996-03-31
EMP01944,Hamsini,Vala,Female,1984-07-03
EMP01945,Ishwar,Gade,Male,1974-03-03
EMP01946,Qadim,Aggarwal,Male,1988-02-11
EMP01947,Ishanvi,Dara,Male,1995-03-28
EMP01948,Timothy,Narang,Female,1967-01-09
EMP01949,Ojas,Jaggi,Female,1999-05-25
EMP01950,Sudiksha,Dhar,Male,1983-11-20
EMP01951,Nitara,Dasgupta,Female,1983-05-31
EMP01952,Chaman,Babu,Male,1967-12-15
EMP01953,Arjun,Keer,Male,1998-12-24
EMP01954,Sai,Talwar,Male,1972-03-18
EMP01955,Hemangini,Choudhary,Male,1983-04-09
EMP01956,Henry,Kumar,Male,1999-03-27
EMP01957,Rudra,Mahal,Female,1983-06-12
EMP01958,Abdul,Mitter,Male,1997-02-04
EMP01959,Kamala,Dyal,Male,1986-06-06
EMP01960,Diya,Grover,Male,1990-04-27
EMP01961,Jairaj,Khatri,Female,2001-12-22
EMP01962,Jalsa,Rout,Female,1994-01-17
EMP01963,Saumya,Mani,Male,1983-04-02
EMP01964,Amara,Nagarajan,Male,1987-09-04
EMP01965,Aarav,Sibal,Male,1981-07-16
EMP01966,Yadavi,Narain,Male,1994-09-22
EMP01967,Bhanumati,Madan,Male,1979-07-17
EMP01968,Vansha,Patil,Male,1993-08-23
EMP01969,Vanya,Prashad,Female,1985-11-29
EMP01970,Nimrat,Butala,Female,1991-09-09
EMP01971,Orinder,Sarna,Male,1994-07-27
EMP01972,Osha,Naidu,Female,1985-09-30
EMP01973,Waida,Kothari,Male,1996-09-14
EMP01974,Liam,Magar,Male,1990-01-08
EMP01975,Ijaya,Sura,Female,1990-02-18
EMP01976,Oni,Bhandari,Male,1981-08-12
EMP01977,Shivani,Pal,Male,1989-04-05
EMP01978,Maanav,Garg,Male,1991-07-21
EMP01979,Xavier,Chand,Female,1978-08-09
EMP01980,Upadhriti,Barad,Male,1989-11-27
EMP01981,Saumya,Garde,Male,1986-08-08
EMP01982,Lekha,Viswanathan,Female,1992-11-26
EMP01983,Neel,Thakkar,Male,1973-02-19
EMP01984,Chanakya,Solanki,Male,1965-04-10
EMP01985,Xavier,Shroff,Male,1992-06-01
EMP01986,Netra,Apte,Male,1994-07-25
EMP01987,Reyansh,Iyer,Male,1982-03-18
EMP01988,Abha,Bumb,Female,1990-03-06
EMP01989,Pooja,Dugar,Female,1994-02-06
EMP01990,Nimrat,Setty,Male,1980-09-20
EMP01991,Isaac,Dubey,Male,1997-04-22
EMP01992,Isaac,Dewan,Female,1983-02-03
EMP01993,Upkaar,Zacharia,Female,1976-07-03
EMP01994,Diya,Parmer,Female,1994-01-23
EMP01995,Hemal,Mital,Male,1996-10-02
EMP01996,Gaurav,Parmer,Female,2000-10-07
EMP01997,Pushti,Sastry,Female,1980-03-08
EMP01998,Eshana,Kurian,Male,1979-02-13
EMP01999,Girish,Shankar,Male,1998-04-19
EMP02000,Urmi,Sathe,Male,1988-04-28
EMP02001,Manthan,Jayaraman,Female,1986-03-28
EMP02002,Vivaan,Lal,Female,1990-07-06
EMP02003,Ekansh,Issac,Female,1987-01-24
EMP02004,Oeshi,Yogi,Female,1994-02-28
EMP02005,Warhi,Agarwal,Female,1990-04-04
EMP02006,Theodore,Muni,Male,1966-05-25
EMP02007,Ekani,Tara,Male,1983-09-28
EMP02008,Azaan,Tank,Male,1983-01-02
EMP02009,Darsh,Dhingra,Male,1993-01-18
EMP02010,Ati,Halder,Male,1978-12-14
EMP02011,Jagvi,Suresh,Male,1997-12-12
EMP02012,Urmi,Barman,Male,1978-05-29
EMP02013,Nicholas,Chaudhry,Male,1983-08-03
EMP02014,Naksh,Sura,Male,1986-02-15
EMP02015,Damyanti,Ratta,Female,1989-04-28
EMP02016,Geetika,Parikh,Male,1993-03-24
EMP02017,Dev,Bail,Male,1997-12-03
EMP02018,Mekhala,Narayan,Female,1987-12-09
EMP02019,Kalpit,Agrawal,Female,1992-07-15
EMP02020,Nisha,Deep,Female,1983-03-26
EMP02021,Isaiah,Issac,Male,1984-07-22
EMP02022,Yadavi,Saxena,Female,1991-10-02
EMP02023,Azaan,Upadhyay,Male,1988-09-02
EMP02024,Mason,Bumb,Female,1998-10-16
EMP02025,Bahadurjit,Sama,Female,1995-12-19
EMP02026,Anika,Rajagopal,Female,1970-11-08
EMP02027,Jalsa,Sachar,Female,1993-02-17
EMP02028,Qushi,Rama,Male,1984-09-27
EMP02029,Nirja,Wadhwa,Female,1969-03-05
EMP02030,Niharika,Rout,Female,1984-06-14
EMP02031,Max,Dube,Male,1994-01-28
EMP02032,Max,Oak,Female,1990-10-10
EMP02033,Harita,Dubey,Male,1963-05-23
EMP02034,Aayush,Bera,Female,1996-05-09
EMP02035,Udyati,Lal,Male,1976-09-15
EMP02036,Lila,Rege,Female,1978-02-18
EMP02037,Qasim,Brahmbhatt,Female,1973-03-07
EMP02038,Aachal,Tella,Female,1987-09-27
EMP02039,Raghav,Gupta,Female,1991-10-05
EMP02040,Nitara,Tata,Female,1994-06-24
EMP02041,Chaaya,Deshmukh,Male,1981-05-11
EMP02042,Yamini,Ahluwalia,Male,1983-01-17
EMP02043,Abhimanyu,Sidhu,Male,1995-01-09
EMP02044,Chakradhar,Gupta,Female,1985-12-12
EMP02045,Lajita,Sura,Female,1971-10-11
EMP02046,Yatan,Madan,Male,1988-08-19
EMP02047,Vincent,Bora,Female,1973-07-31
EMP02048,Hema,Mittal,Female,2001-05-05
EMP02049,Amaira,Ramesh,Female,1970-08-06
EMP02050,Patrick,Dalal,Female,1980-06-19
EMP02051,Zashil,Swaminathan,Female,1984-12-25
EMP02052,Udyati,Shukla,Male,1989-09-04
EMP02053,Reyansh,Ratta,Male,1979-09-17
EMP02054,Ekaraj,Balakrishnan,Male,1981-07-31
EMP02055,Upasna,Saha,Male,1980-06-28
EMP02056,Vritti,Virk,Male,1988-07-27
EMP02057,Sathvik,Gera,Male,1988-09-18
EMP02058,Kai,Varghese,Female,1998-06-27
EMP02059,Ekani,Chakrabarti,Male,2000-08-14
EMP02060,Jagrati,Koshy,Female,1975-09-15
EMP02061,Shivani,Oommen,Female,1989-11-20
EMP02062,Upasna,Acharya,Male,1985-12-18
EMP02063,Yachana,Aurora,Female,1987-07-03
EMP02064,Omaja,Gokhale,Male,1998-03-11
EMP02065,Balhaar,Sachar,Female,1979-10-01
EMP02066,Wishi,Dugar,Male,1992-05-06
EMP02067,Aadi,Aurora,Male,1985-12-24
EMP02068,Anika,Mangal,Male,1985-12-28
EMP02069,Ishwar,Virk,Male,1983-09-12
EMP02070,Vihaan,Kapur,Male,1986-01-21
EMP02071,Nilima,Agrawal,Female,1986-08-31
EMP02072,Rachit,Gole,Male,1997-01-17
EMP02073,Karan,Rajagopal,Male,1974-10-04
EMP02074,Yadavi,Luthra,Male,1979-06-24
EMP02075,Finn,Vora,Female,1973-08-12
EMP02076,Tarak,Dani,Female,1990-11-11
EMP02077,Panini,Dua,Female,1984-12-29
EMP02078,Nathan,Nazareth,Male,1995-03-07
EMP02079,Zinal,Kuruvilla,Female,1984-09-18
EMP02080,Anirudh,Rana,Female,1997-10-04
EMP02081,Hemal,Sandhu,Male,1992-08-31
EMP02082,Sanaya,Iyengar,Male,1988-01-03
EMP02083,Girish,Sanghvi,Male,1992-10-10
EMP02084,Forum,Sawhney,Female,1984-03-17
EMP02085,Vihaan,Savant,Male,1981-07-02
EMP02086,Ishita,Purohit,Male,1990-09-20
EMP02087,Yashodhara,Ganesh,Male,1985-06-26
EMP02088,Mitesh,Mistry,Female,1987-06-23
EMP02089,Advik,Kalita,Female,1982-10-21
EMP02090,Abeer,Wable,Male,1987-01-17
EMP02091,Vrishti,Tara,Female,2001-03-02
EMP02092,Xiti,Mander,Female,1968-06-15
EMP02093,Theodore,Baria,Female,1993-03-02
EMP02094,Orinder,Sidhu,Female,1990-12-25
EMP02095,Idika,Garde,Male,1992-12-28
EMP02096,Parth,Dani,Female,1998-08-05
EMP02097,Nidra,Gole,Male,1989-07-09
EMP02098,Faris,Chacko,Female,1983-01-22
EMP02099,Max,Dua,Female,1985-03-07
EMP02100,Siddharth,Sangha,Male,1984-06-01
EMP02101,Ojasvi,Gulati,Male,1998-12-12
EMP02102,Neha,Munshi,Male,1986-01-13
EMP02103,Orinder,Lad,Male,1993-02-20
EMP02104,Vedika,Nigam,Male,1991-11-21
EMP02105,Girindra,Singhal,Female,1982-02-19
EMP02106,Vaishnavi,Rajagopalan,Female,1995-11-29
EMP02107,Aachal,Baral,Male,1977-12-24
EMP02108,Hredhaan,Lad,Male,1984-12-29
EMP02109,Yashasvi,Bhakta,Female,1989-08-09
EMP02110,Aishani,Chhabra,Male,1995-03-31
EMP02111,Aishani,Swamy,Male,1978-09-21
EMP02112,Pooja,Patla,Female,1996-04-05
EMP02113,Sanya,Chauhan,Female,1991-02-12
EMP02114,Chakradhar,Comar,Male,1971-08-06
EMP02115,Daksha,Sha,Male,1983-10-16
EMP02116,Mahika,Nayak,Male,1980-05-14
EMP02117,Pratyush,Shere,Female,1990-01-24
EMP02118,Abeer,Anne,Female,1985-01-17
EMP02119,Pahal,Raja,Male,1978-03-28
EMP02120,Samarth,Bhardwaj,Male,1986-11-01
EMP02121,Chandresh,Purohit,Male,1974-01-16
EMP02122,Tejas,Krish,Female,1988-04-21
EMP02123,Lucky,Kaur,Male,1986-06-21
EMP02124,Advaith,Kashyap,Female,1986-02-27
EMP02125,Yatan,Guha,Male,2001-07-29
EMP02126,Maanav,Ben,Female,1990-11-10
EMP02127,Joshua,Dube,Male,1989-07-02
EMP02128,Pranit,Zachariah,Female,1991-08-10
EMP02129,Kamala,Merchant,Female,1986-07-08
EMP02130,Vyanjana,Dasgupta,Female,1991-07-14
EMP02131,Jackson,Zachariah,Male,1995-08-16
EMP02132,Ekanta,Basu,Female,1994-12-21
EMP02133,Ansh,Mody,Male,1970-12-17
EMP02134,Nitesh,Wali,Male,1988-02-20
EMP02135,Hemangini,Varma,Female,1981-10-04
EMP02136,Qasim,Kapadia,Female,1996-12-09
EMP02137,Jeremiah,Prasad,Male,1993-07-20
EMP02138,Nidhi,Hegde,Female,1993-04-11
EMP02139,Ekanta,Bhatnagar,Female,1981-11-09
EMP02140,Ikbal,Nazareth,Female,1988-01-11
EMP02141,Vyanjana,Iyer,Male,1986-02-15
EMP02142,Ucchal,Deep,Male,1980-09-01
EMP02143,Vasana,Sarin,Female,1992-04-06
EMP02144,Isha,Chaudry,Male,1992-07-09
EMP02145,Bhavna,Hayre,Male,1996-01-11
EMP02146,Nihal,Virk,Male,1985-07-23
EMP02147,Lopa,Sarkar,Male,1992-12-14
EMP02148,Damyanti,Warrior,Female,1992-02-29
EMP02149,Lucky,Lal,Female,1991-01-19
EMP02150,Jagrati,Tripathi,Male,1983-11-30
EMP02151,Vasudha,Bhasin,Male,1983-01-18
EMP02152,Kevin,Parekh,Male,1975-05-07
EMP02153,Hiral,Karpe,Female,1985-02-03
EMP02154,Janaki,Tandon,Female,1984-12-19
EMP02155,Unnati,Chakraborty,Female,1989-05-31
EMP02156,Avi,Menon,Female,1978-02-28
EMP02157,Megha,Sama,Female,1965-11-15
EMP02158,Barkha,Dube,Male,1986-12-18
EMP02159,Ryan,Warrior,Female,1968-02-18
EMP02160,Idika,Ramachandran,Male,1987-04-10
EMP02161,Logan,Master,Female,1998-05-05
EMP02162,Widisha,Baria,Male,1988-12-17
EMP02163,Darika,Gola,Female,1997-07-03
EMP02164,Yauvani,Tak,Male,1990-11-23
EMP02165,Falan,Morar,Female,1997-05-04
EMP02166,Robert,Kant,Male,1988-12-01
EMP02167,Ethan,Gaba,Male,1995-08-07
EMP02168,Ijaya,Narain,Female,1984-07-08
EMP02169,Bimala,Malhotra,Female,1982-09-10
EMP02170,Nidhi,Pathak,Male,1988-07-08
EMP02171,Dhriti,Mukherjee,Male,1981-07-18
EMP02172,Yagnesh,De,Male,1979-07-10
EMP02173,Balvan,Khurana,Male,1986-05-20
EMP02174,Ekaja,Palla,Male,1974-08-24
EMP02175,Patrick,Pingle,Male,1993-01-04
EMP02176,Chaitanya,Bumb,Female,1980-10-31
EMP02177,Amol,Hayre,Male,1987-12-14
EMP02178,Jacob,Bajaj,Female,1981-08-29
EMP02179,Hitesh,Sandhu,Female,1982-03-04
EMP02180,Upasna,Ranganathan,Female,1995-10-08
EMP02181,Sara,Choudhury,Male,1985-07-21
EMP02182,Ekapad,Nadkarni,Female,1981-10-09
EMP02183,Orinder,Mane,Male,1986-05-30
EMP02184,Yashica,Sharma,Male,1998-07-16
EMP02185,Aarnav,Minhas,Male,1999-06-29
EMP02186,Kavya,Aurora,Female,1991-07-10
EMP02187,Rishi,Das,Female,1994-02-16
EMP02188,Turvi,Padmanabhan,Male,1985-09-15
EMP02189,Aarush,Lanka,Male,1986-06-06
EMP02190,Rohan,Kaul,Male,1984-03-17
EMP02191,Anamika,Sur,Female,1992-09-18
EMP02192,Timothy,Dhingra,Male,1989-03-31
EMP02193,Warhi,Garg,Male,1996-06-22
EMP02194,Faris,Konda,Female,1993-04-18
EMP02195,Balveer,Krishnan,Female,1981-04-28
EMP02196,Nitara,Minhas,Male,1983-10-31
EMP02197,Chandani,Mani,Male,1987-11-23
EMP02198,Pranav,Bhavsar,Female,1980-10-01
EMP02199,Jonathan,Chaudhuri,Female,1998-04-15
EMP02200,Udant,Devi,Male,1992-08-31
EMP02201,Indira,Dugal,Female,1994-06-13
EMP02202,Aadi,Dugar,Female,1992-03-21
EMP02203,Pushti,Mandal,Male,1995-12-09
EMP02204,Vidhi,Patla,Male,1961-06-13
EMP02205,Indira,Basak,Male,1989-02-24
EMP02206,Owen,Parikh,Male,1971-01-13
EMP02207,Tanveer,Mammen,Female,1981-09-13
EMP02208,Yuvraj,Loyal,Male,1981-09-22
EMP02209,Widisha,Rama,Female,1983-09-30
EMP02210,Ayaan,Chokshi,Female,1987-02-28
EMP02211,Deepa,Narula,Female,1995-08-01
EMP02212,Oliver,Shukla,Male,1997-10-14
EMP02213,Aayush,Kapadia,Female,1987-02-22
EMP02214,Anusha,Guha,Female,1995-08-14
EMP02215,Tristan,Ganesan,Female,1986-10-22
EMP02216,Aachal,Krishnamurthy,Male,1982-03-06
EMP02217,Vaishnavi,Bansal,Male,1985-01-21
EMP02218,Hemal,Das,Male,1991-10-17
EMP02219,Warinder,Babu,Female,1991-12-10
EMP02220,Watika,Agate,Female,1995-06-25
EMP02221,Thomas,Chad,Male,1986-02-24
EMP02222,Girik,Palan,Male,1994-07-05
EMP02223,Inaya,Savant,Female,1998-09-09
EMP02224,Hitesh,Bath,Female,1997-07-30
EMP02225,Krishna,Deol,Female,1993-07-15
EMP02226,Zarna,Loyal,Male,1997-12-29
EMP02227,Gautam,Walla,Male,1970-04-30
EMP02228,Vamakshi,Borah,Female,1984-11-27
EMP02229,Nathan,Shankar,Female,1989-03-11
EMP02230,Ekanta,Krishna,Male,1997-10-19
EMP02231,Pranit,Dixit,Female,1984-09-19
EMP02232,Faras,Shankar,Male,1991-09-05
EMP02233,Chandran,Bandi,Male,1968-08-31
EMP02234,Krishna,Khalsa,Male,1987-12-02
EMP02235,Zansi,Bera,Male,1992-01-22
EMP02236,David,Agate,Female,1973-11-13
EMP02237,Bimala,Mani,Female,1998-02-24
EMP02238,Gopal,Pradhan,Male,1995-02-25
EMP02239,Wahab,Shroff,Male,1962-05-29
EMP02240,Dalbir,Prabhu,Female,1991-12-15
EMP02241,Varenya,Salvi,Female,1978-12-15
EMP02242,Dakshesh,Chowdhury,Female,1979-04-05
EMP02243,Udant,Narayanan,Female,1994-07-24
EMP02244,Anusha,Handa,Male,1978-04-07
EMP02245,Harshil,Thakkar,Male,1990-08-24
EMP02246,Pushti,Salvi,Male,1989-03-22
EMP02247,Vritti,Cheema,Male,1986-12-15
EMP02248,Pooja,Taneja,Male,1994-02-22
EMP02249,Nachiket,Guha,Female,1991-10-18
EMP02250,Bhavna,Mandal,Male,1982-05-10
EMP02251,Rayaan,Balasubramanian,Female,1986-12-12
EMP02252,Chandani,Prabhu,Female,1998-05-05
EMP02253,Varenya,Bhatt,Male,1996-12-20
EMP02254,Krish,Chopra,Female,1985-11-05
EMP02255,Kamya,Ghose,Male,1991-05-17
EMP02256,Ekiya,Shenoy,Female,1974-06-26
EMP02257,Raagini,Ahluwalia,Male,1995-09-26
EMP02258,Bina,Banik,Female,1991-06-01
EMP02259,Kabir,Grewal,Male,1981-10-23
EMP02260,Dhruv,Saran,Male,1993-05-12
EMP02261,Chatresh,Dua,Male,1991-08-18
EMP02262,Aashi,Ratti,Female,1987-02-28
EMP02263,Azaan,Sarraf,Male,1981-01-30
EMP02264,Baghyawati,Prabhu,Male,1983-07-24
EMP02265,Ishita,Ravi,Female,1995-07-15
EMP02266,Suhani,Bandi,Male,1986-11-26
EMP02267,Jatin,Oak,Male,1984-01-28
EMP02268,Chakradev,Dugar,Male,1986-12-19
EMP02269,Karan,Sahota,Male,1979-07-15
EMP02270,Nidra,Chawla,Male,1980-12-02
EMP02271,Harish,Rai,Female,1981-05-13
EMP02272,Vritti,Kata,Female,1987-02-17
EMP02273,Arjun,Lad,Female,1972-07-02
EMP02274,Arunima,Mistry,Female,1992-01-12
EMP02275,Nihal,Arora,Female,1989-08-17
EMP02276,Janya,Mahajan,Male,2000-07-06
EMP02277,Chaaya,Kohli,Female,1986-06-30
EMP02278,Nitesh,Mistry,Male,1990-04-06
EMP02279,Amruta,Deep,Male,1985-12-15
EMP02280,Pranit,Saraf,Male,1986-06-21
EMP02281,Tarak,Sachar,Male,1990-11-30
EMP02282,Sai,Baria,Female,1988-06-14
EMP02283,Libni,Chakraborty,Female,1983-07-24
EMP02284,Osha,Nadkarni,Female,1996-11-02
EMP02285,Balvan,Agarwal,Female,1988-01-01
EMP02286,Praneel,Kanda,Male,1992-09-30
EMP02287,Devansh,Sule,Male,1969-07-26
EMP02288,Kashish,Chad,Male,1972-10-15
EMP02289,Gabriel,Sha,Male,1987-08-20
EMP02290,Karan,Purohit,Female,1996-12-15
EMP02291,Vansha,Hayer,Male,1986-07-12
EMP02292,Shivani,Lad,Female,1997-11-19
EMP02293,Chanakya,Chaudry,Female,1988-06-26
EMP02294,Reyansh,Sodhi,Female,1995-04-05
EMP02295,Amruta,Contractor,Female,1986-10-29
EMP02296,Henry,Munshi,Male,1973-02-05
EMP02297,Gagan,Mutti,Female,1983-02-15
EMP02298,Kashvi,Chacko,Female,1996-03-01
EMP02299,Aadhya,Nagarajan,Male,1980-11-08
EMP02300,Dayita,Mohanty,Male,1989-09-18
EMP02301,Vidhi,Tandon,Male,1999-12-19
EMP02302,Yashica,Wali,Male,1983-09-22
EMP02303,Triveni,Jhaveri,Female,1978-05-14
EMP02304,Anvi,Iyer,Female,1985-12-05
EMP02305,Chaaya,Naik,Female,1989-10-18
EMP02306,Jyoti,Chaudhuri,Female,1990-04-03
EMP02307,Libni,Kuruvilla,Male,1989-09-18
EMP02308,Jason,Ramanathan,Male,1982-06-20
EMP02309,Ayushman,Sha,Female,1984-03-17
EMP02310,Logan,Natarajan,Female,1981-01-23
EMP02311,Dayita,Padmanabhan,Female,1966-05-28
EMP02312,Ekaja,Char,Female,2001-03-17
EMP02313,Urvashi,Ramanathan,Male,1997-12-18
EMP02314,Chaitanya,Mukhopadhyay,Male,1993-02-07
EMP02315,Yashica,Sundaram,Male,1993-12-09
EMP02316,Indrajit,Shenoy,Female,1983-11-22
EMP02317,Ekani,Chakraborty,Male,1981-07-27
EMP02318,Falan,Setty,Male,1991-03-03
EMP02319,Osha,Sahni,Female,1990-07-11
EMP02320,Damini,Oak,Female,1987-03-02
EMP02321,Ganga,Prakash,Female,1989-07-19
EMP02322,Idika,Grewal,Male,1981-03-16
EMP02323,Deepa,Deo,Female,1989-06-02
EMP02324,Daniel,Saxena,Female,1979-11-03
EMP02325,Kritika,Hegde,Male,1981-08-27
EMP02326,Andrew,Thaker,Male,1983-07-18
EMP02327,Nilima,Seshadri,Male,2000-03-18
EMP02328,Udarsh,Krishnan,Male,1978-03-13
EMP02329,Udant,Prabhakar,Female,1997-08-29
EMP02330,Ira,Bhattacharyya,Female,1992-03-25
EMP02331,Champak,Sur,Male,1986-05-26
EMP02332,Urmi,Iyengar,Male,1990-05-02
EMP02333,Krisha,Srinivasan,Female,1988-08-11
EMP02334,Naksh,Misra,Female,2001-01-27
EMP02335,Rayaan,Kanda,Female,1988-08-04
EMP02336,Balvan,Sachdev,Female,1979-03-04
EMP02337,Manthan,Batra,Male,1989-02-09
EMP02338,Tejas,Palla,Female,1978-06-17
EMP02339,Nitara,Rajagopal,Female,1973-03-05
EMP02340,Vedika,Sarin,Male,1986-05-26
EMP02341,Anusha,Gulati,Female,1988-01-27
EMP02342,Rachana,Khosla,Female,1985-01-19
EMP02343,Max,Kibe,Male,1994-08-02
EMP02344,Raghav,Vaidya,Female,1988-06-12
EMP02345,Gavin,Taneja,Male,1984-03-11
EMP02346,Ekanta,Jaggi,Male,1985-11-09
EMP02347,Qasim,Mand,Male,2002-01-07
EMP02348,Zansi,Kari,Male,1989-05-25
EMP02349,Fitan,Chawla,Female,1992-07-24
EMP02350,Ubika,Parikh,Female,1978-10-08
EMP02351,Ryan,Tailor,Male,1981-06-11
EMP02352,Ijaya,Gill,Male,1980-11-29
EMP02353,Baghyawati,Dewan,Male,1982-06-30
EMP02354,Isaac,Dua,Female,1988-01-04
EMP02355,Vihaan,Parmar,Female,1997-12-21
EMP02356,Harinakshi,Khosla,Female,1988-04-06
EMP02357,Vansha,Nagy,Female,1970-07-05
EMP02358,Pranit,Handa,Female,1991-07-14
EMP02359,Ganga,Karpe,Male,1968-07-07
EMP02360,Bhavika,Srinivasan,Female,1986-05-12
EMP02361,Anika,Shukla,Male,1989-11-09
EMP02362,Nachiket,Kakar,Male,1973-07-24
EMP02363,Abeer,Trivedi,Female,1984-12-29
EMP02364,Ekbal,Parmer,Male,1992-09-14
EMP02365,Geetika,Chaudhari,Female,1979-04-10
EMP02366,Vansha,Suresh,Female,1989-06-12
EMP02367,Dhriti,Sabharwal,Male,1988-02-16
EMP02368,Vihaan,Kade,Female,1982-05-07
EMP02369,Ekalinga,Ramesh,Female,1987-05-22
EMP02370,Ira,Natarajan,Male,1976-02-27
EMP02371,Shivani,Sarna,Male,1997-05-01
EMP02372,Rudra,Zacharia,Male,1986-11-19
EMP02373,Chameli,Nair,Female,1987-07-08
EMP02374,Bhavini,Goda,Female,1984-12-10
EMP02375,Daksh,Dhingra,Male,1984-01-18
EMP02376,Chandran,Goyal,Male,1990-01-12
EMP02377,Samar,Agate,Female,1985-11-20
EMP02378,Advika,Gera,Male,1981-09-07
EMP02379,Chakradhar,Dani,Male,1980-12-20
EMP02380,Hemang,Sundaram,Male,1996-10-09
EMP02381,Vaishnavi,Subramaniam,Male,2001-12-13
EMP02382,Falan,More,Female,1996-03-06
EMP02383,Eesha,Mannan,Female,1988-08-28
EMP02384,Ekbal,Anne,Female,1969-11-16
EMP02385,Bimala,Palla,Male,1991-09-03
EMP02386,Devansh,Lall,Female,1979-11-21
EMP02387,Ojas,Khurana,Male,1985-08-21
EMP02388,Patrick,Patil,Female,1984-01-10
EMP02389,Januja,Prakash,Male,1994-08-18
EMP02390,Ekavir,Bhardwaj,Female,1975-09-20
EMP02391,Kashish,Butala,Male,1989-08-31
EMP02392,Warhi,Mander,Female,2000-02-27
EMP02393,Sai,Hayer,Male,1984-06-18
EMP02394,Anamika,Kant,Male,1990-04-23
EMP02395,Balvan,Badal,Male,1981-04-23
EMP02396,Vivaan,Lall,Female,1988-02-14
EMP02397,Noah,Kashyap,Female,1994-12-29
EMP02398,Ladli,Deol,Female,1985-08-07
EMP02399,Pratyush,Varughese,Female,1992-04-19
EMP02400,Ronith,Nigam,Female,1985-11-07
EMP02401,Anirudh,Thaman,Female,1995-04-29
EMP02402,Rishi,Shanker,Female,1986-11-11
EMP02403,Amol,Wali,Female,1992-03-12
EMP02404,Christopher,Lala,Male,1992-01-04
EMP02405,Gaurangi,Venkatesh,Male,1986-04-01
EMP02406,Yutika,Yadav,Male,1993-02-24
EMP02407,Sudiksha,Chandra,Male,1983-06-18
EMP02408,Forum,Kade,Female,1997-12-10
EMP02409,Baljiwan,Das,Female,1980-01-24
EMP02410,Zaitra,Bora,Male,2001-10-08
EMP02411,Gautam,Ghosh,Male,1978-04-29
EMP02412,Nachiket,Varughese,Male,1981-02-20
EMP02413,Yadavi,Sangha,Male,1994-07-14
EMP02414,Zarna,Jaggi,Female,1982-10-12
EMP02415,William,Om,Female,2001-04-21
EMP02416,Alexander,Samra,Male,1984-06-23
EMP02417,Adweta,Gara,Male,1971-08-06
EMP02418,Wahab,Shan,Female,1990-05-11
EMP02419,Gaurang,Som,Female,1961-11-19
EMP02420,Rudra,Yohannan,Male,1969-12-30
EMP02421,Aarush,Mitra,Female,1980-10-25
EMP02422,Leena,Malhotra,Female,1979-03-15
EMP02423,Dev,Seshadri,Male,1998-11-07
EMP02424,Shravya,Garde,Female,1977-11-13
EMP02425,Christopher,Panchal,Female,1977-09-26
EMP02426,Neha,Borah,Male,1992-10-31
EMP02427,Jack,Chhabra,Male,1994-09-23
EMP02428,Gopal,Wason,Male,1979-10-19
EMP02429,Kritika,Salvi,Female,1993-03-06
EMP02430,Dayita,Nayar,Female,1976-11-01
EMP02431,Charita,Doshi,Female,1988-05-16
EMP02432,Bhavani,Kashyap,Male,1996-05-07
EMP02433,Daksha,Kapur,Female,1986-05-16
EMP02434,Udant,Mital,Male,1976-11-30
EMP02435,Manthan,Shenoy,Male,1986-11-15
EMP02436,Shivani,Raghavan,Female,1995-08-20
EMP02437,Fariq,Thakkar,Male,1986-01-22
EMP02438,Tripti,Shan,Male,1987-06-11
EMP02439,Watika,Goel,Female,1978-06-30
EMP02440,Vaishnavi,Nori,Female,1984-05-13
EMP02441,Rushil,Sagar,Male,1995-01-15
EMP02442,Widisha,Bala,Male,1964-08-18
EMP02443,Daksha,Sule,Male,1984-08-13
EMP02444,Bhavika,Sahota,Male,1980-01-10
EMP02445,Upkaar,Luthra,Female,1988-11-18
EMP02446,Tanmayi,Chand,Female,1990-08-24
EMP02447,Unnati,Mand,Female,1990-10-28
EMP02448,Fitan,Batta,Female,1978-10-13
EMP02449,Hema,Dhaliwal,Male,1991-04-24
EMP02450,Rajata,Char,Female,1981-03-21
EMP02451,Pranit,Mander,Male,1995-08-06
EMP02452,Isaac,Ramesh,Male,1967-05-05
EMP02453,Sarthak,Doshi,Male,1981-09-21
EMP02454,Anya,Andra,Female,1991-06-25
EMP02455,Yadavi,Bhardwaj,Male,1977-04-23
EMP02456,Sanaya,Hegde,Male,2002-04-08
EMP02457,Osha,Chopra,Male,1997-10-14
EMP02458,Sneha,Chahal,Female,1989-12-12
EMP02459,Upasna,Sarma,Male,1985-11-10
EMP02460,Udyati,Dhillon,Female,2000-11-04
EMP02461,Lajita,Sane,Female,1982-07-23
EMP02462,Anamika,Srinivasan,Female,1992-08-01
EMP02463,Bhavya,Batra,Female,1988-07-11
EMP02464,Chakrika,Dara,Female,1997-07-16
EMP02465,Triveni,Thakur,Male,1982-06-23
EMP02466,Logan,Verma,Female,1985-09-14
EMP02467,Oliver,Vasa,Female,1977-10-03
EMP02468,Imaran,Wali,Male,1997-05-18
EMP02469,Janani,Sur,Male,1992-06-10
EMP02470,Jyoti,Saxena,Female,1990-07-23
EMP02471,Varenya,Shah,Male,1989-10-15
EMP02472,Vedant,Mitra,Female,1982-06-06
EMP02473,Ekansh,Hegde,Male,1996-08-23
EMP02474,Rachita,Dash,Female,1987-01-10
EMP02475,Rayaan,Rajagopal,Female,1993-06-28
EMP02476,Dhruv,Choudhary,Male,1997-08-14
EMP02477,Siddharth,Barad,Male,1999-10-20
EMP02478,Jairaj,Bandi,Female,1986-11-19
EMP02479,Rushil,Brar,Female,1985-12-22
EMP02480,Zashil,Andra,Male,1997-11-13
EMP02481,Veda,Bhandari,Male,1994-07-25
EMP02482,Rishi,Brahmbhatt,Male,1984-06-22
EMP02483,Pahal,Vaidya,Female,1990-05-03
EMP02484,Damyanti,Manda,Male,1993-03-07
EMP02485,Aditya,Sinha,Male,1982-08-20
EMP02486,Radha,Borra,Female,1995-04-15
EMP02487,Reva,Mahajan,Male,1999-12-29
EMP02488,Alka,Bajaj,Male,1989-12-30
EMP02489,Aarnav,Bal,Male,1985-10-22
EMP02490,Praneel,Mohan,Male,1976-09-19
EMP02491,Yash,Gara,Female,1964-11-04
EMP02492,Sudiksha,Sha,Female,1999-05-30
EMP02493,Robert,Luthra,Male,1987-05-26
EMP02494,Priya,Rattan,Male,1968-07-22
EMP02495,Akshay,Wali,Male,1984-11-21
EMP02496,Chasmum,Yadav,Male,1991-06-16
EMP02497,Chanakya,Vaidya,Female,1980-03-20
EMP02498,Brinda,Jain,Male,1982-08-23
EMP02499,Nilima,Vaidya,Male,1991-08-22
EMP02500,Naksh,Sinha,Male,1968-08-03
EMP02501,Rajeshri,Saxena,Male,1979-11-23
EMP02502,Oni,Parsa,Female,1972-12-10
EMP02503,Owen,Swaminathan,Female,1992-05-30
EMP02504,Varenya,Barman,Male,1976-02-25
EMP02505,Elijah,Bal,Female,1986-12-25
EMP02506,Aahana,More,Female,1987-02-19
EMP02507,Umang,Mittal,Male,1991-03-17
EMP02508,Yadavi,Menon,Male,1989-11-29
EMP02509,Abdul,Murty,Male,1987-09-08
EMP02510,Bhanumati,Bora,Male,1991-02-01
EMP02511,Tarak,Agrawal,Female,1993-10-03
EMP02512,Tejas,Sunder,Female,1983-05-20
EMP02513,Gayathri,Bava,Female,1995-08-11
EMP02514,Ishita,Vyas,Male,1981-02-28
EMP02515,Anthony,Krishnan,Male,1986-10-09
EMP02516,Chanchal,Sampath,Male,1982-01-09
EMP02517,Kabir,Varkey,Male,1987-12-17
EMP02518,Fiyaz,Vasa,Male,1976-12-01
EMP02519,Imaran,Kibe,Male,1969-03-11
EMP02520,Warda,Chadha,Female,1979-09-18
EMP02521,Caleb,Buch,Female,1990-01-25
EMP02522,Sanya,Panchal,Male,1986-02-18
EMP02523,Oeshi,Dugal,Male,1979-09-15
EMP02524,Chanakya,Date,Male,1990-02-16
EMP02525,Bhavika,Kade,Male,1993-06-01
EMP02526,Gaurang,Sathe,Male,1987-11-12
EMP02527,Udant,Pillay,Female,1997-08-14
EMP02528,Rachita,Bali,Female,1987-05-17
EMP02529,William,Lall,Male,1991-03-02
EMP02530,Leena,Choudhry,Male,1996-05-02
EMP02531,Jhalak,Magar,Male,1979-10-09
EMP02532,Owen,Ganesan,Female,1984-08-22
EMP02533,Dipta,Mukherjee,Male,1979-11-09
EMP02534,Ranbir,Mann,Female,1975-09-18
EMP02535,Benjamin,Kari,Female,1986-04-03
EMP02536,Henry,Kunda,Male,1972-02-05
EMP02537,Yashodhara,Purohit,Female,1983-09-15
EMP02538,Sachi,Chada,Male,1987-07-01
EMP02539,Balvan,Guha,Male,1976-08-17
EMP02540,Rajeshri,Pandit,Female,1990-04-05
EMP02541,Ekta,Raj,Male,1986-03-19
EMP02542,Nikita,Wali,Female,1986-05-05
EMP02543,Meera,Pandit,Female,1992-05-29
EMP02544,Varenya,Gala,Female,1984-05-28
EMP02545,Quincy,Sunder,Male,1995-12-04
EMP02546,Oliver,Sehgal,Male,1987-02-09
EMP02547,Arin,Bava,Male,1982-03-04
EMP02548,Qabil,Bedi,Male,1967-03-06
EMP02549,Vaishnavi,Saxena,Male,1982-01-29
EMP02550,Gaurang,Rege,Male,1997-07-08
EMP02551,Yamini,Arora,Female,1984-01-15
EMP02552,Samaksh,Hari,Male,1974-08-20
EMP02553,Warinder,Doshi,Male,1992-03-12
EMP02554,Ekaja,Mitra,Male,1985-03-05
EMP02555,Devansh,Kurian,Female,1998-08-26
EMP02556,Agastya,Samra,Female,1992-08-22
EMP02557,Falan,Sarna,Female,1963-08-14
EMP02558,Kamala,Goswami,Male,1999-05-18
EMP02559,Elijah,Goda,Male,1989-03-28
EMP02560,Jack,Manne,Female,1997-01-31
EMP02561,Shaurya,Gaba,Male,1999-11-27
EMP02562,Warjas,Sood,Female,1992-11-05
EMP02563,Sai,Mann,Female,1997-12-10
EMP02564,Madhavi,Choudhry,Female,1993-06-09
EMP02565,Gaurav,Rattan,Male,1985-11-02
EMP02566,Geetika,Mallick,Female,1976-11-23
EMP02567,Faras,Kapoor,Male,1989-07-28
EMP02568,Ishanvi,Pant,Female,1995-12-04
EMP02569,Vihaan,Parsa,Male,1994-12-24
EMP02570,Lakshit,Mangat,Male,1983-04-22
EMP02571,Abhiram,Panchal,Female,2002-04-05
EMP02572,Lavanya,Dara,Female,1986-12-19
EMP02573,Nihal,Majumdar,Male,1984-02-02
EMP02574,Lohit,Vala,Female,1995-10-18
EMP02575,Michael,Ahuja,Female,1983-06-26
EMP02576,Bhavika,Mand,Male,1978-05-13
EMP02577,Hredhaan,Oza,Female,1985-08-18
EMP02578,Nirja,Pall,Female,1966-05-11
EMP02579,Vasatika,Solanki,Female,1985-07-09
EMP02580,Yochana,Walia,Female,1988-08-23
EMP02581,Vivaan,Vig,Female,1983-01-22
EMP02582,Radhika,Srinivasan,Male,1982-04-07
EMP02583,Aradhana,Majumdar,Male,1985-11-07
EMP02584,Urvashi,Dara,Male,1985-05-30
EMP02585,Jagdish,Garg,Male,1988-04-13
EMP02586,Jonathan,Tandon,Male,1998-09-02
EMP02587,Kamala,Parmer,Male,1978-04-08
EMP02588,Pavani,Andra,Female,1998-08-17
EMP02589,Mason,Dixit,Male,1978-12-01
EMP02590,Yashvi,Pandit,Female,1983-12-03
EMP02591,Vivaan,Ghosh,Male,2001-06-23
EMP02592,Robert,Varma,Female,1995-12-22
EMP02593,Januja,Parmar,Male,1988-09-26
EMP02594,Reyansh,Hayre,Female,2002-02-03
EMP02595,Aarini,Ahluwalia,Female,1979-09-21
EMP02596,Anirudh,Patla,Male,1976-12-07
EMP02597,Bina,Prasad,Female,1988-10-12
EMP02598,Advay,Ravel,Male,1984-04-15
EMP02599,Mugdha,Krish,Male,1990-10-15
EMP02600,Advaith,Bains,Male,1966-02-05
EMP02601,Ekantika,Anne,Male,1983-11-26
EMP02602,Saumya,Sangha,Male,1985-07-18
EMP02603,Qabil,Gill,Female,1976-11-05
EMP02604,Siddharth,Mangat,Male,1998-10-02
EMP02605,Faras,Shah,Female,1979-08-18
EMP02606,Advika,Lata,Male,1979-05-16
EMP02607,Pallavi,Murty,Male,1979-10-27
EMP02608,Hemang,Ganguly,Male,1988-02-24
EMP02609,Qushi,Mukherjee,Female,1990-12-10
EMP02610,Upasna,Pillay,Male,1993-06-05
EMP02611,Yasti,Tank,Male,1992-06-23
EMP02612,Rushil,Wali,Female,1986-08-03
EMP02613,Ikshita,Merchant,Male,1989-10-11
EMP02614,Chanchal,Sethi,Male,1995-09-12
EMP02615,Rayaan,Iyer,Female,1994-08-15
EMP02616,Yauvani,Atwal,Male,1983-11-19
EMP02617,Anvi,Bhattacharyya,Male,1972-11-21
EMP02618,Ayush,Shan,Male,1980-08-08
EMP02619,Chameli,Boase,Female,1997-11-01
EMP02620,Kai,Panchal,Female,1971-05-14
EMP02621,Eesha,Doctor,Male,1992-03-17
EMP02622,Azad,Pal,Female,1982-04-05
EMP02623,Bimala,Bora,Male,1985-05-19
EMP02624,Zansi,Kunda,Male,1979-02-19
EMP02625,Anusha,Bhatia,Male,1992-11-27
EMP02626,Theodore,Shere,Male,1985-10-22
EMP02627,Ekavir,Kumer,Male,1989-01-22
EMP02628,Chavvi,Karnik,Male,1982-01-10
EMP02629,Nikita,Barman,Female,1996-12-05
EMP02630,Chameli,Mane,Female,1991-09-19
EMP02631,Balhaar,Subramanian,Male,1983-05-22
EMP02632,Neel,Ravel,Male,1995-02-02
EMP02633,Rajeshri,Nayar,Male,1976-01-05
EMP02634,Tara,Chopra,Male,1991-01-11
EMP02635,Samaksh,Gade,Male,1982-02-18
EMP02636,Divya,Kumer,Female,1983-04-21
EMP02637,Aarush,Raju,Male,1992-06-28
EMP02638,Chanchal,Ganesan,Male,1992-05-10
EMP02639,Manan,Ganesh,Male,1993-03-15
EMP02640,Oviya,Patla,Female,1984-07-25
EMP02641,Rajata,Savant,Male,1978-12-21
EMP02642,Qarin,Lata,Male,1976-05-26
EMP02643,Udarsh,Garg,Male,1995-08-21
EMP02644,Dakshesh,Sagar,Female,1988-12-06
EMP02645,Nandini,Rattan,Male,1991-06-05
EMP02646,Balhaar,Lall,Male,1995-11-08
EMP02647,Vinaya,Parikh,Male,1988-05-26
EMP02648,Timothy,Ramaswamy,Male,1974-02-24
EMP02649,Lavanya,Reddy,Male,1986-09-08
EMP02650,Ridhi,Mukherjee,Male,1990-02-19
EMP02651,Peter,Vala,Female,1984-02-05
EMP02652,Lajita,Char,Male,1967-04-23
EMP02653,Harita,Bir,Male,1973-04-12
EMP02654,Yashodhara,Khalsa,Male,2002-07-22
EMP02655,Nidhi,Sibal,Male,1976-02-14
EMP02656,Jasmit,Khurana,Male,1988-01-19
EMP02657,Varenya,Garde,Female,1983-09-15
EMP02658,Ati,More,Female,1987-11-18
EMP02659,Hemani,Chandra,Female,1986-04-27
EMP02660,Jeet,Patla,Female,1985-11-25
EMP02661,Ranveer,Maharaj,Female,1996-01-16
EMP02662,Kevin,Rout,Female,1990-09-22
EMP02663,Gopal,Chowdhury,Male,1973-01-31
EMP02664,Riya,Dyal,Female,1979-06-04
EMP02665,Thomas,Deol,Female,1984-08-27
EMP02666,Vasudha,Malhotra,Male,1985-11-03
EMP02667,Chaitaly,Randhawa,Male,1990-07-18
EMP02668,Ishaan,Magar,Male,1986-10-20
EMP02669,Ekalinga,Kala,Female,1983-03-21
EMP02670,Ansh,Balakrishnan,Male,1981-11-23
EMP02671,Urvashi,Tank,Female,1979-06-22
EMP02672,Lopa,Dalal,Female,1992-10-27
EMP02673,Jacob,Mangat,Female,1992-12-14
EMP02674,Rudra,Mallick,Female,2002-09-18
EMP02675,Victor,Vyas,Female,1992-01-25
EMP02676,Mitali,Wadhwa,Male,1970-03-21
EMP02677,Banjeet,Ram,Female,1983-03-31
EMP02678,Wriddhish,Sharma,Male,1995-05-28
EMP02679,Falak,Contractor,Female,1991-10-07
EMP02680,Warhi,Bhat,Female,1986-02-07
EMP02681,Ekiya,Srinivas,Female,1992-06-13
EMP02682,Anthony,Jain,Male,1993-11-26
EMP02683,Nihal,Rout,Male,1996-11-13
EMP02684,Azad,Chakraborty,Female,1980-11-19
EMP02685,Daksha,Sidhu,Male,1999-02-13
EMP02686,Darika,Biswas,Female,1973-12-16
EMP02687,Yuvraj,Choudhry,Male,1985-02-14
EMP02688,Vasatika,Rau,Male,1988-05-23
EMP02689,Prisha,Magar,Male,1996-11-05
EMP02690,Ucchal,Nanda,Male,1986-03-22
EMP02691,Falan,Chaudry,Female,1986-06-13
EMP02692,Jacob,Mand,Male,1989-01-18
EMP02693,Gopal,Agrawal,Female,1985-12-13
EMP02694,Zilmil,Dua,Female,1999-01-30
EMP02695,Upadhriti,Sha,Male,1984-02-16
EMP02696,Vivaan,Sarkar,Male,1997-10-11
EMP02697,Adweta,Apte,Male,1979-11-17
EMP02698,Ganga,Kanda,Female,1991-10-28
EMP02699,Aarav,Goel,Female,1984-06-27
EMP02700,Warhi,Pant,Female,1995-05-10
EMP02701,Ekapad,Manda,Male,1985-09-28
EMP02702,Lakshit,Zacharia,Male,1984-12-24
EMP02703,Yashasvi,Ahuja,Male,1997-05-18
EMP02704,Hamsini,Walla,Female,1998-11-05
EMP02705,Simon,Ray,Female,2000-11-16
EMP02706,Viraj,Lala,Male,2000-06-18
EMP02707,Gaurika,Narang,Female,1981-07-16
EMP02708,Chandresh,Nayar,Male,1982-11-27
EMP02709,Kavya,Hora,Male,1987-06-10
EMP02710,Indira,Wagle,Male,1994-08-12
EMP02711,Radhika,Goda,Male,1991-12-08
EMP02712,Akshay,Nayar,Female,1992-10-21
EMP02713,Baghyawati,Natt,Female,1985-03-01
EMP02714,Ati,Singhal,Female,1989-04-26
EMP02715,Inaya,Chad,Female,1996-10-09
EMP02716,Vrishti,Sinha,Female,1974-03-10
EMP02717,Sathvik,Tank,Female,1977-08-24
EMP02718,Ishanvi,Mahajan,Male,1993-03-14
EMP02719,Vedant,Chaudry,Male,1987-03-20
EMP02720,Maanav,Majumdar,Female,1966-07-30
EMP02721,Ekavir,Chadha,Female,1993-01-25
EMP02722,Maanas,Mohan,Female,1998-12-23
EMP02723,Akshay,Contractor,Male,1985-10-07
EMP02724,Utkarsh,Kothari,Male,1993-07-10
EMP02725,Unni,Naik,Female,1978-04-04
EMP02726,Onkar,Subramaniam,Female,1985-02-09
EMP02727,Chakrika,Andra,Male,1974-03-07
EMP02728,Indira,Zacharia,Male,1970-12-10
EMP02729,Gopal,Dara,Male,1983-08-12
EMP02730,Leela,Hora,Female,1976-12-26
EMP02731,Unnati,Dave,Male,1987-06-26
EMP02732,Bhanumati,Jayaraman,Male,1982-02-05
EMP02733,Vivaan,Narain,Male,1978-10-13
EMP02734,Riya,Dash,Male,1985-05-02
EMP02735,Mohammed,Tiwari,Female,2000-07-09
EMP02736,Pooja,Memon,Male,1983-04-22
EMP02737,Zayan,Chokshi,Female,1985-03-12
EMP02738,Veer,Soni,Female,1997-03-14
EMP02739,Mitesh,Mandal,Female,1981-01-22
EMP02740,Oeshi,Uppal,Male,1999-08-13
EMP02741,Turvi,Shanker,Male,1981-09-23
EMP02742,Ekalinga,Karpe,Male,1983-07-27
EMP02743,Gautam,Dara,Male,1990-11-18
EMP02744,Frederick,Dugar,Male,1974-08-23
EMP02745,Amara,Barman,Female,2000-09-09
EMP02746,Kai,Kota,Male,1992-12-23
EMP02747,Anthony,Soman,Male,1991-03-01
EMP02748,George,Edwin,Male,1987-02-06
EMP02749,Aayush,Srinivas,Male,1994-10-17
EMP02750,Karan,Kumar,Male,1983-01-13
EMP02751,Ronith,Dayal,Female,1979-06-22
EMP02752,Ayushman,Bakshi,Female,1995-01-02
EMP02753,Ubika,Rai,Female,1997-05-01
EMP02754,Yasti,Banerjee,Male,1982-02-23
EMP02755,Nitara,Kant,Male,1993-03-19
EMP02756,Ethan,Cherian,Female,1986-07-24
EMP02757,Lavanya,Kala,Male,1997-03-21
EMP02758,Forum,Nadig,Male,1994-01-29
EMP02759,Daksh,Oommen,Female,1985-03-20
EMP02760,Onkar,Sunder,Female,1984-03-24
EMP02761,Ethan,Rout,Male,1992-06-17
EMP02762,Vrinda,Narasimhan,Male,1995-10-15
EMP02763,Radhika,Nanda,Male,1996-11-18
EMP02764,Libni,Memon,Male,1987-10-22
EMP02765,Ojas,Gala,Female,1989-01-20
EMP02766,Radhika,Sharma,Male,1972-05-25
EMP02767,Ekta,Kaur,Female,1994-03-10
EMP02768,Samaksh,Ramachandran,Male,1994-03-07
EMP02769,Jason,Solanki,Male,1979-04-21
EMP02770,Bhavna,Ravel,Female,1985-05-17
EMP02771,Charles,Kala,Male,2000-02-27
EMP02772,Falguni,Gill,Male,1988-10-17
EMP02773,Mugdha,Bhattacharyya,Male,1990-10-06
EMP02774,Shivansh,Jhaveri,Female,1994-01-24
EMP02775,Chakradhar,Chaudhuri,Female,1987-05-02
EMP02776,Gagan,Choudhary,Male,1976-12-21
EMP02777,Libni,Ramesh,Female,2001-09-05
EMP02778,Ekanta,Rama,Male,1995-03-08
EMP02779,Tejas,Sant,Female,1993-05-04
EMP02780,Abhiram,Shere,Male,1994-03-23
EMP02781,Sachi,Ben,Female,1989-08-08
EMP02782,Champak,Mannan,Female,1974-01-10
EMP02783,Yash,Hans,Male,1989-02-17
EMP02784,Yasti,Konda,Female,1981-07-12
EMP02785,Alka,Goswami,Male,1979-06-16
EMP02786,Michael,Saxena,Female,1994-09-21
EMP02787,Chandran,Gade,Male,1996-07-12
EMP02788,Lila,Varkey,Male,1986-10-18
EMP02789,Balendra,Dixit,Female,1971-09-02
EMP02790,Kritika,Patil,Female,1983-08-17
EMP02791,Jalsa,Loke,Male,1996-11-16
EMP02792,Dhriti,Aurora,Female,1990-08-08
EMP02793,Krish,Koshy,Male,1980-06-14
EMP02794,Vasana,Gala,Male,1998-02-04
EMP02795,Chavvi,Sodhi,Female,1984-10-30
EMP02796,Bina,Lata,Male,2000-12-28
EMP02797,Aarini,Sathe,Female,1978-09-03
EMP02798,Oni,Tella,Male,1994-05-18
EMP02799,Kamala,Muni,Male,1989-09-03
EMP02800,Upkaar,Suresh,Male,1975-03-13
EMP02801,Christopher,Raval,Male,1987-07-02
EMP02802,Geetika,Menon,Female,1977-09-01
EMP02803,Hema,Iyengar,Male,1979-08-07
EMP02804,Nathaniel,Tank,Male,1994-11-26
EMP02805,Ishani,Wali,Male,1966-06-14
EMP02806,Vasana,Batta,Male,1998-05-05
EMP02807,Frado,Ray,Male,1986-07-19
EMP02808,Nathaniel,Pathak,Female,1999-03-11
EMP02809,Simon,Swamy,Male,1972-06-22
EMP02810,Pranav,Pradhan,Female,1988-02-28
EMP02811,Pallavi,Buch,Male,1982-11-28
EMP02812,Barkha,Subramanian,Male,1999-08-21
EMP02813,Fariq,Sarraf,Male,1980-01-05
EMP02814,Nitesh,Walla,Female,1997-12-17
EMP02815,Upma,Date,Female,1970-05-19
EMP02816,Zayyan,Ben,Male,1984-04-19
EMP02817,Manya,Joshi,Female,1991-04-20
EMP02818,Pooja,Raju,Male,1996-09-20
EMP02819,Reyansh,Chokshi,Female,1990-08-23
EMP02820,Gayathri,Bajwa,Male,1983-09-20
EMP02821,Yash,Chacko,Female,1984-03-27
EMP02822,Gagan,Choudhry,Male,1997-06-10
EMP02823,Aarini,Kumar,Female,1979-12-05
EMP02824,Nirja,Nadig,Male,2002-05-15
EMP02825,Fiyaz,Goel,Male,1996-05-26
EMP02826,Onkar,Roy,Female,1980-04-13
EMP02827,Nidhi,Chaudhry,Female,1994-08-14
EMP02828,Raagini,Srivastava,Female,1981-06-25
EMP02829,Advaith,Batta,Male,1983-12-14
EMP02830,Zansi,Venkatesh,Male,1994-07-12
EMP02831,Charan,Ramachandran,Female,1989-04-26
EMP02832,Faraj,Korpal,Female,1991-04-17
EMP02833,Agastya,Date,Female,1994-12-07
EMP02834,Charita,Tiwari,Female,1990-07-17
EMP02835,Xalak,Sha,Male,1965-01-12
EMP02836,Kashvi,Raman,Female,1968-07-22
EMP02837,Eta,Vala,Male,1990-01-10
EMP02838,Champak,Karan,Male,1992-07-22
EMP02839,Noah,Keer,Female,1988-05-11
EMP02840,Sanya,Dhillon,Male,1986-08-28
EMP02841,Kritika,Krish,Male,1984-01-20
EMP02842,Reva,Mann,Female,1981-07-26
EMP02843,Caleb,Bhardwaj,Male,1985-06-24
EMP02844,Henry,Sha,Male,1986-11-21
EMP02845,Devika,Swamy,Female,1984-12-19
EMP02846,Nisha,Upadhyay,Male,1992-07-09
EMP02847,Ria,Ravi,Female,1979-09-16
EMP02848,Lucky,Rastogi,Female,1968-09-30
EMP02849,Rajata,Handa,Male,1966-09-21
EMP02850,Wishi,Goda,Female,1985-06-21
EMP02851,Eesha,Bhat,Female,1986-08-23
EMP02852,Anirudh,Nagar,Male,1995-10-19
EMP02853,Jackson,Shan,Female,1994-10-05
EMP02854,Ekanta,Raja,Male,1993-03-27
EMP02855,Gaurav,Kumar,Female,1996-11-19
EMP02856,Ganga,Murty,Female,1982-06-12
EMP02857,Dalbir,Palla,Male,1972-11-07
EMP02858,Fariq,Khalsa,Male,1991-09-04
EMP02859,Upma,Keer,Female,1969-05-26
EMP02860,Kamya,Bajaj,Female,1966-05-04
EMP02861,Urvi,Pathak,Male,1992-07-11
EMP02862,Lila,Kadakia,Female,1989-01-22
EMP02863,Bachittar,Halder,Male,1981-08-16
EMP02864,Anita,Anne,Female,1981-10-02
EMP02865,Urishilla,Sarkar,Male,1994-07-17
EMP02866,Girik,Solanki,Female,1973-02-21
EMP02867,Zashil,Sandal,Male,1992-06-07
EMP02868,Jacob,Bassi,Female,1987-10-19
EMP02869,Girik,Gara,Male,1998-06-29
EMP02870,Lakshit,Prakash,Male,1980-04-09
EMP02871,Robert,Raj,Male,1994-05-06
EMP02872,Gaurav,Mani,Female,1983-11-07
EMP02873,Ekapad,Khare,Male,1995-01-13
EMP02874,Vedant,Nadig,Male,1990-01-28
EMP02875,Bhavna,Puri,Male,1983-02-17
EMP02876,Ethan,Sachdeva,Male,1961-10-22
EMP02877,Maya,Bose,Female,1982-08-28
EMP02878,William,Uppal,Male,1980-02-08
EMP02879,Ikshita,Jayaraman,Male,1988-04-10
EMP02880,Odika,Amble,Male,1971-05-21
EMP02881,Liam,Sen,Female,1987-02-03
EMP02882,Nikita,Sidhu,Male,1981-02-07
EMP02883,Yatan,Bhargava,Male,1982-07-13
EMP02884,Janani,Suri,Male,1997-05-18
EMP02885,Ekavir,Ramachandran,Male,1987-05-08
EMP02886,Lohit,Dhawan,Female,1992-03-31
EMP02887,Balvan,Tripathi,Male,1992-02-10
EMP02888,Aashi,Puri,Male,1999-05-12
EMP02889,Faraj,Patla,Female,1982-01-30
EMP02890,Mahika,Nagarajan,Male,1994-05-23
EMP02891,Vedika,Zacharia,Female,1989-02-15
EMP02892,Dakshesh,Verma,Male,1990-07-04
EMP02893,Victor,Badami,Male,1982-11-03
EMP02894,Chasmum,Agarwal,Female,1974-05-26
EMP02895,Mahika,Radhakrishnan,Male,1993-08-01
EMP02896,Anthony,Johal,Female,1992-04-26
EMP02897,Frado,Kata,Male,1982-03-11
EMP02898,Timothy,Bhalla,Female,1987-07-12
EMP02899,Samarth,Purohit,Male,1999-01-14
EMP02900,Chandran,Jain,Male,1992-02-13
EMP02901,Benjamin,Sibal,Male,1983-01-07
EMP02902,Krisha,Nazareth,Male,1992-08-30
EMP02903,Ganga,Edwin,Female,1999-12-19
EMP02904,Wishi,Kumer,Male,1973-03-21
EMP02905,Aditya,Dhar,Female,1981-12-27
EMP02906,Naksh,Comar,Male,1999-11-03
EMP02907,Ethan,Thaman,Male,1990-09-16
EMP02908,Brijesh,Deshpande,Female,1987-07-04
EMP02909,Dhriti,Singh,Male,1989-11-19
EMP02910,Yashvi,Batra,Male,1986-04-07
EMP02911,Frederick,Bahri,Female,1983-08-01
EMP02912,Ikshita,Deep,Male,1989-08-09
EMP02913,Triveni,Wagle,Male,1987-12-20
EMP02914,Yashodhara,Divan,Male,1985-02-24
EMP02915,Darpan,Arya,Female,1997-11-24
EMP02916,Ati,Karan,Female,1982-03-07
EMP02917,Rachit,Kothari,Female,1986-11-13
EMP02918,Luke,Bhandari,Male,1992-06-04
EMP02919,Jeet,Parsa,Female,1983-11-08
EMP02920,Falan,Kala,Male,1997-04-30
EMP02921,Devansh,Dash,Female,1992-08-18
EMP02922,Mahika,Dutta,Male,1983-09-09
EMP02923,Henry,Saini,Male,1987-04-09
EMP02924,Hemangini,Gandhi,Male,1994-01-05
EMP02925,Janya,Pandit,Female,1994-10-02
EMP02926,Gautami,Rattan,Male,1962-02-28
EMP02927,Kashvi,Venkatesh,Male,1983-01-23
EMP02928,Amruta,Contractor,Female,1986-06-28
EMP02929,Michael,Vyas,Female,1988-08-06
EMP02930,Tristan,Dubey,Male,1993-10-15
EMP02931,Saumya,Bhavsar,Male,1980-02-19
EMP02932,Rachit,Gupta,Female,1997-11-07
EMP02933,Lakshit,Anand,Female,1985-01-07
EMP02934,Dalbir,Zachariah,Female,1974-02-12
EMP02935,Radha,Dubey,Male,1983-02-24
EMP02936,Pooja,Mitra,Male,1994-07-08
EMP02937,Onveer,Tandon,Male,1960-01-29
EMP02938,Siya,Bumb,Female,1992-10-09
EMP02939,Alexander,Gala,Male,1981-01-01
EMP02940,Laksh,Jha,Female,1969-02-11
EMP02941,Omkaar,Shetty,Female,1994-05-20
EMP02942,Sneha,Kant,Male,1990-03-10
EMP02943,Neha,Sura,Male,1989-10-06
EMP02944,Urvashi,Patla,Male,1991-05-17
EMP02945,Umang,Shanker,Male,1991-10-18
EMP02946,Rishi,Radhakrishnan,Female,1977-04-16
EMP02947,Sanya,Sridhar,Male,1999-02-02
EMP02948,Avni,Mand,Female,1969-05-18
EMP02949,Adweta,Setty,Female,1986-02-14
EMP02950,Leena,Jani,Female,1978-05-02
EMP02951,Jagvi,Dewan,Female,1982-09-06
EMP02952,Ayush,Tiwari,Female,1995-05-20
EMP02953,Samaksh,Prashad,Male,1992-07-25
EMP02954,Hiral,Bhardwaj,Male,1995-10-01
EMP02955,Zilmil,Natt,Female,1997-05-17
EMP02956,Tanveer,Murthy,Female,1974-02-05
EMP02957,Lopa,Samra,Female,1995-02-01
EMP02958,Gauri,Raghavan,Female,1986-02-01
EMP02959,Ucchal,Devan,Male,2001-05-17
EMP02960,Jagrati,Naik,Male,1990-02-20
EMP02961,Shravya,Srinivas,Female,1987-11-14
EMP02962,Jasmit,Lal,Male,1977-09-15
EMP02963,Kashish,Narayan,Female,1994-03-14
EMP02964,Vinaya,Shanker,Male,1989-06-27
EMP02965,Ethan,Mahal,Male,1993-12-01
EMP02966,Imaran,Banerjee,Male,1996-10-05
EMP02967,Dhriti,Gala,Male,1996-11-22
EMP02968,Tripti,Dave,Male,1975-06-14
EMP02969,Wakeeta,Jayaraman,Male,1989-07-01
EMP02970,Yamini,Bains,Male,1997-01-09
EMP02971,Max,Tandon,Female,1981-04-09
EMP02972,Jeremiah,Sarraf,Female,1971-07-17
EMP02973,Maanas,Sawhney,Female,1972-06-07
EMP02974,Tanveer,Soman,Male,1991-08-05
EMP02975,Krish,Sane,Male,1991-02-20
EMP02976,Arya,Bera,Male,1987-03-22
EMP02977,Chandresh,Vasa,Male,1997-02-15
EMP02978,Hritik,Arora,Female,1980-12-19
EMP02979,Forum,Talwar,Male,1992-04-17
EMP02980,Rudra,Dewan,Female,1997-03-04
EMP02981,Fitan,Andra,Male,1987-02-28
EMP02982,Saksham,Ghosh,Male,1992-06-23
EMP02983,Max,Bakshi,Male,1995-01-25
EMP02984,Lajita,Kadakia,Male,1993-06-16
EMP02985,Ikshita,Mane,Female,1988-07-13
EMP02986,Kai,Pall,Female,1988-08-22
EMP02987,Kashish,Boase,Male,1990-06-08
EMP02988,Ishaan,Tripathi,Female,1985-06-07
EMP02989,Victor,Ram,Female,1993-06-04
EMP02990,Thomas,Varghese,Male,1997-12-04
EMP02991,Widisha,Doctor,Female,1991-01-24
EMP02992,Baghyawati,Sarkar,Male,1986-05-25
EMP02993,Saumya,Khare,Male,1989-04-13
EMP02994,Vasana,Behl,Female,1998-09-23
EMP02995,Agastya,Mani,Female,1970-12-27
EMP02996,Leena,Kurian,Male,1979-01-09
EMP02997,Keya,Bhasin,Male,1967-01-10
EMP02998,Charan,Dasgupta,Female,1990-03-24
EMP02999,Panini,Sengupta,Male,1983-04-25
EMP03000,Ria,Sheth,Male,1979-04-14
EMP03001,Avni,Sinha,Male,1981-03-17
EMP03002,Ojas,Goda,Female,1967-08-29
EMP03003,Eshana,Gala,Female,1988-11-28
EMP03004,Owen,Jhaveri,Male,1981-06-27
EMP03005,Caleb,Virk,Male,1989-06-22
EMP03006,Panini,Balay,Male,1997-08-27
EMP03007,Quincy,Joshi,Female,1977-06-06
EMP03008,Pavani,Kata,Female,1982-11-07
EMP03009,Jagat,Sunder,Female,1976-09-30
EMP03010,Shivansh,Sinha,Female,1978-04-25
EMP03011,Ranveer,Swaminathan,Female,1993-10-10
EMP03012,Jagat,Ratta,Male,1980-08-02
EMP03013,Tanish,Sridhar,Female,1994-10-27
EMP03014,Geetika,Kata,Female,1982-03-16
EMP03015,Nidra,Mani,Male,1986-09-19
EMP03016,Jagrati,Warrior,Male,1985-07-11
EMP03017,Damini,Ahuja,Male,1987-04-01
EMP03018,Gavin,Nagy,Female,1978-10-14
EMP03019,Keya,Bhattacharyya,Female,1998-01-17
EMP03020,Dipta,Lalla,Male,1983-02-09
EMP03021,Watika,Tella,Male,1991-09-22
EMP03022,Waida,Virk,Female,1996-02-13
EMP03023,Ikbal,Mody,Female,1972-02-15
EMP03024,Hemani,Kothari,Female,1987-05-09
EMP03025,Nikita,Vyas,Male,1979-06-27
EMP03026,Oeshi,Nazareth,Male,1989-12-15
EMP03027,Avni,Keer,Male,1994-06-13
EMP03028,Arunima,Deo,Male,1988-06-01
EMP03029,Vedhika,Chokshi,Male,1990-01-05
EMP03030,Charita,Nanda,Female,1988-03-30
EMP03031,Saanvi,Acharya,Male,1981-01-24
EMP03032,Gauri,Dube,Female,1982-10-24
EMP03033,Siddharth,Sampath,Female,1990-11-10
EMP03034,Kai,Char,Male,1968-07-25
EMP03035,Ryan,Barad,Male,1981-10-10
EMP03036,Ekantika,Mahal,Female,1986-06-04
EMP03037,Tanvi,More,Male,1985-02-27
EMP03038,Devansh,Savant,Female,1995-09-21
EMP03039,Sai,Kalita,Male,1985-01-21
EMP03040,Abhiram,Patla,Male,1995-09-19
EMP03041,Yashasvi,Kala,Male,1978-06-11
EMP03042,Mason,Chowdhury,Female,1986-04-20
EMP03043,Bina,Hans,Male,1979-11-29
EMP03044,Jagdish,Choudhry,Male,1992-12-28
EMP03045,Geetika,Vyas,Male,1991-05-10
EMP03046,Adweta,Gopal,Male,2001-07-14
EMP03047,Yadavi,Chaudhry,Male,1987-04-06
EMP03048,Viraj,Ray,Male,1986-02-17
EMP03049,Frado,Batra,Male,1997-03-16
EMP03050,Harish,Korpal,Male,1982-08-04
EMP03051,Maya,Prabhu,Male,1984-05-19
EMP03052,Daksh,Agrawal,Male,1993-12-24
EMP03053,Dhriti,Goyal,Female,1985-06-24
EMP03054,Vihaan,Mohan,Female,1982-08-06
EMP03055,Abdul,Mistry,Male,1999-03-11
EMP03056,Ridhi,Gaba,Male,1981-11-10
EMP03057,Vanya,Sha,Female,1997-04-15
EMP03058,Sachi,Kannan,Male,1986-07-25
EMP03059,Falan,Dar,Male,1990-08-31
EMP03060,Ikshita,Chokshi,Male,1994-06-14
EMP03061,Widisha,Randhawa,Male,1982-04-15
EMP03062,Ekaraj,Nadkarni,Male,1993-09-23
EMP03063,Harrison,Garg,Female,1989-06-10
EMP03064,Gautami,Pant,Male,1985-07-26
EMP03065,Harish,Mitra,Male,1986-09-10
EMP03066,Jason,Johal,Female,1998-02-19
EMP03067,Xiti,Amble,Male,1985-09-22
EMP03068,Bhavini,Chaudhary,Female,1984-11-17
EMP03069,Samaksh,Sarma,Female,1989-10-07
EMP03070,Riya,Thakkar,Female,1980-11-05
EMP03071,Garima,Dave,Male,1993-03-28
EMP03072,Triya,Deep,Male,1988-10-01
EMP03073,Rachana,Pingle,Male,1984-02-18
EMP03074,Chandani,Sunder,Male,1993-08-26
EMP03075,Vrishti,Ramesh,Female,1986-09-22
EMP03076,Leela,Aggarwal,Male,1995-08-22
EMP03077,Brijesh,Joshi,Female,1980-12-03
EMP03078,Shaurya,Ramesh,Male,1984-12-17
EMP03079,Warda,Cherian,Male,1988-05-08
EMP03080,Januja,Korpal,Male,1984-10-27
EMP03081,Rachana,Handa,Male,1996-02-13
EMP03082,Vyanjana,Garde,Male,1986-09-09
EMP03083,Niharika,Seth,Male,1976-08-14
EMP03084,Shivani,Ram,Female,1994-05-20
EMP03085,Om,Guha,Male,1987-01-08
EMP03086,Yagnesh,Khosla,Male,1987-01-01
EMP03087,Brijesh,Sagar,Female,1994-08-19
EMP03088,Kashish,Rout,Male,1990-08-20
EMP03089,Peter,Naidu,Female,1982-03-05
EMP03090,Ryan,Bhagat,Male,1982-05-25
EMP03091,Radhika,Grewal,Female,1981-02-16
EMP03092,Nitara,Chatterjee,Male,1988-02-10
EMP03093,Jagvi,Dar,Female,1993-06-11
EMP03094,Quincy,Sant,Male,1988-05-09
EMP03095,Patrick,Rattan,Female,2001-07-02
EMP03096,Michael,Prasad,Male,1967-12-29
EMP03097,Laban,Borra,Male,1978-01-17
EMP03098,Leela,Mani,Female,1990-10-21
EMP03099,Atharv,Natarajan,Female,1988-01-08
EMP03100,Mason,Setty,Female,1987-12-28
EMP03101,Yoshita,Atwal,Female,1984-01-03
EMP03102,Frado,Narain,Male,1986-12-06
EMP03103,Mitali,Bhat,Female,1988-10-22
EMP03104,Arunima,Nazareth,Female,1971-08-15
EMP03105,Elijah,Munshi,Female,1990-10-07
EMP03106,Om,Kurian,Female,1982-01-20
EMP03107,Fariq,Gola,Male,1998-06-01
EMP03108,Mohini,Basu,Male,1991-10-18
EMP03109,Charan,Kanda,Male,1988-07-30
EMP03110,Udarsh,Chaudhuri,Female,2000-04-27
EMP03111,Baljiwan,Karnik,Male,1986-07-13
EMP03112,Indira,Tailor,Male,1993-11-14
EMP03113,Wridesh,Keer,Male,1974-09-19
EMP03114,Arjun,Gopal,Male,1989-05-11
EMP03115,Hamsini,Saxena,Female,1996-08-05
EMP03116,Gunbir,Palan,Female,1992-12-03
EMP03117,Jeevika,Walia,Female,1985-05-23
EMP03118,Tripti,Keer,Female,1972-09-10
EMP03119,Damyanti,Thakur,Female,1994-05-24
EMP03120,Widisha,Saha,Male,1993-11-17
EMP03121,Hiral,Agarwal,Female,1983-03-04
EMP03122,Tanay,Chauhan,Male,1992-02-29
EMP03123,Praneel,Choudhury,Female,1991-04-11
EMP03124,Yashasvi,Som,Male,1984-07-05
EMP03125,Ekiya,Mammen,Female,1992-02-16
EMP03126,Yahvi,Setty,Female,1976-12-25
EMP03127,Kiaan,Venkataraman,Female,1994-10-21
EMP03128,Rajeshri,Raja,Female,1999-06-20
EMP03129,Urishilla,Sathe,Male,1987-04-23
EMP03130,Krish,Uppal,Female,1983-05-07
EMP03131,Aashi,Kapoor,Male,2002-03-26
EMP03132,Eiravati,Sekhon,Female,1979-12-29
EMP03133,Mitesh,Saraf,Male,1988-04-28
EMP03134,Siya,Dhaliwal,Male,1989-07-29
EMP03135,Lohit,Khosla,Female,1985-04-21
EMP03136,Matthew,Shan,Female,1983-12-22
EMP03137,Darpan,Subramaniam,Male,1984-06-06
EMP03138,Parth,Bains,Male,1995-03-27
EMP03139,Oliver,Varghese,Male,1990-08-28
EMP03140,Atharv,Deo,Male,1983-11-10
EMP03141,Maanas,Kunda,Male,1989-05-31
EMP03142,Yatan,Bala,Male,1985-08-18
EMP03143,Chakradev,Bali,Male,1990-05-16
EMP03144,Jackson,Prabhu,Female,2000-01-14
EMP03145,Veer,Modi,Male,1972-08-01
EMP03146,Dev,Devan,Female,1999-01-13
EMP03147,Charles,Upadhyay,Male,1982-05-25
EMP03148,Edhitha,Kar,Male,1978-08-08
EMP03149,Inaya,Dhawan,Male,1986-07-05
EMP03150,Varsha,Issac,Female,1988-10-21
EMP03151,Tamanna,Shah,Female,1987-12-25
EMP03152,Priya,Bora,Male,1983-09-08
EMP03153,Samaksh,Mahal,Female,1985-05-03
EMP03154,Yashasvi,Bhargava,Male,1972-06-03
EMP03155,Atharv,Khanna,Male,1985-03-15
EMP03156,Ekantika,Subramanian,Male,1978-08-19
EMP03157,Rishi,Solanki,Male,1994-02-14
EMP03158,Ronith,Nayar,Female,1983-05-17
EMP03159,Harinakshi,Patil,Female,1989-01-20
EMP03160,Zashil,Taneja,Female,1991-09-16
EMP03161,Nicholas,Ganguly,Female,1983-03-11
EMP03162,Baljiwan,Maharaj,Male,1996-10-06
EMP03163,Sarthak,Yogi,Male,1989-08-22
EMP03164,Wakeeta,Rao,Male,1977-02-09
EMP03165,Gautami,Korpal,Male,1975-10-08
EMP03166,Manan,Manne,Female,1982-04-29
EMP03167,Gaurang,Mani,Male,1984-01-31
EMP03168,Nitesh,Mand,Male,1995-10-28
EMP03169,Chaitanya,Bahl,Female,1993-07-02
EMP03170,Chaitaly,Subramaniam,Male,1997-05-15
EMP03171,Chandresh,Dugar,Male,1992-09-22
EMP03172,Abhimanyu,Grewal,Male,1987-02-05
EMP03173,Hritik,Soman,Female,1996-08-19
EMP03174,Rishi,Amble,Female,1975-05-21
EMP03175,Zansi,Chander,Male,1986-01-06
EMP03176,Ekiya,Anand,Male,2001-05-18
EMP03177,Lekha,Rege,Female,1981-10-31
EMP03178,Farhan,Lalla,Female,1982-03-04
EMP03179,Anita,Mital,Male,1973-01-13
EMP03180,Anika,Shankar,Male,1981-12-08
EMP03181,Mahika,Patla,Female,1981-01-27
EMP03182,Megha,Nadkarni,Male,1994-02-25
EMP03183,Kamya,Saxena,Female,1991-07-26
EMP03184,Kala,Chad,Male,1984-09-26
EMP03185,Yochana,Tank,Male,1998-06-29
EMP03186,Brinda,Toor,Male,1991-02-04
EMP03187,Orinder,Kant,Male,1995-04-30
EMP03188,Manan,Dara,Female,1999-03-20
EMP03189,Kritika,More,Male,1991-09-01
EMP03190,Anjali,Acharya,Male,1993-03-15
EMP03191,Devika,Saraf,Male,1982-03-07
EMP03192,Chameli,Kadakia,Male,1982-08-21
EMP03193,Champak,Raghavan,Female,1981-04-10
EMP03194,Ishaan,Dhaliwal,Female,1993-01-25
EMP03195,Qarin,Kalla,Male,1988-05-06
EMP03196,Darpan,Ramaswamy,Male,1988-03-11
EMP03197,Shivansh,Pandey,Male,1987-08-09
EMP03198,Ekbal,Viswanathan,Female,1986-05-05
EMP03199,Rudra,Chaudry,Male,1985-02-05
EMP03200,Krishna,Barman,Female,1995-11-12
EMP03201,Pranav,Anne,Male,1988-03-02
EMP03202,Kavya,Kara,Female,1990-10-18
EMP03203,Gautam,Keer,Male,1988-03-06
EMP03204,Chasmum,Shankar,Male,1983-07-17
EMP03205,Neelima,Prabhakar,Female,1977-12-19
EMP03206,Mohini,Oak,Male,1987-03-20
EMP03207,Jairaj,Chahal,Male,1995-10-01
EMP03208,Vrishti,Vala,Male,1993-10-01
EMP03209,Naksh,Sachdev,Male,1989-05-25
EMP03210,Ishita,Badal,Male,1979-06-12
EMP03211,Bhavini,Buch,Female,2000-01-17
EMP03212,Damini,Sibal,Male,1978-07-18
EMP03213,Jairaj,Soni,Male,1977-12-11
EMP03214,Isaac,Varghese,Female,1994-01-07
EMP03215,Nandini,Dewan,Male,1980-05-06
EMP03216,Radha,Agarwal,Male,2000-02-23
EMP03217,Jeet,Choudhary,Male,1989-02-03
EMP03218,Guneet,Kakar,Male,1980-11-26
EMP03219,Tanmayi,De,Male,1993-11-18
EMP03220,Zilmil,Garg,Male,1996-08-17
EMP03221,Bhanumati,Naidu,Male,1985-08-03
EMP03222,Vasana,Sekhon,Male,1988-05-23
EMP03223,Noah,Pillay,Male,1984-08-10
EMP03224,Bhavini,Borde,Male,1979-02-20
EMP03225,Yashica,Arora,Female,1983-11-22
EMP03226,Chaman,Kadakia,Female,1990-08-04
EMP03227,Robert,Choudhary,Female,1994-05-24
EMP03228,Samarth,Rege,Female,1991-07-20
EMP03229,Tara,Murty,Female,1977-10-27
EMP03230,Chatresh,Upadhyay,Female,1988-08-10
EMP03231,Faqid,Buch,Male,1982-09-23
EMP03232,Utkarsh,Dayal,Male,1987-10-20
EMP03233,Netra,Deshpande,Male,1965-03-25
EMP03234,Triveni,Yogi,Female,1987-08-30
EMP03235,Chasmum,Mangat,Male,1983-08-04
EMP03236,Farhan,Mandal,Female,1996-03-03
EMP03237,Champak,Trivedi,Male,1984-05-15
EMP03238,Abhiram,Kaur,Male,1970-11-25
EMP03239,Gopal,Lalla,Female,1978-11-04
EMP03240,Yatin,Subramaniam,Male,1986-01-02
EMP03241,Ayushman,Deshpande,Male,1985-12-14
EMP03242,Meera,Jain,Female,1978-03-02
EMP03243,Zilmil,Vig,Female,1992-10-17
EMP03244,Wazir,Ahluwalia,Male,1978-03-21
EMP03245,Theodore,Shroff,Male,1995-03-22
EMP03246,Theodore,Setty,Female,1988-02-04
EMP03247,Yuvraj,Tata,Male,1997-01-18
EMP03248,Jatin,Behl,Male,1990-02-18
EMP03249,Leena,Edwin,Male,1993-07-06
EMP03250,Christopher,Dutt,Male,1994-02-15
EMP03251,Siya,Chahal,Female,1999-10-28
EMP03252,Barkha,Oak,Male,1992-12-04
EMP03253,Tanmayi,Doctor,Male,1989-09-12
EMP03254,Zarna,Ram,Male,1995-03-20
EMP03255,Faris,Deshpande,Male,1983-08-17
EMP03256,Varenya,Bir,Female,1984-03-01
EMP03257,Jason,Rai,Male,1996-02-19
EMP03258,Azaan,Mohanty,Male,1999-11-14
EMP03259,Hemani,Balan,Male,1986-11-01
EMP03260,Jyoti,Loyal,Female,1986-07-16
EMP03261,Dominic,Rau,Male,1996-06-02
EMP03262,Yochana,Rajagopalan,Female,1994-08-26
EMP03263,Jhalak,Gill,Female,1996-05-18
EMP03264,Avni,Thakur,Female,1994-05-29
EMP03265,Damini,Zachariah,Male,1995-01-26
EMP03266,Krishna,Sama,Male,1993-11-27
EMP03267,Yuvraj,Balakrishnan,Male,1994-12-13
EMP03268,Ekani,Golla,Female,1987-07-14
EMP03269,Harinakshi,Mangal,Female,1991-07-15
EMP03270,Chanchal,Ravi,Male,1992-12-26
EMP03271,Maya,Manne,Female,1983-05-17
EMP03272,Udarsh,Patla,Female,2000-03-27
EMP03273,Pallavi,Mani,Male,1994-02-02
EMP03274,Vincent,Wable,Female,1989-03-21
EMP03275,Tanmayi,Hegde,Male,1986-08-19
EMP03276,Naksh,Zachariah,Male,1993-12-16
EMP03277,Zilmil,Mohanty,Male,1994-12-20
EMP03278,Dalbir,Dani,Male,1982-10-23
EMP03279,Siya,Bumb,Female,2000-09-21
EMP03280,Ati,Sha,Male,2000-01-21
EMP03281,Sachi,Divan,Male,1978-07-21
EMP03282,Jackson,Chand,Female,1988-05-19
EMP03283,Wazir,Saha,Female,1986-09-10
EMP03284,Hemangini,Raj,Male,1995-04-03
EMP03285,Ijaya,Ben,Male,1996-01-08
EMP03286,William,Mohanty,Male,1978-07-17
EMP03287,Priya,Agrawal,Female,1993-12-03
EMP03288,Gaurangi,Kamdar,Male,1991-06-26
EMP03289,Neelima,Mann,Female,1969-11-15
EMP03290,Zaitra,Ramakrishnan,Female,1977-02-02
EMP03291,Fiyaz,Gaba,Male,1985-11-25
EMP03292,Sai,Mahal,Female,1990-05-17
EMP03293,Nirja,Bains,Male,2000-08-25
EMP03294,Kritika,Nazareth,Male,1999-09-09
EMP03295,Udant,Prashad,Female,1994-08-25
EMP03296,Urishilla,Gill,Male,1998-08-18
EMP03297,Gayathri,D’Alia,Male,1985-12-23
EMP03298,Hamsini,Cheema,Male,1988-06-05
EMP03299,Chaaya,Sura,Male,1988-03-27
EMP03300,Indali,Kala,Male,1982-08-03
EMP03301,Akshay,Mohan,Male,1987-08-28
EMP03302,Viraj,Solanki,Male,1998-01-26
EMP03303,Luke,Chacko,Female,1989-04-07
EMP03304,Veer,Pandey,Female,1987-01-10
EMP03305,Krisha,Raj,Male,1993-03-09
EMP03306,Balendra,Bora,Male,1995-03-07
EMP03307,Ishanvi,Pingle,Male,1977-12-19
EMP03308,Rudra,Sodhi,Female,1995-08-30
EMP03309,Bhavika,Dutta,Male,1984-06-02
EMP03310,Oeshi,Batra,Male,1991-02-13
EMP03311,Hritik,Dey,Male,1996-07-15
EMP03312,Praneel,Bhat,Female,1986-10-20
EMP03313,Rayaan,Gole,Male,1996-02-28
EMP03314,Dev,Mane,Female,1990-10-30
EMP03315,Vedhika,Goel,Female,1994-03-16
EMP03316,Waida,Prabhakar,Male,1995-11-11
EMP03317,Zinal,Kaur,Female,1977-03-01
EMP03318,Yasti,Kar,Male,1981-02-03
EMP03319,Jeremiah,Doshi,Female,1979-09-27
EMP03320,Jagvi,Kurian,Male,1981-04-17
EMP03321,Jackson,Lad,Female,1982-09-05
EMP03322,Megha,Sama,Female,1991-10-19
EMP03323,Zansi,Rege,Female,1989-08-31
EMP03324,Luke,Dutta,Male,1994-02-22
EMP03325,Triveni,Magar,Female,1983-07-24
EMP03326,Daksh,Tak,Female,1990-06-11
EMP03327,Noah,Sarna,Male,1992-11-20
EMP03328,Charvi,Khosla,Male,1994-05-27
EMP03329,Avni,Sandal,Female,1993-07-12
EMP03330,Indali,Dubey,Female,1994-09-14
EMP03331,Nathan,Narayan,Male,1972-12-10
EMP03332,Harinakshi,Gupta,Female,1987-10-22
EMP03333,Faras,Kant,Male,1995-11-02
EMP03334,Qushi,Mani,Female,1966-12-10
EMP03335,Girindra,Sahota,Female,2002-08-26
EMP03336,Kala,Singh,Male,1988-11-26
EMP03337,Dev,Hayre,Male,1977-01-02
EMP03338,Krishna,Srivastava,Male,1989-04-20
EMP03339,Ekavir,Pandey,Male,1999-09-26
EMP03340,Eesha,Bhargava,Female,1990-03-29
EMP03341,Nakul,Kar,Female,1967-08-26
EMP03342,Faraj,Jha,Male,1991-07-17
EMP03343,Mason,Sampath,Female,1998-03-24
EMP03344,Nachiket,Peri,Male,1980-08-10
EMP03345,Elijah,Ahuja,Male,1992-11-03
EMP03346,Lajita,Raju,Male,1990-10-11
EMP03347,Brijesh,Char,Male,1987-06-10
EMP03348,Nidhi,Dugal,Female,1986-05-06
EMP03349,Anvi,Nagar,Female,1981-04-30
EMP03350,Faqid,Krishnan,Male,1986-12-30
EMP03351,Ishaan,Naik,Male,1994-03-23
EMP03352,Harshil,Solanki,Male,1996-07-08
EMP03353,Leena,Kade,Female,1999-02-02
EMP03354,Hardik,Balakrishnan,Female,1987-07-03
EMP03355,Bhavya,Thaman,Male,1985-02-01
EMP03356,Chanchal,Pall,Female,1983-11-05
EMP03357,Noah,Tripathi,Male,1993-09-30
EMP03358,Aashi,Chatterjee,Female,1984-08-06
EMP03359,Baghyawati,Chand,Female,1983-05-28
EMP03360,Arjun,Hayre,Female,1996-08-22
EMP03361,Faris,Narayanan,Male,1989-10-30
EMP03362,Tejas,Luthra,Male,1990-09-12
EMP03363,Vamakshi,Chana,Female,1981-07-12
EMP03364,Yamini,Agate,Female,1979-03-28
EMP03365,Anthony,Soni,Female,1992-05-31
EMP03366,Chaitaly,Gulati,Female,1984-04-24
EMP03367,Ekansh,Bhattacharyya,Male,1993-03-01
EMP03368,Oeshi,Varkey,Female,1980-03-29
EMP03369,Dayamai,Bhavsar,Male,1983-03-25
EMP03370,Benjamin,Kakar,Male,1990-04-16
EMP03371,Nathan,Sathe,Female,1996-05-16
EMP03372,Udant,Dutt,Male,1990-07-21
EMP03373,Gautam,Buch,Female,2001-01-31
EMP03374,Lohit,Raman,Female,1984-05-31
EMP03375,Ubika,Bedi,Male,1983-08-15
EMP03376,Libni,Chhabra,Female,1988-05-23
EMP03377,Harrison,Bhatnagar,Female,1984-02-18
EMP03378,Krishna,Mani,Male,1988-01-04
EMP03379,Rushil,Jha,Female,1990-04-14
EMP03380,Faqid,Sethi,Female,1992-07-04
EMP03381,Yashasvi,Mammen,Male,1974-01-06
EMP03382,Samaksh,Deep,Female,1988-06-20
EMP03383,Harita,Sabharwal,Male,1997-08-10
EMP03384,Chanakya,Thaker,Male,1985-08-21
EMP03385,Gaurika,Sem,Female,1982-02-19
EMP03386,Harshil,Verma,Female,1992-01-03
EMP03387,Quincy,Wali,Male,1989-04-17
EMP03388,Prisha,Gala,Female,1971-03-11
EMP03389,Sathvik,Bakshi,Male,1987-11-07
EMP03390,Yachana,Sama,Male,1999-06-08
EMP03391,Warda,Ray,Male,1995-03-11
EMP03392,Wishi,Baria,Female,1987-11-19
EMP03393,Darsh,Oommen,Female,1984-02-18
EMP03394,Ekalinga,Sastry,Male,1987-01-09
EMP03395,Vasudha,Modi,Male,1979-08-14
EMP03396,Karan,Tripathi,Female,1986-07-13
EMP03397,Neel,Behl,Female,1999-10-14
EMP03398,Siddharth,Nanda,Male,1988-01-17
EMP03399,Girish,Mallick,Female,1997-09-21
EMP03400,Pranav,Dara,Male,1997-09-30
EMP03401,Abhiram,Shah,Female,1993-10-09
EMP03402,Warda,Balay,Female,1979-10-29
EMP03403,Zashil,Pillay,Male,1979-08-10
EMP03404,Januja,Nagar,Male,1981-12-18
EMP03405,Vrinda,Nadkarni,Female,1991-09-11
EMP03406,Vidhi,Choudhury,Female,1988-08-12
EMP03407,Sai,Shetty,Male,1992-06-26
EMP03408,Janaki,Butala,Male,1979-07-19
EMP03409,Sudiksha,Bhardwaj,Male,1969-05-07
EMP03410,Manbir,Khatri,Male,1991-04-24
EMP03411,Megha,Shankar,Male,2000-05-15
EMP03412,Nidhi,Gade,Male,1994-01-01
EMP03413,Ikbal,Patla,Male,1992-02-10
EMP03414,Orinder,Ramachandran,Female,1990-02-06
EMP03415,Sachi,Raju,Male,1992-02-11
EMP03416,Lopa,Patil,Male,2000-12-23
EMP03417,Balhaar,Majumdar,Male,1991-06-07
EMP03418,Bachittar,Toor,Male,1991-07-31
EMP03419,Gautami,Sidhu,Male,1997-05-03
EMP03420,Qabil,Palla,Female,1992-10-01
EMP03421,Tanveer,Nagy,Female,1987-03-06
EMP03422,Arya,Mangal,Male,1992-08-18
EMP03423,Ati,Tank,Male,1976-11-14
EMP03424,Ojas,Shankar,Male,1986-09-20
EMP03425,Nandini,Dubey,Female,1978-10-05
EMP03426,Jagdish,Gade,Male,1995-02-12
EMP03427,Kiaan,Wadhwa,Female,1991-12-27
EMP03428,Sai,Mall,Female,1997-06-07
EMP03429,Mohammed,Dhillon,Male,1988-07-20
EMP03430,Qarin,Nagy,Male,2001-07-18
EMP03431,Oscar,Kala,Male,1977-03-15
EMP03432,Ayush,Bahri,Male,1992-05-26
EMP03433,Oliver,Hegde,Male,1985-08-01
EMP03434,Dayamai,Varty,Female,1983-09-07
EMP03435,Irya,Uppal,Male,1997-06-20
EMP03436,Leena,Manne,Male,1985-11-09
EMP03437,Dhriti,Sethi,Male,1973-12-06
EMP03438,Harita,Borra,Male,1983-01-13
EMP03439,Ekaja,Gulati,Female,1983-06-22
EMP03440,Advay,Mani,Female,1977-07-02
EMP03441,Sneha,Anand,Female,1990-08-09
EMP03442,Tara,Bhardwaj,Female,1991-04-20
EMP03443,Brinda,Zachariah,Male,1985-05-31
EMP03444,Yasti,Jain,Male,1990-06-26
EMP03445,Daksha,Shankar,Female,1994-12-11
EMP03446,Michael,Hans,Male,1988-04-20
EMP03447,Hemal,Borde,Female,1986-01-09
EMP03448,Neel,Chawla,Female,1990-02-28
EMP03449,Hema,Garg,Male,1981-07-07
EMP03450,Vihaan,Bhargava,Female,1977-01-12
EMP03451,Harinakshi,Borra,Female,1984-04-10
EMP03452,Varenya,Agarwal,Male,1995-06-15
EMP03453,Oni,Rama,Male,1986-02-21
EMP03454,Wahab,Zachariah,Male,1980-07-11
EMP03455,Janaki,Ramaswamy,Male,2002-12-25
EMP03456,Aayush,Wable,Male,1984-03-05
EMP03457,Orinder,Butala,Male,1978-10-16
EMP03458,Saanvi,Gill,Female,2001-12-05
EMP03459,Aarush,Pathak,Male,1995-08-25
EMP03460,Frado,Dutta,Male,1984-06-30
EMP03461,Nicholas,Mallick,Male,1988-09-01
EMP03462,Leena,Gade,Male,1983-09-07
EMP03463,Yochana,Chaudhuri,Female,1998-11-08
EMP03464,Mason,Dhar,Male,1977-03-25
EMP03465,Gaurav,Ghosh,Male,1993-05-26
EMP03466,Nitesh,Kadakia,Female,1979-12-01
EMP03467,Abha,Patla,Male,1979-01-15
EMP03468,Jasmit,Varty,Male,1990-06-10
EMP03469,Ryan,Krishna,Female,1994-02-23
EMP03470,Nidra,Bakshi,Male,1989-05-16
EMP03471,Prisha,Patil,Female,1985-04-24
EMP03472,Teerth,Garg,Male,1996-08-01
EMP03473,Sara,Nair,Female,1981-10-02
EMP03474,Ayaan,Mahajan,Female,1982-01-25
EMP03475,Waida,Naik,Male,1987-06-22
EMP03476,Ethan,Tiwari,Male,1980-05-15
EMP03477,Girik,Badal,Female,1999-12-07
EMP03478,Alka,Bumb,Female,1984-09-23
EMP03479,Laban,Deo,Female,1971-12-25
EMP03480,Megha,Ravel,Male,1994-11-11
EMP03481,Pranit,Subramaniam,Male,1982-11-01
EMP03482,Chavvi,Murty,Male,1981-09-27
EMP03483,Wyatt,Buch,Male,1983-07-20
EMP03484,Azaan,Date,Female,1983-05-03
EMP03485,Neelima,Kunda,Female,1983-11-21
EMP03486,Qasim,Nigam,Female,1984-05-03
EMP03487,Ishwar,Gara,Male,1978-07-11
EMP03488,Jagat,Agate,Female,1986-11-16
EMP03489,Damyanti,Bains,Female,1996-07-06
EMP03490,Meghana,Dar,Female,1986-04-09
EMP03491,Yahvi,Sekhon,Female,1989-05-27
EMP03492,Nidra,Gokhale,Male,1985-04-21
EMP03493,Daksh,Nadig,Female,1991-06-23
EMP03494,Advaith,Basu,Female,1969-01-16
EMP03495,Gaurangi,Mander,Male,1992-11-11
EMP03496,Neha,Palla,Female,1983-03-01
EMP03497,Vidhi,Kumar,Female,1990-11-29
EMP03498,Triveni,Dasgupta,Male,1963-01-03
EMP03499,Daksh,Vaidya,Male,1991-01-06
EMP03500,Balhaar,Dugar,Male,1979-11-12
EMP03501,Lavanya,Lanka,Female,1992-06-06
EMP03502,Triveni,Parikh,Female,2001-10-03
EMP03503,Falak,Jha,Female,1981-02-06
EMP03504,Vansha,Lad,Female,1983-05-10
EMP03505,Abha,Kapadia,Male,1991-08-24
EMP03506,Fariq,Dutt,Male,1985-04-05
EMP03507,Onveer,Warrior,Male,1967-07-15
EMP03508,Rajata,Tata,Female,1988-06-29
EMP03509,Nidra,Chaudhari,Male,1977-08-06
EMP03510,Omaja,Lall,Male,1969-01-04
EMP03511,Naksh,Chada,Male,1976-02-13
EMP03512,Anusha,Om,Male,1969-04-22
EMP03513,Naksh,Deo,Female,1981-03-06
EMP03514,Timothy,Kohli,Male,1978-04-28
EMP03515,Nakul,Pant,Female,1986-07-02
EMP03516,Radha,Chana,Male,1982-09-12
EMP03517,Girindra,Balakrishnan,Female,1993-10-08
EMP03518,Mekhala,Gour,Male,1980-07-23
EMP03519,Henry,Garde,Female,1987-12-03
EMP03520,Yashica,Raj,Female,1967-10-10
EMP03521,Damini,Arya,Male,1978-09-16
EMP03522,Sara,Sankar,Female,1991-11-10
EMP03523,Anay,Korpal,Female,1989-03-12
EMP03524,Xiti,Tella,Male,1986-02-03
EMP03525,Arjun,Narasimhan,Female,1983-04-12
EMP03526,Arjun,Pal,Male,1995-04-19
EMP03527,Azad,Seth,Female,1996-05-20
EMP03528,Tanveer,Nanda,Female,1997-12-15
EMP03529,Alexander,Padmanabhan,Male,1981-03-05
EMP03530,Bakhshi,Bhalla,Female,1967-07-25
EMP03531,Riya,Subramanian,Female,1985-04-04
EMP03532,Darika,Bava,Male,1990-02-23
EMP03533,Lakshit,Ganguly,Male,1988-03-18
EMP03534,Yashawini,Kamdar,Female,1991-08-19
EMP03535,Yashvi,Ramanathan,Male,1996-03-01
EMP03536,Yagnesh,Cherian,Female,1969-04-24
EMP03537,Diya,Mandal,Female,1992-11-06
EMP03538,Gautam,Minhas,Female,1992-06-07
EMP03539,Krishna,Varma,Female,1975-07-26
EMP03540,Ridhi,Minhas,Female,1981-09-09
EMP03541,Nathan,Ratta,Female,2001-05-01
EMP03542,Chavvi,Jain,Female,1983-05-08
EMP03543,Wahab,Magar,Male,1997-10-13
EMP03544,Naksh,Dave,Male,1989-09-14
EMP03545,Tristan,Patla,Male,1991-03-24
EMP03546,Warda,Gopal,Female,1984-07-21
EMP03547,Amruta,Hari,Male,1998-02-16
EMP03548,Maya,Bhalla,Female,1985-02-01
EMP03549,Bhavna,Ahuja,Female,1995-09-20
EMP03550,Ubika,Badal,Female,1970-06-27
EMP03551,Watika,Balasubramanian,Male,1998-05-22
EMP03552,Ekalinga,Kothari,Female,1969-10-11
EMP03553,Qasim,Singhal,Male,1984-08-27
EMP03554,Ekansh,Dugar,Male,1983-04-20
EMP03555,Shivani,Sagar,Female,1995-07-28
EMP03556,Yutika,Doctor,Male,1990-07-31
EMP03557,Gaurav,Modi,Male,1991-08-20
EMP03558,Yug,Kara,Female,1988-08-23
EMP03559,Peter,Bansal,Male,1972-07-19
EMP03560,Diya,Sura,Male,1990-10-15
EMP03561,Pranit,Mistry,Female,1991-01-04
EMP03562,Ekantika,Mahajan,Female,1999-05-15
EMP03563,Pavani,Dora,Female,1990-06-10
EMP03564,Anita,Bali,Female,1994-05-07
EMP03565,Bishakha,Narain,Female,1971-04-04
EMP03566,Harsh,Wali,Female,1978-04-02
EMP03567,Nicholas,Kannan,Male,1968-05-26
EMP03568,Vrishti,Upadhyay,Female,1990-03-02
EMP03569,Ethan,Sengupta,Female,1981-10-07
EMP03570,Balvan,Swamy,Male,1992-12-09
EMP03571,Balhaar,Bir,Female,1964-10-13
EMP03572,Meera,Suri,Male,1990-07-25
EMP03573,Geetika,Tella,Female,1992-02-05
EMP03574,Nihal,Nagar,Male,1996-01-16
EMP03575,Gautam,Som,Male,2001-02-16
EMP03576,Charvi,Grewal,Female,1998-10-15
EMP03577,Tanvi,Vyas,Female,1999-01-02
EMP03578,Hiral,Manne,Male,1992-08-13
EMP03579,Vinaya,Hora,Female,1967-02-24
EMP03580,Sai,Oza,Female,1994-03-12
EMP03581,Gaurav,Panchal,Male,1993-04-01
EMP03582,Harini,Varma,Female,1990-01-31
EMP03583,Gaurika,Sachdev,Female,1985-11-09
EMP03584,Noah,Bakshi,Male,1999-02-12
EMP03585,Raghav,Buch,Female,1996-12-12
EMP03586,Gaurav,Sarraf,Male,1987-11-30
EMP03587,Aarna,Sahni,Female,1985-09-13
EMP03588,Nikita,Bawa,Male,1995-02-09
EMP03589,Ridhi,Seshadri,Male,1992-01-23
EMP03590,Rajeshri,Chokshi,Male,1966-06-23
EMP03591,Ekaraj,Toor,Female,1982-03-11
EMP03592,Gabriel,Muni,Female,2000-01-30
EMP03593,Ekbal,Desai,Female,1985-02-10
EMP03594,Vamakshi,Saha,Male,1984-03-03
EMP03595,Saumya,Mital,Male,1989-05-28
EMP03596,Henry,Tiwari,Female,1985-06-21
EMP03597,Laban,Sethi,Female,1989-11-11
EMP03598,Tanay,Suri,Female,1993-06-06
EMP03599,Aishani,Brar,Male,1998-01-17
EMP03600,Ranbir,Sampath,Female,1988-03-26
EMP03601,Zilmil,Bhattacharyya,Female,1980-03-06
EMP03602,Shivani,Agarwal,Female,1995-12-14
EMP03603,Chandran,Bajaj,Female,1982-08-30
EMP03604,Charita,Swaminathan,Male,1982-06-21
EMP03605,Samuel,Ratti,Female,1997-10-15
EMP03606,Dhriti,Mukherjee,Female,1988-09-05
EMP03607,Elijah,Krishnan,Male,1986-04-28
EMP03608,Lajita,Majumdar,Male,1993-04-15
EMP03609,Jonathan,Venkataraman,Female,1990-10-16
EMP03610,Rachita,Thakur,Male,1984-04-15
EMP03611,Chandresh,Oak,Male,2002-06-03
EMP03612,Qarin,Modi,Male,1993-04-18
EMP03613,Gabriel,Rout,Female,1986-12-01
EMP03614,Omaja,Devi,Male,1992-06-01
EMP03615,Orinder,Bhandari,Male,1983-05-04
EMP03616,Elijah,Gupta,Female,1992-05-20
EMP03617,Aarush,Kumer,Female,1988-11-22
EMP03618,Ronith,Buch,Female,1995-02-17
EMP03619,Jonathan,Ramachandran,Male,1998-05-15
EMP03620,Anay,Bansal,Female,1976-04-21
EMP03621,Benjamin,Saraf,Female,1974-06-05
EMP03622,Ethan,Ravel,Male,1977-07-04
EMP03623,Udant,Yohannan,Male,1989-06-17
EMP03624,Aadhya,Iyengar,Male,1991-11-17
EMP03625,Chanakya,Gupta,Female,1995-10-26
EMP03626,Jagrati,Chakrabarti,Male,1992-06-22
EMP03627,Nathaniel,Sarma,Male,1979-05-28
EMP03628,Sanaya,Basu,Female,1997-09-29
EMP03629,Darpan,Ganesan,Male,1985-08-13
EMP03630,Adya,Bava,Male,1995-07-31
EMP03631,Ira,Prakash,Male,1996-09-14
EMP03632,Bachittar,Borra,Female,1985-05-28
EMP03633,Nikita,Mittal,Male,2001-01-19
EMP03634,Baljiwan,Upadhyay,Female,1993-11-19
EMP03635,Advik,Sant,Female,1986-11-17
EMP03636,Ishani,Wadhwa,Male,1975-10-19
EMP03637,Tripti,Sarkar,Male,1985-03-04
EMP03638,Zehaan,Chandra,Female,1990-01-17
EMP03639,Varenya,Sankaran,Male,1988-03-10
EMP03640,Benjamin,Raval,Male,1967-06-15
EMP03641,Neel,Baria,Male,1985-05-07
EMP03642,Upkaar,Varghese,Male,2000-02-28
EMP03643,Brijesh,Prabhu,Female,1983-04-29
EMP03644,Raksha,Vaidya,Female,1989-07-27
EMP03645,Rajeshri,Krish,Female,1992-02-06
EMP03646,Ekanta,Issac,Male,1998-09-11
EMP03647,Urvi,Iyengar,Female,1979-09-08
EMP03648,Frado,Sarraf,Male,1985-10-08
EMP03649,Harrison,Nagar,Male,1994-04-28
EMP03650,Timothy,Sachdeva,Female,1984-03-14
EMP03651,Neelima,Zacharia,Male,1988-07-09
EMP03652,Chatura,Krish,Male,1969-11-13
EMP03653,Jagat,Prakash,Female,1981-05-01
EMP03654,Tanvi,Viswanathan,Female,1983-11-20
EMP03655,Warda,Mahajan,Female,1988-09-09
EMP03656,Nihal,Memon,Male,1985-08-07
EMP03657,Dayita,Kaul,Male,1977-03-05
EMP03658,Bakhshi,Dani,Female,1966-08-18
EMP03659,Simon,Prakash,Female,1989-12-16
EMP03660,Nirja,Buch,Female,1986-12-09
EMP03661,Kashvi,Tak,Female,1994-01-06
EMP03662,Dakshesh,Gera,Female,1993-01-14
EMP03663,Avni,Vohra,Male,1985-04-03
EMP03664,Chandran,Balasubramanian,Male,1984-07-07
EMP03665,Zarna,Bassi,Male,1988-12-24
EMP03666,Januja,Kannan,Male,1988-05-16
EMP03667,Ryan,Sen,Female,1986-03-16
EMP03668,Anika,Kota,Male,1980-09-10
EMP03669,Zansi,Dugar,Male,1992-06-14
EMP03670,Farhan,De,Female,1983-10-15
EMP03671,Daniel,Chaudhuri,Female,1997-06-07
EMP03672,Timothy,Prakash,Male,1993-12-30
EMP03673,Januja,Kanda,Female,1978-09-24
EMP03674,Manthan,Baral,Female,1975-05-02
EMP03675,Brijesh,Sarraf,Male,1989-12-25
EMP03676,Kamya,Kuruvilla,Female,1979-10-29
EMP03677,Gautam,Pall,Male,1989-02-06
EMP03678,Girish,Ravi,Male,1979-01-03
EMP03679,Tanveer,Raval,Male,1984-08-24
EMP03680,Abhiram,Bakshi,Male,1979-09-03
EMP03681,Balendra,Tiwari,Male,1983-11-13
EMP03682,Faras,Kothari,Male,1993-05-19
EMP03683,Oliver,Brar,Female,1991-10-12
EMP03684,Anita,Som,Female,1996-03-23
EMP03685,Balvan,Kashyap,Male,1985-01-30
EMP03686,Zayyan,Sant,Male,1998-01-22
EMP03687,Bakhshi,Choudhary,Female,1966-02-28
EMP03688,Ishani,Madan,Male,1979-07-08
EMP03689,Harshil,Anne,Male,1993-11-19
EMP03690,Hardik,Nazareth,Male,1992-02-01
EMP03691,Kevin,Ramachandran,Male,1987-10-25
EMP03692,Bhavna,Bhavsar,Male,1999-08-27
EMP03693,Logan,Srinivas,Male,1973-04-27
EMP03694,Yashica,Date,Male,1992-08-26
EMP03695,Frederick,Sant,Female,1982-05-19
EMP03696,Gabriel,Wali,Male,1992-08-28
EMP03697,Bhavini,Shan,Female,1982-03-08
EMP03698,Darpan,Pandya,Female,1986-09-16
EMP03699,Alka,Gola,Female,1987-04-08
EMP03700,Bhavini,Mutti,Female,1989-12-18
EMP03701,Ekapad,Varughese,Female,1977-07-09
EMP03702,Zarna,Samra,Male,1986-03-06
EMP03703,Frederick,Patla,Male,1994-02-05
EMP03704,Banjeet,Parikh,Male,1990-06-06
EMP03705,Nicholas,Rastogi,Male,1986-01-07
EMP03706,Frado,Kara,Female,2000-11-21
EMP03707,Mekhala,Sachdeva,Female,1967-04-09
EMP03708,Yashawini,Bobal,Male,1996-02-04
EMP03709,Caleb,Thakur,Male,1990-07-14
EMP03710,Jeremiah,Wagle,Female,1998-04-02
EMP03711,Tamanna,Karnik,Male,1996-08-10
EMP03712,Janani,Balan,Male,1986-07-18
EMP03713,Waida,Rout,Male,1984-10-13
EMP03714,Shaurya,Shan,Female,1973-01-25
EMP03715,Zayyan,Ahuja,Female,1993-09-29
EMP03716,Azad,Deo,Male,1992-02-10
EMP03717,Kabir,Chaudhari,Female,1984-07-08
EMP03718,Abha,Sodhi,Male,1990-12-15
EMP03719,Ekapad,Varughese,Female,1971-07-03
EMP03720,Anusha,Salvi,Female,1972-10-25
EMP03721,Ayushman,Sachar,Male,1990-12-05
EMP03722,Lajita,Borra,Female,1989-02-21
EMP03723,Wyatt,Kant,Female,1997-12-19
EMP03724,Warjas,Sahni,Female,1992-02-14
EMP03725,Adya,Chatterjee,Male,1982-10-07
EMP03726,Yatan,Padmanabhan,Female,1981-02-04
EMP03727,Agastya,Bhagat,Male,1977-06-17
EMP03728,Oliver,Swamy,Male,1962-12-27
EMP03729,Kai,Sibal,Male,1979-11-20
EMP03730,Pranav,Badami,Female,1993-01-17
EMP03731,Aarini,Thaman,Male,1982-07-12
EMP03732,Vasana,Pingle,Male,1982-05-31
EMP03733,Balveer,Mistry,Female,1991-07-05
EMP03734,Thomas,Kalla,Male,1985-11-22
EMP03735,Amaira,Om,Male,1992-10-02
EMP03736,Kala,Walla,Male,1987-05-14
EMP03737,Vidhi,Arora,Female,1970-09-23
EMP03738,Maanav,Patel,Male,1999-02-22
EMP03739,Henry,Lala,Male,1989-07-17
EMP03740,Aradhana,Majumdar,Female,1995-02-04
EMP03741,Amruta,Apte,Male,1993-11-17
EMP03742,Mitesh,Basak,Female,1986-04-08
EMP03743,Ati,Ramaswamy,Male,1981-01-31
EMP03744,Xavier,Pau,Male,2000-08-02
EMP03745,Shaurya,Kapur,Male,1981-09-07
EMP03746,Anya,Mani,Male,1981-02-09
EMP03747,Ira,Andra,Female,1967-01-25
EMP03748,Jagat,Nagar,Male,1976-07-09
EMP03749,Zinal,Kapadia,Female,1991-04-15
EMP03750,Veda,Kaul,Female,1990-10-31
EMP03751,Rachita,Chatterjee,Female,1986-02-07
EMP03752,Krish,Sundaram,Male,1988-10-12
EMP03753,Hamsini,Ahuja,Female,1995-01-13
EMP03754,Yasti,Khurana,Female,1999-03-21
EMP03755,Nakul,Char,Male,1992-06-05
EMP03756,Reyansh,Chokshi,Male,1989-02-20
EMP03757,Baljiwan,Sabharwal,Male,1995-03-07
EMP03758,Sara,Mishra,Male,1980-04-22
EMP03759,Upasna,Nayak,Male,1973-04-14
EMP03760,Harsh,Sem,Female,1980-10-09
EMP03761,Nisha,Rana,Female,1989-10-12
EMP03762,Yoshita,Venkataraman,Female,1980-11-22
EMP03763,Rachita,Desai,Female,1982-08-25
EMP03764,Panini,Butala,Female,1989-09-14
EMP03765,Maanas,Pandey,Male,1978-11-03
EMP03766,Garima,Mody,Male,1978-06-20
EMP03767,Nidra,Comar,Male,1993-05-21
EMP03768,Madhav,Venkatesh,Female,1969-12-08
EMP03769,Fiyaz,Saha,Male,1972-10-09
EMP03770,Krishna,Lall,Female,1993-06-12
EMP03771,Chanchal,Chand,Female,1967-04-30
EMP03772,Vanya,Bir,Male,1992-04-13
EMP03773,Warjas,Chandra,Female,1993-06-17
EMP03774,Liam,Sastry,Male,1990-12-30
EMP03775,Pranit,Choudhury,Male,1977-04-15
EMP03776,Warinder,Shanker,Male,1981-04-24
EMP03777,Zaitra,Bhatti,Female,1994-08-11
EMP03778,Manthan,Chahal,Female,1977-10-13
EMP03779,Vamakshi,Bhattacharyya,Female,1984-02-18
EMP03780,Vivaan,Narang,Female,1979-02-15
EMP03781,Unni,Bawa,Female,1981-02-22
EMP03782,Lopa,Gupta,Female,1981-10-20
EMP03783,Hardik,Sodhi,Male,1979-10-25
EMP03784,Liam,Dar,Female,1977-04-23
EMP03785,Utkarsh,Taneja,Female,1983-03-04
EMP03786,Jacob,Chauhan,Female,1990-12-13
EMP03787,Dominic,Doshi,Female,1993-08-14
EMP03788,Kashvi,Tak,Female,1995-11-08
EMP03789,Nidhi,Oza,Female,1995-04-28
EMP03790,Rohan,Shankar,Male,1986-09-23
EMP03791,Jeremiah,Memon,Female,1983-04-25
EMP03792,Shaurya,Vyas,Male,1989-08-21
EMP03793,Leena,Desai,Male,1989-03-04
EMP03794,Ronith,Chauhan,Male,1985-08-06
EMP03795,Radhika,Bera,Male,1983-10-27
EMP03796,Wyatt,Chowdhury,Male,1975-09-20
EMP03797,Lakshmi,Ahuja,Female,1984-04-01
EMP03798,Nandini,Chanda,Female,1993-08-25
EMP03799,Lopa,Dave,Female,1986-12-26
EMP03800,Saanvi,Dugal,Male,1995-02-03
EMP03801,Warda,Nair,Female,1992-04-17
EMP03802,Bhavani,Choudhary,Female,1996-06-08
EMP03803,Falan,Lall,Female,1987-10-10
EMP03804,Jeevika,Bir,Female,1984-09-02
EMP03805,Om,Rajan,Male,1998-12-30
EMP03806,Upadhriti,Chokshi,Male,1990-04-08
EMP03807,Darika,Andra,Female,1981-04-24
EMP03808,Shivani,Garde,Male,1981-05-13
EMP03809,Ethan,Ramanathan,Male,1986-01-23
EMP03810,Jagvi,Rai,Male,1984-12-29
EMP03811,Upasna,Sheth,Female,1984-12-06
EMP03812,Warinder,Sanghvi,Male,1984-02-27
EMP03813,Harinakshi,Parmar,Male,1996-04-05
EMP03814,Adya,Varma,Male,1981-07-24
EMP03815,Yashoda,Madan,Male,1979-08-29
EMP03816,Pranav,Pant,Male,1983-10-17
EMP03817,Harita,Natt,Female,1974-09-26
EMP03818,Tara,Om,Female,2000-04-17
EMP03819,Qushi,Barad,Male,1984-05-24
EMP03820,Forum,Kade,Male,1979-03-31
EMP03821,Neel,Lala,Male,1991-08-09
EMP03822,Anamika,Bath,Female,1999-07-25
EMP03823,Gunbir,Dugar,Male,1993-04-08
EMP03824,Nidra,Goda,Female,1983-12-01
EMP03825,Yauvani,Om,Female,2000-02-22
EMP03826,Advaith,Srinivas,Female,1991-07-09
EMP03827,Yashvi,Gulati,Female,1977-05-27
EMP03828,Anthony,Morar,Male,1985-06-30
EMP03829,Amol,Keer,Male,1995-03-16
EMP03830,Udyati,Bose,Male,1977-03-07
EMP03831,Timothy,Saini,Female,1993-08-20
EMP03832,Amaira,Soni,Female,1982-12-02
EMP03833,Kritika,Chhabra,Male,1988-01-05
EMP03834,Damyanti,Mani,Female,1993-11-25
EMP03835,Vedika,Chatterjee,Male,1991-05-27
EMP03836,Sanaya,Dugal,Male,1976-10-05
EMP03837,Lajita,Manne,Male,1978-06-01
EMP03838,Geetika,Kuruvilla,Male,1986-07-18
EMP03839,Nilima,Dar,Female,1991-10-12
EMP03840,Aditya,Baria,Male,1997-01-26
EMP03841,Saumya,Barman,Male,1985-02-13
EMP03842,Viraj,Bumb,Male,1980-03-28
EMP03843,Qasim,Bahl,Male,1980-10-08
EMP03844,Aarini,Narasimhan,Female,1990-04-10
EMP03845,Prisha,Mann,Female,1971-08-06
EMP03846,Nathan,Borde,Female,1970-07-29
EMP03847,Yashica,Kala,Female,1988-02-12
EMP03848,Eiravati,Dhar,Female,1982-08-19
EMP03849,Zarna,Gour,Female,1998-07-03
EMP03850,Inaya,Brar,Male,1999-11-12
EMP03851,Hardik,Bala,Female,1985-12-01
EMP03852,Irya,Dara,Male,1986-11-11
EMP03853,Ansh,Biswas,Male,1980-03-20
EMP03854,Ati,Ghose,Male,1982-04-13
EMP03855,Nimrat,Kibe,Male,1998-08-29
EMP03856,Pahal,Bava,Male,2000-09-23
EMP03857,Irya,Dhar,Female,1993-09-06
EMP03858,Inaya,Majumdar,Male,1992-12-20
EMP03859,Vritti,Bajaj,Female,1986-12-06
EMP03860,Jagrati,Parmer,Male,1992-10-26
EMP03861,Harinakshi,Mukherjee,Male,1995-08-19
EMP03862,Bachittar,Batta,Male,1984-09-18
EMP03863,Chanchal,Srinivasan,Female,1981-05-05
EMP03864,Advaith,Tata,Female,1985-11-01
EMP03865,Faraj,Sood,Male,1991-05-11
EMP03866,Upasna,Handa,Female,1983-03-26
EMP03867,Chandran,Kapadia,Female,1983-01-02
EMP03868,Adweta,Borra,Male,1990-03-30
EMP03869,Vyanjana,Chaudry,Female,1996-01-30
EMP03870,Keya,Rege,Female,2000-01-08
EMP03871,Janya,Palan,Male,1989-09-23
EMP03872,Urishilla,Suri,Male,1990-10-02
EMP03873,Jai,Pingle,Female,1985-03-30
EMP03874,Gaurav,Kumer,Female,1978-03-28
EMP03875,Aarna,Kunda,Female,1989-03-09
EMP03876,Yashoda,Ganguly,Female,2000-11-18
EMP03877,Bhavya,Nayak,Female,1986-02-20
EMP03878,Fiyaz,Balan,Male,1970-04-18
EMP03879,Jackson,Gill,Male,1991-08-26
EMP03880,Jasmit,Chada,Female,1987-03-23
EMP03881,Rudra,Ghosh,Female,1986-02-16
EMP03882,Jhalak,Kannan,Female,1991-03-23
EMP03883,Anthony,Iyer,Female,1985-10-12
EMP03884,Janaki,Wali,Female,1995-04-13
EMP03885,Saksham,Ramanathan,Female,1969-11-02
EMP03886,Vedhika,Mani,Male,1965-10-06
EMP03887,Chandran,Mishra,Male,1980-11-08
EMP03888,Shivani,Nigam,Male,1996-10-01
EMP03889,Gaurang,Behl,Female,1992-11-13
EMP03890,Teerth,Jain,Female,2002-03-16
EMP03891,Michael,Aurora,Male,1989-01-12
EMP03892,Sai,Cherian,Male,1988-10-31
EMP03893,Krishna,Bail,Male,1971-12-16
EMP03894,Chaitanya,Tak,Female,1986-02-25
EMP03895,Ridhi,Swaminathan,Male,1972-11-30
EMP03896,Vamakshi,Nagarajan,Male,1991-07-16
EMP03897,Anya,Sarkar,Male,1988-02-03
EMP03898,Devansh,Randhawa,Male,1969-07-03
EMP03899,Chaitanya,Rege,Female,1974-05-24
EMP03900,Pranit,Sastry,Female,1997-10-10
EMP03901,Advik,Bobal,Male,1989-09-04
EMP03902,Chatresh,Minhas,Male,1983-01-13
EMP03903,Jeet,Manne,Male,1995-01-04
EMP03904,Nikita,Setty,Male,1995-11-04
EMP03905,Indali,Bawa,Male,1976-07-07
EMP03906,Harish,Rau,Female,1999-07-17
EMP03907,Wyatt,Shukla,Female,1998-08-17
EMP03908,Maya,Acharya,Female,1996-07-07
EMP03909,Niharika,Seth,Female,1993-09-05
EMP03910,Vedant,Tandon,Male,1985-08-17
EMP03911,Finn,Lall,Male,1972-09-26
EMP03912,Vincent,Chokshi,Female,1983-10-02
EMP03913,Janya,Sundaram,Male,1987-01-30
EMP03914,Saumya,Shankar,Male,1990-09-10
EMP03915,Chaman,Sen,Male,1987-07-03
EMP03916,Barkha,Gole,Female,1981-07-10
EMP03917,Simon,Gaba,Female,1989-01-17
EMP03918,Brinda,Nigam,Female,1981-03-21
EMP03919,Darsh,Tella,Female,1986-04-15
EMP03920,Hredhaan,Bhalla,Female,1981-11-10
EMP03921,Bachittar,Bawa,Male,1993-10-17
EMP03922,Netra,Pathak,Female,2000-02-29
EMP03923,Yug,Bajwa,Female,1973-03-09
EMP03924,Raagini,Pant,Male,1989-03-04
EMP03925,Bakhshi,Kibe,Male,1993-02-16
EMP03926,Yatan,Sankaran,Male,1989-08-20
EMP03927,Bhavika,Rama,Male,1984-11-26
EMP03928,Radha,Mahal,Female,1995-04-29
EMP03929,Neha,Sen,Female,1989-05-14
EMP03930,Vidhi,Mahal,Male,1992-04-27
EMP03931,Balveer,Bakshi,Male,1996-03-25
EMP03932,Krishna,Jha,Female,1984-04-24
EMP03933,Balendra,Sengupta,Female,1968-01-29
EMP03934,Ayush,Sarma,Female,1978-10-23
EMP03935,Jacob,Soni,Male,1999-08-14
EMP03936,Dev,Dugar,Female,1981-09-21
EMP03937,Yagnesh,Kibe,Male,1995-08-15
EMP03938,Ekiya,Oommen,Female,1985-06-27
EMP03939,Nisha,Patil,Male,1984-03-18
EMP03940,Arunima,Vyas,Male,1983-04-30
EMP03941,Brijesh,Panchal,Male,1993-07-14
EMP03942,Chakrika,Kashyap,Female,1994-07-02
EMP03943,Gaurav,Sama,Male,1994-12-14
EMP03944,Triveni,Ramanathan,Male,1980-08-10
EMP03945,Jagrati,Raman,Female,2001-11-02
EMP03946,Jacob,Lalla,Male,1980-07-16
EMP03947,Jyoti,Gera,Male,1983-02-11
EMP03948,Nandini,Tata,Female,1974-02-15
EMP03949,Logan,Deshmukh,Male,1964-01-01
EMP03950,Wishi,Gandhi,Female,1985-02-28
EMP03951,Champak,Sundaram,Female,1991-08-10
EMP03952,Krish,Vohra,Male,1982-08-13
EMP03953,Alexander,Mall,Female,1985-11-18
EMP03954,Ayushman,Soman,Male,1999-03-15
EMP03955,Chasmum,Dhingra,Male,1991-06-19
EMP03956,Mason,Dubey,Male,1964-08-22
EMP03957,Ganga,Raju,Female,1997-10-14
EMP03958,Nitesh,Pandey,Female,1995-11-03
EMP03959,Charan,Kapoor,Male,1987-11-05
EMP03960,Ekiya,Kumer,Female,1987-04-13
EMP03961,Gavin,Minhas,Female,2001-04-19
EMP03962,Vedika,Majumdar,Male,1970-04-29
EMP03963,Chasmum,Palla,Male,1995-12-14
EMP03964,Divya,Krish,Female,1986-04-16
EMP03965,Vihaan,Tailor,Female,1988-03-20
EMP03966,Chandresh,Dayal,Female,1983-04-09
EMP03967,Madhav,Wason,Female,1981-12-01
EMP03968,Barkha,Doctor,Male,1986-10-23
EMP03969,Chandran,Chander,Female,1982-05-28
EMP03970,Xalak,Kanda,Female,1985-07-26
EMP03971,Onkar,Shetty,Female,1986-08-10
EMP03972,Gabriel,Ganesan,Female,1977-10-31
EMP03973,Advika,Dhawan,Male,1989-12-16
EMP03974,Raksha,Parmer,Male,1975-09-04
EMP03975,Chakradev,Sanghvi,Male,1992-08-11
EMP03976,Xiti,Basu,Male,1979-10-05
EMP03977,Aarna,Roy,Male,1997-08-11
EMP03978,Qabil,Sagar,Male,1983-11-12
EMP03979,Shivansh,Toor,Male,1987-12-22
EMP03980,Darpan,Manne,Male,1991-09-03
EMP03981,Onveer,Chhabra,Male,1979-01-02
EMP03982,Tarak,Mane,Male,1986-10-14
EMP03983,Balendra,Madan,Male,1987-04-08
EMP03984,Zilmil,Munshi,Female,1984-03-13
EMP03985,Benjamin,Shankar,Female,1973-01-14
EMP03986,Girish,Sethi,Male,1992-09-08
EMP03987,Imaran,Chaudhry,Male,1979-03-05
EMP03988,Vritti,Wali,Male,1979-09-13
EMP03989,Brijesh,Bhatti,Male,1974-08-16
EMP03990,Samesh,Rege,Male,1983-09-27
EMP03991,Chasmum,Lanka,Male,1989-07-26
EMP03992,Dakshesh,Iyengar,Female,2000-03-08
EMP03993,Udyati,Memon,Female,1985-03-15
EMP03994,Barkha,Nadkarni,Male,1994-04-12
EMP03995,Mohammed,Ganguly,Female,1984-02-21
EMP03996,Yadavi,Narain,Male,1983-10-28
EMP03997,Sanya,Deo,Male,1991-05-07
EMP03998,Warinder,Hayre,Female,1989-06-26
EMP03999,Zaitra,Kunda,Female,1990-09-03
EMP04000,Jai,Memon,Male,1980-07-13
EMP04001,Pooja,Babu,Female,1977-11-16
EMP04002,Pushti,Kulkarni,Female,1968-09-27
EMP04003,Brinda,Vohra,Male,1991-04-06
EMP04004,Aarush,Solanki,Female,1996-11-28
EMP04005,Raagini,Subramaniam,Female,1979-11-05
EMP04006,Nikita,Chaudhry,Female,1970-10-18
EMP04007,Tamanna,Sagar,Female,1988-01-09
EMP04008,Yashodhara,Pant,Male,1976-08-17
EMP04009,Mitesh,Jayaraman,Male,1999-07-25
EMP04010,Elijah,Tank,Male,1985-06-22
EMP04011,Vivaan,Biswas,Male,1980-07-24
EMP04012,Hemangini,Kakar,Female,1982-04-16
EMP04013,Tara,Kala,Female,1979-01-27
EMP04014,Vasana,Roy,Male,1987-08-28
EMP04015,Yadavi,Mital,Female,1987-01-01
EMP04016,Aryan,Keer,Female,1985-09-03
EMP04017,Rachana,Chaudhuri,Male,1979-10-18
EMP04018,Wazir,Chaudhary,Female,1980-07-11
EMP04019,Vincent,Dani,Male,1972-04-27
EMP04020,Yashawini,Bose,Male,1992-02-29
EMP04021,Vasudha,Hari,Male,1992-05-02
EMP04022,Samuel,Bhasin,Female,1996-04-13
EMP04023,Elijah,Deshpande,Male,1994-04-29
EMP04024,Devansh,Pandit,Male,1991-11-07
EMP04025,Rehaan,Cheema,Female,2000-08-21
EMP04026,Chanchal,Saran,Male,1982-12-10
EMP04027,Krisha,Lal,Male,1984-01-06
EMP04028,Imaran,Rau,Male,1989-12-13
EMP04029,Luke,Banik,Male,1993-11-04
EMP04030,Vansha,Bose,Female,1992-04-01
EMP04031,Idika,Dhar,Male,1999-01-15
EMP04032,Eesha,Sheth,Female,1993-06-18
EMP04033,Dakshesh,Parsa,Male,1987-05-22
EMP04034,Jeevika,Guha,Male,1989-02-28
EMP04035,Divya,Dasgupta,Male,1994-10-26
EMP04036,Jagdish,Batra,Female,1993-10-08
EMP04037,Abha,Kothari,Male,1986-06-17
EMP04038,Dipta,Deep,Female,1985-07-15
EMP04039,Nirja,Narasimhan,Male,1988-08-24
EMP04040,Jai,Ghosh,Female,1989-03-23
EMP04041,Ekavir,Mangal,Female,1978-01-30
EMP04042,Daniel,Bhatia,Male,1997-09-28
EMP04043,Dayita,Chaudhary,Female,1986-11-03
EMP04044,Dev,Dyal,Female,1981-10-28
EMP04045,Yashasvi,Sule,Male,1980-11-11
EMP04046,Umang,Manne,Male,1966-07-22
EMP04047,Leena,Mannan,Male,1969-12-20
EMP04048,Aadi,Thaman,Male,2000-11-20
EMP04049,Nidra,Chaudhry,Male,1979-01-26
EMP04050,Chandresh,Kumar,Male,1973-05-03
EMP04051,Maya,Batra,Male,1992-09-28
EMP04052,Urishilla,Keer,Male,1992-03-01
EMP04053,Rajata,Bhargava,Male,1991-07-02
EMP04054,Yoshita,Nagy,Female,1981-08-31
EMP04055,Ekta,Swamy,Female,1996-05-25
EMP04056,Laksh,Nori,Female,1989-10-17
EMP04057,Anya,Murthy,Female,1969-10-06
EMP04058,Ekbal,Ghosh,Male,1992-05-15
EMP04059,Gayathri,Balay,Male,1981-02-07
EMP04060,Waida,Sanghvi,Female,1991-09-21
EMP04061,Chatura,Sharaf,Male,1984-08-25
EMP04062,Vinaya,Dara,Male,1987-09-15
EMP04063,Sachi,Sridhar,Male,1983-11-10
EMP04064,Logan,Cheema,Male,1972-03-18
EMP04065,Tara,Zachariah,Male,1987-08-10
EMP04066,Reyansh,Pandey,Female,1971-10-25
EMP04067,Utkarsh,Kade,Female,1969-01-19
EMP04068,Utkarsh,Koshy,Female,1986-09-08
EMP04069,Ekbal,Wali,Male,1995-06-22
EMP04070,Fitan,Kulkarni,Female,1984-07-07
EMP04071,Nandini,Raval,Male,1986-03-21
EMP04072,Oviya,Merchant,Male,1990-03-15
EMP04073,Ekansh,Srivastava,Male,1977-11-11
EMP04074,Bhavna,Sekhon,Male,1986-07-15
EMP04075,Jagat,Chokshi,Male,1989-09-02
EMP04076,Urvi,Soman,Male,1992-06-06
EMP04077,Vyanjana,Mukherjee,Male,1986-06-02
EMP04078,Vasatika,Narain,Male,1997-05-28
EMP04079,Aditya,Kata,Female,1992-01-09
EMP04080,Jai,Sharma,Male,1988-08-05
EMP04081,Irya,Saraf,Male,1988-07-03
EMP04082,Shravya,Ramanathan,Male,1986-10-22
EMP04083,Maanas,Aggarwal,Male,1973-04-09
EMP04084,Jai,Nanda,Male,1992-09-24
EMP04085,Gayathri,Mutti,Female,1996-09-30
EMP04086,Aditya,Mukhopadhyay,Male,1983-03-29
EMP04087,Nandini,Natarajan,Male,1996-12-28
EMP04088,Pavani,Mangat,Male,1995-11-20
EMP04089,Ishaan,Babu,Female,1991-03-12
EMP04090,Girindra,Merchant,Female,1989-05-10
EMP04091,Tara,Parmer,Male,1996-12-03
EMP04092,Vrishti,Sangha,Male,1983-05-06
EMP04093,Orinder,Wable,Female,1987-10-07
EMP04094,Xiti,Narang,Female,1995-05-07
EMP04095,Vedhika,Bhardwaj,Female,1990-01-20
EMP04096,Faraj,Chaudhry,Male,1974-01-28
EMP04097,Jeremiah,Raja,Male,1992-03-01
EMP04098,Dakshesh,Shan,Female,1997-09-13
EMP04099,Yahvi,Chada,Female,1979-09-29
EMP04100,Rajata,Randhawa,Male,1998-03-07
EMP04101,Jeremiah,Prakash,Male,1981-08-21
EMP04102,Yuvraj,Mutti,Male,1993-07-12
EMP04103,Lipika,Pandya,Female,1994-07-05
EMP04104,David,Madan,Male,1988-02-26
EMP04105,Rehaan,Lanka,Male,1992-03-27
EMP04106,Lucky,Kala,Female,1976-02-26
EMP04107,Banjeet,Lata,Male,1995-04-16
EMP04108,Yashoda,Sahni,Male,1993-05-21
EMP04109,Veda,Nagarajan,Female,1982-09-05
EMP04110,Ria,Rout,Male,1973-12-09
EMP04111,Bhavini,Tak,Female,1974-01-23
EMP04112,Ayushman,Narayanan,Female,1988-05-21
EMP04113,Rudra,Saraf,Male,1988-08-16
EMP04114,Patrick,Dhar,Male,1992-06-04
EMP04115,Harish,Karan,Male,1981-07-26
EMP04116,Irya,Sarin,Male,1996-01-30
EMP04117,Xiti,Mitter,Male,1976-01-28
EMP04118,Pratyush,Merchant,Male,1986-03-05
EMP04119,Ayaan,Kanda,Female,1987-12-26
EMP04120,Azaan,Batra,Male,1983-04-22
EMP04121,Tanish,Tiwari,Male,1984-12-24
EMP04122,Falguni,Om,Male,1982-04-14
EMP04123,Nathan,Muni,Female,1990-05-24
EMP04124,Sanya,Cheema,Female,1995-04-04
EMP04125,Adweta,Tailor,Female,1997-02-02
EMP04126,Bishakha,Vaidya,Male,1993-06-23
EMP04127,Jason,Aggarwal,Male,1984-08-02
EMP04128,Tanveer,Mand,Male,1981-06-04
EMP04129,Bakhshi,Kata,Male,2000-02-28
EMP04130,Vasana,Gupta,Male,1989-11-12
EMP04131,Raagini,Suri,Male,1994-07-02
EMP04132,Prisha,Dalal,Male,1989-06-01
EMP04133,Banjeet,Chacko,Male,1991-06-11
EMP04134,Dayamai,Ravi,Male,1986-09-11
EMP04135,Caleb,Goel,Female,1979-07-08
EMP04136,Varsha,Ben,Female,1979-08-29
EMP04137,Ira,Pillay,Female,1988-12-12
EMP04138,Priya,Saxena,Male,1989-01-02
EMP04139,Maanav,Bal,Female,1969-10-11
EMP04140,Megha,Kumer,Male,1979-07-05
EMP04141,Brinda,Bawa,Female,1981-04-23
EMP04142,Laban,Ranganathan,Male,1992-01-17
EMP04143,Advay,More,Male,1981-12-15
EMP04144,Aditya,Saran,Female,1980-02-14
EMP04145,Diya,Wason,Female,1986-02-15
EMP04146,Indira,Sahni,Male,1984-01-20
EMP04147,Dominic,Apte,Male,1977-04-19
EMP04148,Siddharth,Gara,Female,1989-02-05
EMP04149,Dakshesh,Bhatnagar,Female,1995-10-27
EMP04150,Hiral,Sheth,Female,1992-05-04
EMP04151,Avi,Sachar,Female,1988-11-15
EMP04152,Priya,Toor,Male,1962-06-20
EMP04153,Dalbir,Tank,Male,1964-06-09
EMP04154,Omkaar,Wason,Male,1994-10-10
EMP04155,Krisha,Khatri,Male,1984-11-12
EMP04156,Tarak,Aurora,Male,1990-04-04
EMP04157,Priya,Nagarajan,Male,2002-11-18
EMP04158,Tanay,Majumdar,Male,1973-09-09
EMP04159,Charles,Arora,Female,1986-02-25
EMP04160,Siddharth,Mishra,Male,1991-11-04
EMP04161,Vyanjana,Mohanty,Female,2000-07-05
EMP04162,Nathan,Swamy,Male,1987-08-06
EMP04163,Hemang,Mand,Female,1978-11-25
EMP04164,Raagini,Soman,Female,1999-05-26
EMP04165,Charita,Varkey,Female,1993-12-11
EMP04166,Arjun,Trivedi,Male,1980-01-16
EMP04167,Daniel,Dani,Female,1983-07-07
EMP04168,Advay,Desai,Male,1993-01-03
EMP04169,Chaitaly,Agarwal,Male,1987-08-28
EMP04170,Kamya,Bains,Female,1995-12-20
EMP04171,Diya,Toor,Female,1998-12-26
EMP04172,Jagdish,Chada,Female,2000-01-04
EMP04173,Anjali,Sen,Male,1989-03-16
EMP04174,Darika,Bala,Male,1981-04-17
EMP04175,Chandresh,Sharaf,Female,1985-01-03
EMP04176,Lipika,Thakkar,Female,1988-12-13
EMP04177,Charvi,Narayan,Male,1979-01-13
EMP04178,Gagan,Dewan,Male,1988-05-22
EMP04179,Warjas,Ramachandran,Male,1991-04-02
EMP04180,Radha,Halder,Male,1986-08-08
EMP04181,Nicholas,Sehgal,Male,1994-12-25
EMP04182,Vanya,Oommen,Male,1986-08-07
EMP04183,Ladli,Pradhan,Male,1983-09-12
EMP04184,Imaran,Ganesan,Male,1988-07-23
EMP04185,Fiyaz,Divan,Male,1982-12-26
EMP04186,Aarna,Parekh,Female,1991-01-25
EMP04187,Hredhaan,Nadkarni,Male,1977-10-15
EMP04188,Brijesh,Pant,Male,1999-11-16
EMP04189,Abhiram,Modi,Female,1986-01-20
EMP04190,Hema,Bava,Male,1985-05-01
EMP04191,Akshay,Dyal,Female,1986-08-19
EMP04192,Tanveer,Mukhopadhyay,Female,1982-01-12
EMP04193,Dhriti,Minhas,Female,2000-04-28
EMP04194,Saanvi,Manda,Male,1994-04-12
EMP04195,Bina,Garde,Male,1997-11-02
EMP04196,Onveer,Modi,Female,1968-12-29
EMP04197,Yoshita,Sarkar,Female,1987-03-31
EMP04198,Vanya,Varkey,Female,1974-01-09
EMP04199,Anita,Krish,Male,1993-04-13
EMP04200,Nisha,Shan,Female,1995-07-17
EMP04201,George,Swaminathan,Male,1997-11-23
EMP04202,Darpan,Mammen,Male,1992-07-21
EMP04203,Tejas,Suri,Female,1986-06-11
EMP04204,Chanchal,Dugar,Male,1993-04-01
EMP04205,Qabil,Karpe,Male,1993-11-03
EMP04206,Joshua,Chawla,Female,1990-10-27
EMP04207,Samaksh,Peri,Female,1980-09-20
EMP04208,Sanaya,Srinivasan,Female,1996-03-23
EMP04209,Kevin,Sood,Male,1971-04-05
EMP04210,Krish,Saran,Male,1965-06-07
EMP04211,Edhitha,Gopal,Male,1983-07-03
EMP04212,Divya,Bala,Male,1988-08-05
EMP04213,Chaitanya,Setty,Female,1981-09-12
EMP04214,Mohammed,Das,Male,1989-11-12
EMP04215,Aditya,Varty,Male,1983-10-22
EMP04216,Bhavani,Patla,Male,1981-04-08
EMP04217,Darika,Kashyap,Male,1993-06-08
EMP04218,Samarth,Dua,Male,1985-10-11
EMP04219,David,Barad,Female,1984-01-28
EMP04220,Eta,Aurora,Male,1986-10-18
EMP04221,Aadhya,Sani,Female,1986-01-09
EMP04222,Zayan,Choudhury,Female,1975-07-07
EMP04223,Ladli,Kala,Male,1995-01-25
EMP04224,Yauvani,Loyal,Female,1985-12-14
EMP04225,Chaitanya,Rana,Male,1985-04-27
EMP04226,Balhaar,Gaba,Female,1984-03-22
EMP04227,Tanvi,Badami,Male,1981-01-08
EMP04228,Ganga,Sarna,Male,1985-12-04
EMP04229,Karan,Thakkar,Female,1992-08-20
EMP04230,Harinakshi,Balakrishnan,Female,1987-10-03
EMP04231,Mitesh,Tak,Female,1989-11-15
EMP04232,Lipika,Ramachandran,Female,1987-01-17
EMP04233,Rudra,Apte,Female,1984-07-12
EMP04234,Faqid,Madan,Female,1989-03-26
EMP04235,Anjali,Ramachandran,Male,1990-01-21
EMP04236,Andrew,Bhatti,Male,1978-01-19
EMP04237,Anirudh,Pau,Female,1981-04-18
EMP04238,Abdul,Dyal,Male,1985-03-27
EMP04239,Adweta,Edwin,Male,1997-10-28
EMP04240,Gopal,Bhatnagar,Male,1977-10-25
EMP04241,Janani,Char,Male,1967-11-29
EMP04242,Michael,Tata,Male,1992-11-30
EMP04243,Amrita,Pandya,Female,1991-10-15
EMP04244,Lipika,Golla,Female,1987-11-12
EMP04245,Harsh,Bhagat,Female,1981-01-15
EMP04246,Mugdha,Murthy,Male,1997-02-05
EMP04247,Jacob,Kade,Male,1983-08-26
EMP04248,Neha,Kaul,Female,1995-06-09
EMP04249,Vasatika,Kata,Male,1986-10-02
EMP04250,Radha,Kata,Male,1998-08-08
EMP04251,Wazir,Kuruvilla,Female,1981-06-20
EMP04252,Ridhi,Gaba,Male,1989-01-12
EMP04253,Ranbir,Hayer,Male,1984-12-23
EMP04254,Isha,Sharaf,Male,1983-04-01
EMP04255,Falan,Sha,Male,1987-04-21
EMP04256,Xalak,Chandran,Male,1990-08-29
EMP04257,Wriddhish,Sodhi,Female,1987-03-12
EMP04258,Yatin,Chandran,Female,1985-10-10
EMP04259,Omisha,Taneja,Male,1985-02-02
EMP04260,Champak,Shah,Male,1983-12-22
EMP04261,Brijesh,Verma,Female,1981-06-10
EMP04262,Manthan,Dyal,Male,1994-03-10
EMP04263,Triya,Goda,Male,1994-12-07
EMP04264,Forum,Tandon,Male,1995-12-02
EMP04265,Jalsa,Parekh,Male,1987-05-14
EMP04266,Darika,Acharya,Male,1994-06-05
EMP04267,Lakshmi,Goyal,Male,1977-11-21
EMP04268,Kala,Oommen,Male,1980-09-09
EMP04269,Zilmil,Bala,Female,1989-07-29
EMP04270,Finn,Gupta,Male,1983-10-18
EMP04271,Xavier,Bir,Male,1988-05-27
EMP04272,Nimrat,Pathak,Female,1997-07-23
EMP04273,Pushti,Prasad,Male,1989-11-03
EMP04274,Alexander,Dhar,Female,1988-06-16
EMP04275,Ekaraj,Kar,Male,1985-01-17
EMP04276,Jalsa,Pandit,Female,1983-01-16
EMP04277,Vamakshi,Venkatesh,Male,1989-06-05
EMP04278,Vrishti,Batra,Female,1996-06-17
EMP04279,Vritti,Ghosh,Male,1972-03-24
EMP04280,Dayamai,Bhagat,Female,1978-01-13
EMP04281,Sneha,Bath,Male,1997-11-01
EMP04282,Christopher,Kapur,Female,2000-04-22
EMP04283,Chakradhar,Ramachandran,Male,1989-04-11
EMP04284,Megha,Pau,Male,1991-09-30
EMP04285,Tarak,Patla,Male,1985-01-02
EMP04286,Gunbir,Kuruvilla,Female,1983-05-26
EMP04287,Aarini,Tata,Female,1985-04-21
EMP04288,Kritika,Sundaram,Female,1989-07-26
EMP04289,Eta,Hegde,Male,1987-12-02
EMP04290,Krishna,Kade,Male,1988-11-24
EMP04291,Aradhana,Pant,Female,1990-07-20
EMP04292,Anya,Brar,Male,1990-06-30
EMP04293,Ekani,Mittal,Male,1965-09-04
EMP04294,Nachiket,Raval,Male,1981-09-28
EMP04295,Saumya,Vyas,Male,1999-03-20
EMP04296,Falguni,Palan,Female,1974-01-16
EMP04297,Aishani,Kaul,Male,1988-09-11
EMP04298,Shaurya,Chadha,Female,1980-07-02
EMP04299,Ojas,Mann,Female,1981-05-30
EMP04300,Yashodhara,Varty,Male,1983-07-25
EMP04301,Frado,Bhargava,Male,1987-04-13
EMP04302,Siddharth,Dixit,Male,1967-06-16
EMP04303,Turvi,Naidu,Female,1987-09-03
EMP04304,Indali,Borra,Male,1988-07-24
EMP04305,Prisha,Parmer,Female,1981-02-27
EMP04306,Yashodhara,Maharaj,Male,1989-09-15
EMP04307,Saumya,Sheth,Male,1977-12-07
EMP04308,Maanav,Narayan,Male,1986-06-07
EMP04309,Viraj,Agate,Male,1996-09-08
EMP04310,Agastya,Rege,Male,1989-02-06
EMP04311,Lohit,Bains,Male,1988-06-19
EMP04312,Oliver,Sani,Male,1979-08-05
EMP04313,Jatin,Dutt,Female,1994-07-31
EMP04314,Patrick,Vora,Male,1971-06-29
EMP04315,Bahadurjit,Walia,Male,1984-12-12
EMP04316,Rehaan,Mital,Male,1978-09-09
EMP04317,Udarsh,Zacharia,Female,1968-02-21
EMP04318,Ekapad,Parmer,Female,1981-01-23
EMP04319,Yashica,Jayaraman,Male,1991-03-23
EMP04320,Brinda,Oommen,Male,1995-12-20
EMP04321,Nandini,Bala,Female,1985-01-27
EMP04322,Varenya,Bhagat,Male,1980-02-14
EMP04323,Kashvi,Biswas,Female,1998-01-27
EMP04324,Ekanta,Dhaliwal,Male,1985-08-03
EMP04325,Vihaan,Mallick,Female,1980-01-16
EMP04326,Niharika,Jaggi,Male,1970-11-29
EMP04327,Wyatt,Varma,Male,1985-10-10
EMP04328,Finn,Ravel,Female,1987-06-19
EMP04329,Jagvi,Uppal,Female,1993-03-13
EMP04330,Farhan,Munshi,Female,1975-10-19
EMP04331,Udyati,Yogi,Male,1987-09-07
EMP04332,Leela,Natt,Female,1987-02-15
EMP04333,Peter,Halder,Female,1986-10-30
EMP04334,Sanya,Raja,Male,1995-05-16
EMP04335,Charan,Suresh,Female,1979-08-25
EMP04336,Shaurya,Chaudhary,Female,1983-07-23
EMP04337,Veda,Gade,Female,1987-11-30
EMP04338,Gauri,Padmanabhan,Male,1992-05-09
EMP04339,Jack,Bahri,Male,1988-07-08
EMP04340,Sudiksha,Singh,Male,1988-06-15
EMP04341,Yashasvi,Dubey,Female,1992-01-19
EMP04342,Aashi,Din,Female,1997-08-12
EMP04343,Samar,Bajwa,Female,1969-10-02
EMP04344,Ekbal,Deep,Female,1988-03-11
EMP04345,Vamakshi,Ray,Female,1992-11-05
EMP04346,Aahana,Chaudhuri,Male,1978-03-13
EMP04347,Samar,Ahuja,Female,1989-11-15
EMP04348,Wishi,Sastry,Female,1973-07-13
EMP04349,Urvashi,Borra,Female,1965-08-28
EMP04350,Atharv,Sekhon,Female,1985-10-16
EMP04351,Lucky,Tailor,Male,1992-12-29
EMP04352,Idika,Madan,Female,1985-08-12
EMP04353,Gabriel,Bail,Female,1999-12-04
EMP04354,Chanakya,Luthra,Female,1984-05-14
EMP04355,Gabriel,Brar,Male,1977-01-19
EMP04356,Radhika,Warrior,Female,1995-09-27
EMP04357,Samuel,Lala,Male,1994-09-20
EMP04358,Qabil,Borra,Female,1987-04-19
EMP04359,Benjamin,Kadakia,Female,1980-02-01
EMP04360,Qadim,Dutt,Male,1978-02-09
EMP04361,Ekalinga,Parmer,Female,1986-06-11
EMP04362,Varenya,Sharaf,Male,1987-10-04
EMP04363,Arya,Memon,Male,1991-09-07
EMP04364,Ishita,Taneja,Male,1987-10-14
EMP04365,Kalpit,Dutt,Male,1998-07-03
EMP04366,Laban,Kade,Male,1995-09-25
EMP04367,Faraj,Sidhu,Female,1986-03-05
EMP04368,Maya,Kamdar,Male,1995-06-26
EMP04369,Peter,Narasimhan,Male,1987-08-08
EMP04370,Kamala,Raval,Female,1986-08-07
EMP04371,Ranveer,Purohit,Female,1995-06-25
EMP04372,Aadi,Vohra,Female,1986-10-29
EMP04373,Janya,Ranganathan,Female,1996-01-08
EMP04374,Darsh,Narayanan,Male,1988-04-30
EMP04375,Qushi,Bir,Male,1967-05-25
EMP04376,Lavanya,Bora,Female,1996-01-25
EMP04377,Yatan,Ramakrishnan,Male,1989-04-07
EMP04378,Chasmum,Karan,Male,1968-01-16
EMP04379,Nilima,Rajagopal,Female,1985-07-16
EMP04380,Sanaya,Raju,Female,1992-07-30
EMP04381,Ansh,Mohanty,Male,1985-10-30
EMP04382,Chakradev,Sen,Male,1996-02-21
EMP04383,Mason,Jani,Male,1993-11-22
EMP04384,Urmi,Sarkar,Female,1986-12-01
EMP04385,Naveen,Puri,Male,1978-07-05
EMP04386,Rajata,Bala,Male,1983-09-25
EMP04387,Nakul,Kalla,Male,1996-10-10
EMP04388,Inaya,Misra,Male,1974-03-22
EMP04389,Sachi,Yadav,Female,1987-12-06
EMP04390,Ekaja,Sastry,Male,1985-02-24
EMP04391,Chakradev,Oak,Female,1989-12-29
EMP04392,Yashodhara,Zacharia,Female,1994-06-27
EMP04393,Luke,Bhat,Male,1989-03-09
EMP04394,Maanas,Khurana,Male,1995-07-01
EMP04395,Aarav,Kalita,Male,1997-04-03
EMP04396,Samar,Bains,Male,1986-07-02
EMP04397,Gautam,Kohli,Female,1991-11-05
EMP04398,Aachal,Kalita,Female,1990-01-06
EMP04399,Yashoda,Nayar,Male,1997-07-23
EMP04400,Neelima,Shroff,Female,1989-08-10
EMP04401,Aarnav,Bhalla,Female,1987-04-05
EMP04402,Zehaan,Bhatnagar,Male,1986-12-19
EMP04403,Gabriel,Chacko,Female,1993-11-15
EMP04404,Leela,Chokshi,Female,1988-01-28
EMP04405,Ekbal,Narayanan,Female,1990-12-29
EMP04406,Hemang,Nagar,Female,1984-12-10
EMP04407,Maanav,Jani,Female,1990-11-23
EMP04408,Bhanumati,Ghose,Female,1989-09-11
EMP04409,Owen,Memon,Female,1969-04-26
EMP04410,Bachittar,Parekh,Male,1986-09-02
EMP04411,Jonathan,Dyal,Male,1997-03-16
EMP04412,Radha,Chad,Female,1979-03-25
EMP04413,Gauri,Malhotra,Male,1989-07-24
EMP04414,Christopher,Sandal,Male,1994-04-14
EMP04415,Ganga,Krishna,Female,1990-02-17
EMP04416,Avi,Bera,Male,1981-09-09
EMP04417,Maya,Bhatia,Female,1994-06-23
EMP04418,Ria,Maharaj,Male,1991-03-16
EMP04419,Rachita,Bawa,Female,1984-12-26
EMP04420,Pavani,Chaudhari,Female,1977-05-28
EMP04421,Abhimanyu,Saraf,Male,1977-02-08
EMP04422,Inaya,Tank,Male,1971-10-06
EMP04423,Dalbir,Basu,Female,1996-08-27
EMP04424,Parth,Keer,Male,1995-03-04
EMP04425,Akshay,Boase,Male,1982-01-29
EMP04426,Jhalak,Salvi,Male,1983-09-07
EMP04427,Sathvik,Kakar,Male,1967-10-16
EMP04428,Jagdish,Deol,Male,1983-01-18
EMP04429,Nisha,Bandi,Male,1984-07-23
EMP04430,Udyati,Bose,Male,1984-11-12
EMP04431,Shivani,Chander,Female,1983-03-10
EMP04432,Siya,Badal,Female,1992-03-20
EMP04433,Hemangini,Joshi,Female,1977-03-02
EMP04434,Udyati,Kota,Female,1991-02-28
EMP04435,Chakradev,Desai,Female,1984-03-23
EMP04436,Raghav,Vasa,Female,1982-10-29
EMP04437,Sarthak,Soni,Female,1986-11-17
EMP04438,Theodore,Garg,Male,1999-10-29
EMP04439,Qasim,Pillay,Female,1986-10-08
EMP04440,Akshay,Vora,Male,1982-11-21
EMP04441,Advay,Bhatnagar,Female,1994-10-17
EMP04442,Isaac,Sane,Male,1998-12-14
EMP04443,Vedhika,Butala,Female,1979-01-15
EMP04444,Oliver,Datta,Male,1984-10-14
EMP04445,Harrison,Bhatti,Female,1982-05-05
EMP04446,Girish,D’Alia,Male,1987-08-10
EMP04447,Mohammed,Lanka,Female,1979-02-11
EMP04448,Chaitaly,Mani,Male,1985-03-05
EMP04449,Niharika,Thakur,Female,2000-05-10
EMP04450,Jonathan,Kakar,Male,1989-06-21
EMP04451,Siya,Chakrabarti,Male,1993-07-25
EMP04452,Saksham,Comar,Female,1985-11-21
EMP04453,Vidhi,Sagar,Male,1981-03-11
EMP04454,Pranit,Raghavan,Female,1991-10-16
EMP04455,Saksham,Sodhi,Female,1977-08-02
EMP04456,Isha,Banerjee,Male,1986-09-20
EMP04457,Vansha,Dhawan,Female,1984-02-07
EMP04458,Dalaja,Kar,Female,2000-04-24
EMP04459,Divya,Sura,Male,1980-11-17
EMP04460,Yasti,Randhawa,Female,1988-07-17
EMP04461,Tarak,Dada,Female,1976-07-21
EMP04462,Upasna,Apte,Male,1981-08-02
EMP04463,Manya,Lanka,Female,1985-09-20
EMP04464,Ryan,Tandon,Female,1989-04-05
EMP04465,Upasna,Sankaran,Male,1988-08-24
EMP04466,Wishi,Walia,Female,1991-08-21
EMP04467,Widisha,Virk,Female,1977-08-14
EMP04468,Radha,Mahal,Male,1988-01-11
EMP04469,Ayushman,Nayar,Male,1989-11-04
EMP04470,Ijaya,Narasimhan,Female,1975-03-31
EMP04471,Baljiwan,Sandhu,Female,1991-05-18
EMP04472,Hema,Rajagopalan,Male,1998-07-24
EMP04473,Ladli,Apte,Female,1969-07-07
EMP04474,Yamini,Verma,Male,1983-01-02
EMP04475,Triya,Shan,Female,1990-03-18
EMP04476,Gaurang,Tara,Female,1985-10-05
EMP04477,Ria,Thakur,Female,1994-08-31
EMP04478,Rushil,Yadav,Female,1984-01-08
EMP04479,Abha,Sinha,Male,1985-08-12
EMP04480,Pooja,Chopra,Female,1990-01-27
EMP04481,Kritika,Singhal,Female,1978-11-14
EMP04482,Urishilla,Chaudry,Male,1995-10-13
EMP04483,Yochana,Anne,Female,1983-06-14
EMP04484,Edhitha,Varkey,Female,1982-01-24
EMP04485,Unni,Arora,Female,1994-01-07
EMP04486,Chaitaly,Mangal,Male,1983-03-09
EMP04487,Saumya,Kumar,Male,1981-12-29
EMP04488,Zarna,Panchal,Female,1991-03-19
EMP04489,Anjali,Bhandari,Female,1981-11-06
EMP04490,Isaac,Balakrishnan,Female,1993-11-09
EMP04491,Jack,Arya,Female,1971-05-06
EMP04492,Varsha,Kalita,Male,1994-08-06
EMP04493,Gautami,Ram,Male,1994-06-25
EMP04494,Ansh,Rama,Female,1978-01-23
EMP04495,Ikbal,Oak,Female,1977-05-18
EMP04496,Mitali,Varma,Male,1986-06-30
EMP04497,Mitesh,Balakrishnan,Male,1990-02-15
EMP04498,Fariq,Sant,Female,1988-01-08
EMP04499,Qarin,Subramanian,Female,1978-08-19
EMP04500,Lajita,Sehgal,Male,1989-09-07
EMP04501,Karan,Raval,Female,1984-07-29
EMP04502,Jackson,Dhingra,Male,1982-05-08
EMP04503,Bachittar,Dani,Female,1990-07-24
EMP04504,Oviya,Pandey,Male,2000-06-08
EMP04505,Leena,Morar,Female,1993-09-04
EMP04506,Netra,Bora,Female,1994-03-16
EMP04507,Maya,Sharma,Male,1967-09-16
EMP04508,Dipta,Garg,Male,1987-10-11
EMP04509,Kalpit,Walla,Male,1984-10-14
EMP04510,Dhriti,Sem,Female,1975-01-13
EMP04511,Rachit,Barman,Male,1978-08-31
EMP04512,Devansh,Wable,Male,1984-02-12
EMP04513,Jeet,Kapadia,Female,1986-05-13
EMP04514,Azaan,Gola,Female,1980-02-25
EMP04515,Chakradhar,Shetty,Female,1990-08-13
EMP04516,Zansi,Bansal,Female,1997-03-22
EMP04517,Warhi,Chaudhry,Male,1991-01-05
EMP04518,Mohammed,Kanda,Male,1988-01-24
EMP04519,Samuel,Rajan,Female,1987-09-07
EMP04520,Lekha,Cherian,Female,1982-01-23
EMP04521,Finn,Soman,Female,1990-09-03
EMP04522,Onkar,Sandhu,Female,1983-05-18
EMP04523,Yashasvi,Pathak,Male,2000-08-25
EMP04524,Lekha,Shetty,Female,1992-12-07
EMP04525,Wyatt,Keer,Male,1995-04-02
EMP04526,Nihal,Dani,Female,1986-02-13
EMP04527,Wyatt,Kothari,Female,1987-06-06
EMP04528,Bhavya,Maharaj,Male,1992-11-13
EMP04529,Tanveer,Venkatesh,Female,1975-03-05
EMP04530,Teerth,Viswanathan,Male,1980-08-05
EMP04531,Ridhi,Nath,Male,1992-10-21
EMP04532,Alexander,Sheth,Male,1988-10-04
EMP04533,Harita,Jain,Male,1986-01-29
EMP04534,Nitara,Sama,Female,1987-06-08
EMP04535,Damini,Srinivas,Male,1990-07-06
EMP04536,Udarsh,Bhatia,Female,1995-07-29
EMP04537,Jagvi,Chaudhuri,Female,1986-04-14
EMP04538,Chakradhar,Chakraborty,Male,1987-05-09
EMP04539,Siya,Sanghvi,Female,1994-12-27
EMP04540,Zansi,Comar,Female,1989-10-19
EMP04541,Jagat,Yogi,Female,1988-05-25
EMP04542,Priya,Sengupta,Male,1989-02-19
EMP04543,Indira,Kala,Male,1974-08-04
EMP04544,Darpan,Sekhon,Male,1988-07-02
EMP04545,Hemang,Bhardwaj,Male,1985-04-04
EMP04546,Pratyush,Kapadia,Female,1984-04-28
EMP04547,Viraj,Bansal,Female,1980-02-21
EMP04548,Wridesh,Wagle,Male,1996-06-20
EMP04549,Urvashi,Dhar,Female,1996-11-24
EMP04550,Falguni,Dora,Female,1983-12-22
EMP04551,Adya,Sridhar,Male,1994-06-12
EMP04552,Reyansh,Mishra,Female,1977-03-12
EMP04553,Madhavi,Dani,Male,1995-06-30
EMP04554,Caleb,Dutt,Female,2002-01-15
EMP04555,Kavya,Boase,Female,1989-09-04
EMP04556,Manbir,Pradhan,Male,1983-07-20
EMP04557,Nihal,Mitra,Male,1985-01-30
EMP04558,Christopher,Balay,Female,1984-11-09
EMP04559,Ekbal,Dada,Male,1988-05-29
EMP04560,Oeshi,Bhalla,Female,1979-03-07
EMP04561,Ekaraj,Khatri,Male,1968-10-31
EMP04562,Jasmit,Bahl,Female,1990-09-04
EMP04563,Luke,Subramaniam,Female,1989-11-11
EMP04564,Gaurika,Wable,Male,1979-03-01
EMP04565,Janani,Nanda,Female,1981-03-29
EMP04566,Yoshita,Wali,Female,1975-01-17
EMP04567,Ekansh,Brahmbhatt,Male,1995-09-13
EMP04568,Neel,Lata,Female,1987-10-13
EMP04569,Siya,Buch,Female,1990-05-12
EMP04570,Leena,Bandi,Female,1978-03-26
EMP04571,Sai,Chaudhari,Male,1992-11-13
EMP04572,Jagvi,Dhar,Female,1995-11-05
EMP04573,Banjeet,Pandya,Female,1993-05-07
EMP04574,Neha,Tailor,Male,1979-01-04
EMP04575,Krishna,Chacko,Female,1994-12-14
EMP04576,Oeshi,Saran,Male,1990-03-23
EMP04577,Pahal,Bhatnagar,Female,1995-10-10
EMP04578,Pallavi,Mall,Female,1984-10-31
EMP04579,Janaki,Sangha,Male,1982-06-05
EMP04580,Vasatika,Nigam,Male,1996-09-23
EMP04581,Ekavir,Suresh,Male,1991-03-01
EMP04582,Manthan,Chaudhari,Male,1980-06-14
EMP04583,Daksha,Baria,Male,1988-06-26
EMP04584,Tejas,Mani,Male,1988-01-21
EMP04585,Abha,Chaudhary,Male,1995-02-26
EMP04586,Onkar,Kota,Male,1994-08-12
EMP04587,Gunbir,Sani,Female,1995-07-30
EMP04588,Upkaar,Chauhan,Male,1995-09-06
EMP04589,Yuvraj,Bhagat,Female,1991-08-14
EMP04590,Warjas,Puri,Male,1992-11-12
EMP04591,Vivaan,Mandal,Female,1979-03-19
EMP04592,Maya,Edwin,Male,1997-04-08
EMP04593,Saksham,Kadakia,Female,1986-11-11
EMP04594,Bimala,Luthra,Male,1979-07-26
EMP04595,Zansi,Gade,Male,1993-11-11
EMP04596,Gaurangi,Dash,Female,1990-09-08
EMP04597,Nidhi,Dora,Female,1992-01-16
EMP04598,Wahab,Chakraborty,Male,1988-03-07
EMP04599,George,Mangal,Male,1993-09-18
EMP04600,Zaid,Nagarajan,Male,1979-06-07
EMP04601,Tanay,Jayaraman,Female,1985-08-11
EMP04602,Gunbir,Bava,Female,1981-09-24
EMP04603,Deepa,Ravi,Male,1992-04-08
EMP04604,Yoshita,Bahri,Female,1985-11-23
EMP04605,Nilima,Mody,Female,1966-07-06
EMP04606,Girish,Naidu,Female,1989-08-18
EMP04607,Aashi,Lata,Male,2000-03-25
EMP04608,Aarav,Arora,Male,1999-05-14
EMP04609,Ronith,Banik,Male,1970-05-25
EMP04610,Anika,Sastry,Male,1978-02-23
EMP04611,Xavier,Mann,Female,1995-07-27
EMP04612,Radha,Lad,Female,1992-05-07
EMP04613,Kala,Buch,Female,1981-01-25
EMP04614,Rajeshri,Gill,Male,1982-03-13
EMP04615,Urmi,Issac,Male,1998-03-24
EMP04616,Mahika,Pillay,Male,1979-09-21
EMP04617,Kalpit,Oak,Male,1985-10-14
EMP04618,Onveer,Anne,Female,1992-08-12
EMP04619,Christopher,Comar,Male,1986-09-13
EMP04620,Gauri,Varty,Female,1972-01-14
EMP04621,Krishna,Venkatesh,Female,1986-03-10
EMP04622,Shivansh,Bhakta,Female,1995-01-14
EMP04623,Qasim,Patel,Male,1992-04-02
EMP04624,Karan,Sabharwal,Female,1980-11-12
EMP04625,Frederick,Hegde,Male,1985-04-06
EMP04626,Krishna,Nayak,Female,1988-10-02
EMP04627,Chaitaly,Doctor,Female,1998-09-07
EMP04628,Sathvik,Walla,Male,1985-08-16
EMP04629,Januja,Vaidya,Female,1984-11-18
EMP04630,Agastya,Kanda,Male,1980-06-17
EMP04631,Caleb,Brahmbhatt,Male,1979-08-04
EMP04632,Gayathri,Varughese,Male,1985-03-05
EMP04633,Lila,Raghavan,Female,1997-04-09
EMP04634,Nandini,Sant,Male,1993-06-06
EMP04635,Saanvi,Memon,Female,1982-07-22
EMP04636,Chasmum,Patel,Male,1987-07-12
EMP04637,Balhaar,Murthy,Female,1996-09-09
EMP04638,Anmol,Baria,Male,1985-09-28
EMP04639,Bishakha,Sawhney,Male,1987-02-07
EMP04640,Eesha,Kibe,Male,1998-07-24
EMP04641,Waida,Sankar,Male,1968-12-24
EMP04642,Falan,Ray,Female,1979-04-01
EMP04643,Xavier,Bobal,Female,1991-01-07
EMP04644,Oliver,Reddy,Female,1988-01-24
EMP04645,Janaki,Nazareth,Female,1979-01-04
EMP04646,Chakrika,Ganesh,Female,1988-12-03
EMP04647,Aayush,Kumar,Male,1993-09-07
EMP04648,Hamsini,Venkataraman,Male,1987-06-24
EMP04649,Zayyan,Sinha,Female,1993-07-07
EMP04650,Vedika,Basu,Male,1972-02-29
EMP04651,Dalbir,Parikh,Female,1988-06-20
EMP04652,Max,Chaudhry,Male,1984-11-23
EMP04653,Jonathan,Shan,Male,1982-08-09
EMP04654,Dakshesh,Iyengar,Male,1965-12-28
EMP04655,Wriddhish,Bedi,Female,1972-01-15
EMP04656,Sara,Sen,Female,1992-11-12
EMP04657,Ikbal,Sane,Male,1987-05-21
EMP04658,Upma,Comar,Female,1983-02-21
EMP04659,Maya,Barman,Female,1990-11-08
EMP04660,Yachana,Varty,Female,1991-12-20
EMP04661,Kashvi,Varghese,Male,1998-09-07
EMP04662,Ishani,Bala,Male,1994-05-22
EMP04663,Neha,Balakrishnan,Male,1994-08-10
EMP04664,Lekha,Kala,Male,1966-12-20
EMP04665,Gavin,Venkataraman,Female,1985-07-22
EMP04666,Chameli,Mandal,Female,1991-12-29
EMP04667,Janani,Zachariah,Female,1987-03-14
EMP04668,Nirja,Gera,Male,1987-10-18
EMP04669,Ansh,Lata,Female,1998-11-05
EMP04670,Adya,Tripathi,Male,1987-02-01
EMP04671,Neelima,Anne,Male,1997-12-14
EMP04672,Harish,Oza,Female,1994-11-05
EMP04673,Vamakshi,Bedi,Female,1989-01-03
EMP04674,Aditya,Dass,Male,1994-11-28
EMP04675,Deepa,Arora,Male,1994-09-29
EMP04676,Ryan,Mutti,Male,1991-02-28
EMP04677,Thomas,Contractor,Male,1984-04-01
EMP04678,Noah,Khanna,Female,1986-01-06
EMP04679,Chameli,Pandit,Male,1991-05-12
EMP04680,Teerth,Kaur,Male,1993-11-05
EMP04681,Isaac,Nayak,Male,1994-11-01
EMP04682,Logan,Kale,Male,1981-07-15
EMP04683,Samuel,Muni,Male,1988-03-16
EMP04684,Sai,Lal,Female,1989-09-14
EMP04685,Devansh,Shan,Female,2002-06-12
EMP04686,Faris,Koshy,Male,1975-09-03
EMP04687,Dhruv,Mandal,Female,1985-06-13
EMP04688,Hiral,Anand,Male,1995-08-27
EMP04689,Balhaar,Iyengar,Male,1986-04-28
EMP04690,Alexander,Naik,Female,1988-12-07
EMP04691,Rachana,Bhavsar,Female,1985-09-22
EMP04692,Dalbir,Sampath,Female,1991-01-14
EMP04693,Jeremiah,Om,Female,1987-12-16
EMP04694,Divya,Natarajan,Male,1990-06-13
EMP04695,Xiti,Agarwal,Male,1992-01-14
EMP04696,Adya,Behl,Female,1995-03-29
EMP04697,Eiravati,Mistry,Male,1968-01-29
EMP04698,Zaitra,Sehgal,Female,1978-06-09
EMP04699,Jonathan,Bora,Female,1994-03-13
EMP04700,Hemani,Banerjee,Male,1972-11-15
EMP04701,Eesha,Kaul,Male,1985-12-15
EMP04702,Ryan,Zachariah,Female,1980-12-02
EMP04703,Charan,Patel,Female,1982-08-17
EMP04704,Shivansh,Palan,Female,1982-04-02
EMP04705,Yadavi,Tank,Male,1986-11-17
EMP04706,Aryan,Chaudry,Female,1983-05-02
EMP04707,Nilima,Nayak,Male,1983-07-19
EMP04708,Yachana,Tata,Female,1995-08-20
EMP04709,Daksh,Gara,Male,1985-09-17
EMP04710,Niharika,Som,Female,1993-01-29
EMP04711,Ayushman,Choudhry,Female,1985-02-08
EMP04712,Vyanjana,Ramachandran,Female,1990-09-02
EMP04713,Jai,Venkatesh,Female,1982-08-15
EMP04714,Diya,Manne,Male,1990-05-27
EMP04715,Ayush,Wable,Female,1995-05-22
EMP04716,Vanya,Setty,Male,1985-05-05
EMP04717,Jatin,Panchal,Female,1979-10-20
EMP04718,Ranbir,Gupta,Female,1972-01-14
EMP04719,Liam,Kibe,Female,1994-06-24
EMP04720,Dipta,Pradhan,Male,1991-11-17
EMP04721,Eshana,Goyal,Female,1986-12-13
EMP04722,Ekbal,Kar,Female,1992-07-19
EMP04723,Balvan,Singh,Female,1987-11-03
EMP04724,Maanav,Murty,Male,1978-06-18
EMP04725,Reva,Nair,Male,1984-01-06
EMP04726,Aadhya,Warrior,Male,1973-02-28
EMP04727,Warhi,Dayal,Male,1983-04-26
EMP04728,Victor,Dyal,Female,1985-05-18
EMP04729,Vihaan,Desai,Male,2002-05-07
EMP04730,Jagvi,Sachdev,Female,1999-03-04
EMP04731,Faris,Natt,Male,2001-01-21
EMP04732,Girish,Badal,Male,1980-04-18
EMP04733,Varenya,Kale,Female,1970-10-09
EMP04734,Pooja,Bir,Male,1986-02-07
EMP04735,Ethan,Dhar,Female,1999-11-27
EMP04736,Ati,Murty,Female,1987-09-02
EMP04737,Azaan,Ramanathan,Male,1977-10-25
EMP04738,Yamini,Borra,Female,1984-05-24
EMP04739,Upkaar,Aurora,Male,1998-06-19
EMP04740,Warhi,Agate,Female,1997-07-07
EMP04741,Rushil,Sachdeva,Male,1996-11-02
EMP04742,Yauvani,Purohit,Female,1987-12-15
EMP04743,Rachana,Sawhney,Male,1985-02-05
EMP04744,Ladli,Dua,Female,1960-03-12
EMP04745,Aarna,Sangha,Female,1980-07-29
EMP04746,Balveer,Balan,Female,1986-02-04
EMP04747,Balendra,Sama,Male,1985-04-01
EMP04748,Warinder,Karan,Male,1981-01-07
EMP04749,Ekbal,Banik,Female,1985-11-10
EMP04750,Ranbir,Palla,Male,1985-07-17
EMP04751,Advik,De,Female,1992-08-22
EMP04752,Kai,Kara,Male,1984-01-06
EMP04753,George,Andra,Male,1992-12-30
EMP04754,Avni,Sibal,Male,1991-10-19
EMP04755,Dakshesh,Nagar,Male,1990-06-22
EMP04756,Aayush,Pillai,Male,1979-03-06
EMP04757,Avni,Varughese,Female,1978-12-14
EMP04758,Bachittar,Bajaj,Male,2000-09-06
EMP04759,Mugdha,Doctor,Female,1987-04-13
EMP04760,Lohit,Gill,Female,1980-07-09
EMP04761,Jeet,Mohan,Male,1995-12-26
EMP04762,Unni,Puri,Male,1993-12-22
EMP04763,Aarini,Sidhu,Male,1987-10-25
EMP04764,Oviya,Raman,Male,1977-02-09
EMP04765,Samar,Kulkarni,Female,1984-03-07
EMP04766,Ronith,Warrior,Female,1982-04-21
EMP04767,Nathaniel,Rege,Male,1967-12-16
EMP04768,Devika,Yadav,Male,2002-01-03
EMP04769,Aishani,Mangat,Male,1999-10-28
EMP04770,Maya,Sarraf,Male,1989-02-16
EMP04771,Aarnav,Dutta,Male,1990-10-31
EMP04772,Harish,Chahal,Female,1996-11-22
EMP04773,Harinakshi,Gara,Male,1988-04-16
EMP04774,Dev,Upadhyay,Male,1978-09-17
EMP04775,Chakrika,Dasgupta,Male,1979-01-17
EMP04776,Omkaar,Din,Male,1978-10-27
EMP04777,Naksh,Tripathi,Male,1996-06-26
EMP04778,Kavya,Ben,Male,1984-11-01
EMP04779,Viraj,Soman,Male,1989-09-30
EMP04780,Vedika,Arya,Male,1976-10-12
EMP04781,Ryan,Ranganathan,Female,1982-07-10
EMP04782,Aarav,Swaminathan,Female,1965-08-18
EMP04783,Agastya,Kothari,Male,1991-01-01
EMP04784,Samesh,Badal,Male,1983-10-07
EMP04785,Arin,Sodhi,Female,1993-09-11
EMP04786,Leela,Kaul,Male,2001-11-28
EMP04787,Chaitaly,Chadha,Female,1978-03-10
EMP04788,Ayaan,Mahal,Female,1987-10-08
EMP04789,Jeremiah,Sama,Male,1988-02-05
EMP04790,Aarnav,Mall,Male,1988-10-17
EMP04791,Hritik,Dasgupta,Male,1978-08-12
EMP04792,Advay,Cherian,Female,1975-01-16
EMP04793,Anika,Sabharwal,Female,1994-04-07
EMP04794,Vincent,Halder,Female,1975-11-21
EMP04795,Zarna,Sani,Female,1992-10-10
EMP04796,Chaitanya,Nath,Female,1988-02-24
EMP04797,Nilima,Dua,Female,1996-05-15
EMP04798,Xiti,Som,Male,1987-08-04
EMP04799,Rachit,Bava,Female,1993-06-15
EMP04800,Manthan,Yadav,Female,1998-03-29
EMP04801,Jalsa,Chanda,Male,1982-02-19
EMP04802,Watika,Andra,Female,1981-01-02
EMP04803,Aarnav,Krishnamurthy,Male,1987-05-27
EMP04804,Isha,Gera,Female,1990-01-04
EMP04805,Samuel,Deshpande,Male,1993-01-02
EMP04806,Alka,Chandra,Male,1994-07-31
EMP04807,Anya,Nayar,Male,1980-12-26
EMP04808,Waida,Pal,Male,1984-06-23
EMP04809,Yachana,Sastry,Male,1992-09-11
EMP04810,Eta,Kata,Male,1978-11-16
EMP04811,Raagini,Dutta,Male,1985-06-01
EMP04812,Chanchal,Patel,Male,1992-10-14
EMP04813,Kala,Balan,Male,1995-09-07
EMP04814,Kritika,Munshi,Male,1984-12-11
EMP04815,Saanvi,Chand,Male,1986-01-05
EMP04816,Darpan,Chaudhry,Male,1990-07-03
EMP04817,Gaurang,Pathak,Female,1982-01-10
EMP04818,Jagdish,Walla,Male,1991-04-26
EMP04819,Harish,Kibe,Female,2001-07-14
EMP04820,Janya,Gera,Male,1992-10-18
EMP04821,Caleb,Merchant,Female,1997-03-15
EMP04822,Frederick,Deol,Male,1996-01-17
EMP04823,Arunima,Mohanty,Male,1991-10-30
EMP04824,Charan,Hari,Male,1993-01-05
EMP04825,Upasna,Chauhan,Female,1977-12-30
EMP04826,Januja,Mannan,Female,1981-12-06
EMP04827,Ekalinga,Babu,Female,1994-11-24
EMP04828,Niharika,Dhar,Female,1998-10-31
EMP04829,Gautami,Dutta,Male,1987-07-21
EMP04830,Ishwar,Raja,Female,1995-11-02
EMP04831,Kamala,Iyengar,Male,1996-09-14
EMP04832,Omya,Raj,Female,1978-05-06
EMP04833,Bimala,Murthy,Male,1985-03-08
EMP04834,Udyati,Lal,Female,1982-07-05
EMP04835,Deepa,Mukhopadhyay,Male,1995-03-12
EMP04836,Jagdish,Dhillon,Female,1992-06-28
EMP04837,Vinaya,Kaur,Female,1984-07-21
EMP04838,Zilmil,Bhasin,Female,1967-11-14
EMP04839,Qushi,Karan,Male,1979-04-19
EMP04840,Omisha,Sanghvi,Male,1973-05-24
EMP04841,Ekansh,Bajaj,Female,1982-03-14
EMP04842,Abha,Ganguly,Female,1969-05-13
EMP04843,Girindra,Shere,Female,1980-08-06
EMP04844,Adweta,Agrawal,Male,1992-12-20
EMP04845,Arin,Kalita,Male,1992-05-24
EMP04846,Orinder,Krishnamurthy,Female,1984-06-08
EMP04847,Balendra,Choudhry,Male,1979-05-28
EMP04848,Jeremiah,Hayre,Male,2002-02-05
EMP04849,Triya,Khanna,Female,1994-02-18
EMP04850,Chandani,Din,Male,1967-06-27
EMP04851,Rajeshri,Vyas,Male,1981-09-17
EMP04852,Ishanvi,Dutta,Female,1991-01-30
EMP04853,Vanya,Narang,Male,1994-04-04
EMP04854,Charita,Rana,Female,1992-04-25
EMP04855,Hamsini,Biswas,Male,1970-06-03
EMP04856,Triveni,Amble,Female,1988-06-07
EMP04857,Neha,Oommen,Female,1989-01-29
EMP04858,Priya,Chad,Male,1991-12-25
EMP04859,Dalaja,Bhakta,Female,1988-07-16
EMP04860,Logan,Swamy,Male,1989-07-03
EMP04861,Aachal,Bora,Female,1975-04-27
EMP04862,Ojasvi,Toor,Male,1999-02-28
EMP04863,Siya,Shetty,Male,1998-05-05
EMP04864,Luke,Narain,Male,1971-04-10
EMP04865,Unnati,Deshmukh,Female,1981-03-05
EMP04866,Oeshi,Misra,Male,1983-02-05
EMP04867,Damyanti,Gola,Male,1987-07-18
EMP04868,Aarav,Hegde,Female,1983-10-14
EMP04869,Sneha,Gaba,Male,1977-05-02
EMP04870,Jonathan,Babu,Female,1978-07-31
EMP04871,Champak,Bandi,Female,1985-10-09
EMP04872,Yauvani,Chand,Female,1996-06-14
EMP04873,Vasatika,Dave,Male,1987-06-04
EMP04874,Waida,Narasimhan,Male,1992-07-11
EMP04875,Zaitra,Kanda,Male,1991-07-21
EMP04876,Harinakshi,Naidu,Male,1983-01-04
EMP04877,Vaishnavi,Mangal,Female,1985-02-18
EMP04878,Mohini,Chakrabarti,Male,1995-01-31
EMP04879,Neel,Madan,Male,1992-08-06
EMP04880,Gopal,Karnik,Female,1996-12-30
EMP04881,Harinakshi,Raman,Male,1987-09-12
EMP04882,Jatin,Karpe,Female,1998-07-29
EMP04883,Anirudh,Ray,Female,1992-07-08
EMP04884,Pavani,Shah,Male,1996-08-09
EMP04885,Gayathri,Menon,Female,1982-10-19
EMP04886,Bachittar,Edwin,Female,1982-05-17
EMP04887,Keya,Sanghvi,Male,1993-07-12
EMP04888,Bhavya,Trivedi,Female,1988-06-05
EMP04889,David,Ratti,Female,1989-08-06
EMP04890,Rushil,Ranganathan,Male,1988-02-12
EMP04891,Ekbal,Setty,Male,1966-05-26
EMP04892,Geetika,Natarajan,Female,1988-11-20
EMP04893,Krishna,Sani,Female,1989-02-19
EMP04894,Aryan,Manda,Male,1986-12-06
EMP04895,Urvashi,Talwar,Female,1995-09-27
EMP04896,Nilima,Dora,Male,1988-07-24
EMP04897,Guneet,Chacko,Female,1988-11-13
EMP04898,Michael,Chowdhury,Male,1992-04-19
EMP04899,Oeshi,Butala,Female,1983-01-14
EMP04900,Yutika,Kulkarni,Female,1990-10-02
EMP04901,Zilmil,Bhatnagar,Female,1982-03-13
EMP04902,Osha,Sarna,Female,1989-02-19
EMP04903,Maya,Kapur,Female,1990-05-21
EMP04904,Urishilla,Kaur,Female,1986-11-14
EMP04905,Faqid,Zacharia,Female,1980-11-26
EMP04906,Eiravati,Seth,Male,1983-05-04
EMP04907,Ekiya,Date,Male,1983-04-24
EMP04908,Qushi,Gade,Male,1986-02-22
EMP04909,Rehaan,Chander,Male,1996-02-19
EMP04910,Wishi,Prakash,Female,1990-06-24
EMP04911,Yasti,Wagle,Male,2000-09-14
EMP04912,Laban,Chakraborty,Male,1986-06-27
EMP04913,Girik,Narasimhan,Male,1980-11-04
EMP04914,Warhi,Sarin,Female,1995-12-24
EMP04915,Ishaan,Mani,Male,1987-04-01
EMP04916,Anthony,Tandon,Male,1993-11-22
EMP04917,Finn,Setty,Male,1985-08-12
EMP04918,Aryan,Bhakta,Male,1985-02-06
EMP04919,Michael,Singhal,Female,1996-07-05
EMP04920,Nidra,Singh,Male,1991-04-10
EMP04921,Xiti,Radhakrishnan,Male,1986-09-08
EMP04922,Sai,Gulati,Female,1994-04-02
EMP04923,Thomas,Tata,Female,1996-11-27
EMP04924,Jeet,Chandran,Male,1990-10-14
EMP04925,Wazir,Nair,Female,1992-04-09
EMP04926,Jeremiah,Borra,Male,1987-11-10
EMP04927,Triya,Sidhu,Male,1999-09-26
EMP04928,Warinder,Rama,Male,1984-10-23
EMP04929,Chakrika,Saran,Female,1989-06-08
EMP04930,Wyatt,Pingle,Male,1993-09-09
EMP04931,Meera,Wagle,Male,1978-02-16
EMP04932,Dalaja,Seshadri,Female,1979-11-11
EMP04933,Gayathri,Bedi,Male,1993-10-08
EMP04934,Rehaan,Chadha,Female,1968-05-19
EMP04935,Charan,Balay,Female,1974-06-28
EMP04936,Chaman,Hans,Female,1990-04-09
EMP04937,Yutika,Subramanian,Male,1977-12-23
EMP04938,Advika,Raghavan,Male,1987-11-09
EMP04939,Bhavini,Joshi,Female,1999-01-27
EMP04940,Indira,Wali,Male,1984-05-30
EMP04941,Rachit,Kamdar,Male,1983-06-21
EMP04942,Keya,Bora,Female,1988-07-05
EMP04943,Udant,Kota,Male,1980-08-17
EMP04944,Shravya,Bandi,Female,1985-08-15
EMP04945,Mohammed,Pillay,Female,1993-01-24
EMP04946,Umang,Thakkar,Male,1989-01-23
EMP04947,Lohit,Nigam,Male,1987-01-10
EMP04948,Bahadurjit,Chopra,Male,1990-04-05
EMP04949,Neha,Padmanabhan,Male,1993-11-04
EMP04950,Oscar,Singhal,Female,1989-09-18
EMP04951,Ishita,Ravi,Female,1997-09-04
EMP04952,Ethan,Sane,Male,1997-10-25
EMP04953,Ranbir,Dani,Female,1996-11-23
EMP04954,Aishani,Reddy,Male,1987-09-29
EMP04955,Girik,Radhakrishnan,Female,1997-10-10
EMP04956,Vyanjana,Sengupta,Female,1981-02-17
EMP04957,Utkarsh,Radhakrishnan,Female,1986-12-22
EMP04958,Amrita,Venkatesh,Female,1979-04-23
EMP04959,Gaurika,Vora,Male,1981-11-27
EMP04960,Yahvi,Raja,Female,1971-09-22
EMP04961,Suhani,Buch,Female,1977-05-03
EMP04962,Alexander,Solanki,Male,1988-10-20
EMP04963,Yauvani,Gade,Male,1976-04-04
EMP04964,Prisha,Choudhary,Male,1988-09-09
EMP04965,Daksha,Das,Male,1985-12-23
EMP04966,Ekantika,Vyas,Male,1990-04-06
EMP04967,Chaaya,Dhar,Male,1992-05-22
EMP04968,Gauri,Bassi,Male,1978-10-04
EMP04969,Praneel,Mani,Male,1986-08-26
EMP04970,Ijaya,Chaudhuri,Male,1983-09-09
EMP04971,Anita,Dass,Male,1981-01-13
EMP04972,Vivaan,Loke,Male,1967-03-27
EMP04973,Yashoda,Grover,Female,1995-01-02
EMP04974,Odika,Arya,Male,1987-12-20
EMP04975,Isha,Mane,Female,1985-09-23
EMP04976,Devika,Barad,Male,1986-09-03
EMP04977,Ganga,Narang,Male,1994-08-25
EMP04978,Arjun,Devan,Male,1987-11-06
EMP04979,Damyanti,Nori,Female,1978-03-09
EMP04980,Zarna,Bhatt,Male,1974-10-08
EMP04981,Ekiya,Thaman,Female,1999-04-12
EMP04982,Lucky,Hayre,Male,1976-10-18
EMP04983,Azad,Tara,Female,1967-07-23
EMP04984,Indali,Chakrabarti,Male,1988-06-12
EMP04985,Anirudh,Menon,Male,1978-09-14
EMP04986,Urvashi,Dhillon,Female,1987-03-04
EMP04987,Falan,Nayak,Female,1993-12-26
EMP04988,Anmol,Prabhu,Male,1991-09-30
EMP04989,Amruta,Nadig,Male,1990-12-26
EMP04990,Chavvi,Murty,Female,1986-09-22
EMP04991,Jyoti,Shankar,Male,1983-01-27
EMP04992,Mason,Mohan,Male,1984-11-09
EMP04993,Nidra,Tank,Female,1993-01-14
EMP04994,Sanya,Master,Male,1994-09-05
EMP04995,Amaira,Sood,Female,1989-04-11
EMP04996,Isaac,Ahuja,Male,1986-09-18
EMP04997,Krisha,Bhasin,Female,1993-08-17
EMP04998,Jatin,Raja,Male,1985-03-01
EMP04999,Dayamai,Gupta,Female,1988-04-29
EMP05000,Girik,Raghavan,Male,1980-09-04
EMP05001,Isha,Agate,Male,1995-06-27
EMP05002,Aarini,Murthy,Male,1967-10-01
EMP05003,Amol,Vala,Female,1998-08-10
EMP05004,Zashil,Sinha,Male,1984-05-03
EMP05005,Pushti,Sundaram,Male,2000-09-05
EMP05006,Vasudha,Narayan,Female,1978-05-30
EMP05007,Samesh,Badal,Female,1993-07-27
EMP05008,Anvi,Bera,Female,1981-09-23
EMP05009,Ekantika,Chahal,Male,1986-09-11
EMP05010,Parth,Sarraf,Male,1989-03-06
EMP05011,Xavier,Chatterjee,Male,1975-06-09
EMP05012,Jackson,Sani,Female,1997-07-27
EMP05013,Eta,Deo,Female,1987-05-04
EMP05014,Urmi,Dhar,Male,1987-10-27
EMP05015,Udyati,Muni,Female,1984-09-01
EMP05016,Ucchal,Choudhry,Female,2001-01-23
EMP05017,Girindra,Arora,Female,1983-08-26
EMP05018,Arunima,Banik,Male,1993-07-05
EMP05019,Kevin,Dara,Male,1983-03-11
EMP05020,Devansh,Bumb,Male,1996-11-02
EMP05021,Diya,Gokhale,Male,1984-10-14
EMP05022,Chaitaly,Pandey,Female,1991-05-29
EMP05023,Chaaya,Dugar,Male,1989-03-23
EMP05024,Brijesh,Patla,Male,1982-11-13
EMP05025,Chavvi,Thaker,Male,1998-01-12
EMP05026,Logan,Sekhon,Male,1987-11-16
EMP05027,Nidhi,Yohannan,Female,1986-12-05
EMP05028,Ikbal,Gulati,Male,1993-07-27
EMP05029,Nidhi,Bail,Male,1986-12-30
EMP05030,Odika,Mani,Male,1987-06-12
EMP05031,Harita,Sani,Female,1977-02-20
EMP05032,Shivansh,Kohli,Female,1996-10-12
EMP05033,Aayush,Agate,Female,1986-08-23
EMP05034,Vivaan,Sha,Female,1993-10-22
EMP05035,Guneet,Boase,Male,1985-10-05
EMP05036,Chanchal,Ranganathan,Female,1980-07-06
EMP05037,Sathvik,Sethi,Female,1995-11-14
EMP05038,Tamanna,Babu,Male,1999-01-07
EMP05039,Laksh,Kulkarni,Male,1977-09-30
EMP05040,Samaksh,De,Female,1987-10-13
EMP05041,Kabir,Prashad,Male,1996-01-29
EMP05042,Damyanti,Bose,Male,1985-04-25
EMP05043,Jairaj,Chandran,Male,1983-08-04
EMP05044,Garima,Vasa,Female,1983-01-23
EMP05045,Liam,Rajan,Female,1996-03-28
EMP05046,Naveen,Bath,Female,1993-07-24
EMP05047,Zansi,Kara,Male,1988-01-01
EMP05048,Andrew,Bumb,Male,1993-08-22
EMP05049,Bina,Dhawan,Female,1978-10-03
EMP05050,Simon,Natt,Female,1977-06-02
EMP05051,Raksha,Dasgupta,Male,1969-11-24
EMP05052,Dominic,Venkataraman,Male,1996-09-30
EMP05053,Triveni,Hayre,Female,1983-09-14
EMP05054,Rayaan,Bora,Male,1997-03-20
EMP05055,Falak,Murty,Female,1989-09-28
EMP05056,Azad,Sarkar,Female,1983-09-29
EMP05057,Naveen,Kala,Male,1985-11-06
EMP05058,Vaishnavi,Malhotra,Female,1998-05-15
EMP05059,William,Khosla,Female,1977-04-21
EMP05060,Adya,Rajagopalan,Male,1984-12-28
EMP05061,Bhavika,Saraf,Male,1971-03-10
EMP05062,Ikbal,Vasa,Male,1996-05-16
EMP05063,Samarth,Basak,Male,1991-12-22
EMP05064,Jeevika,Issac,Female,1966-05-26
EMP05065,Inaya,Subramaniam,Male,1982-08-06
EMP05066,Arjun,Chandran,Male,1985-01-18
EMP05067,Sneha,Magar,Female,1999-09-05
EMP05068,Bishakha,Nanda,Female,1976-09-25
EMP05069,Pahal,Brar,Female,1992-11-24
EMP05070,Zansi,Memon,Female,1994-04-02
EMP05071,Rachit,Devan,Female,1980-01-22
EMP05072,Vyanjana,Banik,Female,1991-01-28
EMP05073,Utkarsh,Sridhar,Female,1990-09-11
EMP05074,Kalpit,Som,Female,1993-08-15
EMP05075,Abhimanyu,Bhatti,Female,1976-05-23
EMP05076,Nisha,Bobal,Female,1995-10-15
EMP05077,Neelima,Kapadia,Male,1963-03-26
EMP05078,Ekansh,Sinha,Male,1986-08-30
EMP05079,Amruta,Nanda,Male,1984-06-22
EMP05080,Vedhika,Palla,Female,1984-03-10
EMP05081,Wishi,Gara,Male,1992-10-08
EMP05082,Dhriti,Manne,Female,1991-07-05
EMP05083,Jagrati,Subramanian,Male,1999-07-04
EMP05084,Warhi,Saran,Male,1983-06-17
EMP05085,Nathan,Mani,Female,1985-12-08
EMP05086,Chakrika,Chowdhury,Female,1992-07-08
EMP05087,Bachittar,Naik,Female,1978-05-30
EMP05088,Rachita,Chander,Male,1984-03-30
EMP05089,Indrajit,Bassi,Female,1986-05-22
EMP05090,Charita,Shroff,Female,1987-05-12
EMP05091,Nachiket,Shetty,Female,1985-12-08
EMP05092,Ishwar,Mutti,Female,1997-08-14
EMP05093,Ati,D’Alia,Female,1983-03-15
EMP05094,Quincy,Pillai,Female,1992-02-15
EMP05095,Timothy,Mistry,Male,1991-03-29
EMP05096,Gagan,More,Female,1988-05-28
EMP05097,Anmol,Atwal,Female,1982-09-20
EMP05098,Isaiah,Deep,Female,1974-06-16
EMP05099,Divya,Sane,Female,1964-06-10
EMP05100,Anmol,Walla,Female,1983-07-01
EMP05101,Karan,Varty,Male,1984-01-29
EMP05102,Hritik,Sengupta,Female,1987-08-04
EMP05103,Benjamin,Samra,Male,1999-05-03
EMP05104,Madhav,Goda,Male,1977-09-01
EMP05105,Vyanjana,Radhakrishnan,Male,1978-09-24
EMP05106,Keya,Soman,Female,1981-04-30
EMP05107,Omisha,Mitter,Male,1964-03-08
EMP05108,Varsha,Pall,Male,1998-07-07
EMP05109,Chatura,Barman,Female,1988-11-27
EMP05110,Lakshmi,Patel,Male,1991-03-09
EMP05111,Kashvi,Srivastava,Male,1998-10-30
EMP05112,Omkaar,Gulati,Male,1981-08-11
EMP05113,Abdul,Borra,Male,1999-12-07
EMP05114,Chasmum,Shroff,Male,1986-10-30
EMP05115,Chandran,Oak,Female,1994-12-13
EMP05116,Keya,Sen,Female,1989-12-26
EMP05117,Manthan,Panchal,Female,1983-11-08
EMP05118,Amaira,Garg,Female,1986-09-09
EMP05119,Lajita,Nagar,Male,1991-01-27
EMP05120,Rachit,Lad,Male,1994-01-13
EMP05121,Upasna,Soni,Male,1963-03-31
EMP05122,Kala,Yohannan,Female,1979-11-19
EMP05123,Lucky,Konda,Male,1973-02-11
EMP05124,Hamsini,Wagle,Male,1992-09-07
EMP05125,Reva,Pradhan,Male,1992-04-06
EMP05126,Lipika,Narain,Female,1983-02-01
EMP05127,Lavanya,Pandit,Female,1968-03-07
EMP05128,Arya,Ram,Male,1989-06-17
EMP05129,Azaan,Gokhale,Male,1989-10-05
EMP05130,Brijesh,Bhat,Male,1996-06-28
EMP05131,Veda,Sandhu,Female,1990-05-25
EMP05132,Chaitanya,Chanda,Male,1995-07-18
EMP05133,Waida,Thakkar,Female,1972-10-02
EMP05134,Bishakha,Karpe,Female,1984-03-25
EMP05135,Vritti,Bal,Male,1986-12-17
EMP05136,Raksha,Garde,Female,1992-04-18
EMP05137,Anusha,Radhakrishnan,Female,1981-11-18
EMP05138,Triveni,Kalita,Male,1996-06-13
EMP05139,Samaksh,Toor,Male,1986-06-06
EMP05140,Tanmayi,Kohli,Male,1988-11-28
EMP05141,Abdul,Mital,Male,1982-02-16
EMP05142,Eesha,Kalla,Male,1999-07-23
EMP05143,Pratyush,Mitra,Female,1988-03-24
EMP05144,Triveni,Dayal,Female,1989-10-10
EMP05145,Daksh,Balakrishnan,Male,1985-08-17
EMP05146,Ekiya,Bal,Male,1980-07-12
EMP05147,Onkar,Brahmbhatt,Female,1993-03-01
EMP05148,Lakshmi,Bali,Male,1994-05-02
EMP05149,Frederick,Bains,Male,1993-08-25
EMP05150,Harsh,Pathak,Male,1991-05-06
EMP05151,Harini,Wable,Female,1998-08-25
EMP05152,Krishna,Sem,Male,1993-11-23
EMP05153,Jagdish,Basu,Male,1994-05-07
EMP05154,Gavin,Naidu,Male,1978-10-13
EMP05155,Janya,Solanki,Male,1981-06-04
EMP05156,Omaja,Shere,Female,1987-05-17
EMP05157,Aarush,Patil,Female,1987-11-15
EMP05158,Daksha,Batra,Male,1990-08-22
EMP05159,Bakhshi,Pillay,Male,1986-03-29
EMP05160,Rachita,Bhagat,Female,1993-10-09
EMP05161,Patrick,Lata,Male,1977-11-27
EMP05162,Faras,Deol,Female,1993-04-16
EMP05163,Omaja,Nagi,Male,1981-02-07
EMP05164,Triya,Ranganathan,Female,1976-10-12
EMP05165,Bachittar,Sampath,Female,1989-04-17
EMP05166,Laban,Madan,Female,1982-01-25
EMP05167,Jhalak,Sunder,Female,1981-12-09
EMP05168,Dayamai,Handa,Male,1987-12-21
EMP05169,Yagnesh,Varughese,Female,1992-05-14
EMP05170,Bahadurjit,Ben,Female,1987-03-03
EMP05171,Tanmayi,Ramachandran,Female,1986-10-07
EMP05172,Chaitaly,Ramanathan,Male,1998-02-12
EMP05173,Atharv,Upadhyay,Female,1990-01-27
EMP05174,Pooja,Seth,Male,1989-10-09
EMP05175,Yashvi,Ravel,Female,1971-10-13
EMP05176,Gaurav,Taneja,Female,1990-07-14
EMP05177,Yashvi,Shukla,Female,1987-07-27
EMP05178,Omkaar,Mahal,Female,1998-03-25
EMP05179,Siya,Borra,Male,1980-10-09
EMP05180,Yashawini,Memon,Female,1987-02-25
EMP05181,Eiravati,Raju,Female,1985-04-15
EMP05182,Ekaja,Khurana,Male,1984-08-08
EMP05183,Abeer,Chandra,Male,1985-02-01
EMP05184,Aarini,Pandya,Female,1989-04-26
EMP05185,Dakshesh,Pant,Female,1984-09-02
EMP05186,Daniel,Devi,Female,1991-12-16
EMP05187,Pranit,Narula,Male,1994-12-20
EMP05188,Panini,Mallick,Female,1989-09-04
EMP05189,Nihal,Nanda,Male,1982-11-02
EMP05190,Bhavani,Chowdhury,Male,1977-07-23
EMP05191,Edhitha,Chakrabarti,Female,1996-03-28
EMP05192,Lakshit,Hari,Female,1988-01-13
EMP05193,Priya,Deep,Female,1984-01-13
EMP05194,Mitesh,Anne,Female,1992-10-26
EMP05195,Sanya,Chander,Male,1985-05-27
EMP05196,Raagini,Srinivasan,Male,1982-03-31
EMP05197,Damyanti,Oak,Female,1985-03-10
EMP05198,Theodore,Deol,Male,1993-10-23
EMP05199,Devika,Chandran,Female,1984-04-01
EMP05200,Arin,Mitra,Male,1987-03-06
EMP05201,Sanya,Sarna,Male,1986-07-25
EMP05202,Frado,Gulati,Female,1985-04-17
EMP05203,Bahadurjit,Pathak,Female,1976-11-09
EMP05204,Ijaya,Kala,Female,1990-05-14
EMP05205,Alexander,Mani,Male,1994-07-16
EMP05206,Keya,Raja,Female,1982-11-01
EMP05207,Lopa,Atwal,Female,1983-11-26
EMP05208,Zilmil,Sodhi,Female,1986-07-08
EMP05209,Chaitanya,Nayar,Male,1972-07-05
EMP05210,Timothy,Sharma,Female,1988-01-30
EMP05211,Niharika,Suresh,Male,1995-11-04
EMP05212,Jagat,Ganesan,Female,1991-05-19
EMP05213,Unnati,Pau,Male,1978-03-24
EMP05214,Unni,Sankar,Male,1985-11-26
EMP05215,Nathaniel,Prabhu,Male,1981-10-02
EMP05216,Yauvani,Sekhon,Male,1982-03-04
EMP05217,Lekha,Prabhakar,Female,1990-08-24
EMP05218,Oliver,Nagy,Male,1977-11-10
EMP05219,Sai,Saraf,Female,1984-05-08
EMP05220,Jagvi,Bhandari,Female,1975-01-09
EMP05221,Lakshit,Jayaraman,Male,1982-08-02
EMP05222,Gaurangi,Dass,Male,1995-09-06
EMP05223,Brinda,Dugar,Female,1990-05-01
EMP05224,Reva,Sura,Male,1989-05-16
EMP05225,Pooja,Dubey,Male,1983-07-17
EMP05226,Om,Varughese,Male,1984-01-18
EMP05227,Rachana,Dugal,Male,1996-05-13
EMP05228,Vidhi,Dey,Male,1973-02-17
EMP05229,Diya,Gade,Female,1996-09-12
EMP05230,Hardik,Oza,Female,1962-10-31
EMP05231,Bimala,Baria,Female,1987-01-17
EMP05232,Rudra,Kakar,Female,1995-05-11
EMP05233,Abhiram,Narasimhan,Female,1986-04-16
EMP05234,Isaac,Mani,Female,1987-10-16
EMP05235,Vanya,Gala,Male,1983-02-15
EMP05236,Jasmit,Wali,Male,1986-08-09
EMP05237,Osha,Dubey,Female,1984-01-08
EMP05238,Robert,Mitra,Male,1985-06-12
EMP05239,Zehaan,Chawla,Male,2000-09-29
EMP05240,Chatresh,Anand,Male,1967-10-02
EMP05241,Niharika,Wason,Female,1984-04-25
EMP05242,Nathaniel,Jaggi,Male,1995-08-07
EMP05243,Peter,Tara,Male,1979-06-03
EMP05244,Maanas,Kumar,Male,1999-12-21
EMP05245,Simon,Sule,Male,1996-12-12
EMP05246,Saksham,Dutta,Female,1991-07-25
EMP05247,Saksham,Kadakia,Female,1998-10-03
EMP05248,Krishna,Balay,Male,1973-10-02
EMP05249,Darsh,Wable,Female,1982-05-03
EMP05250,Xiti,Sant,Male,1988-03-20
EMP05251,Varenya,Gill,Male,1989-12-05
EMP05252,Aadhya,Oza,Male,1984-11-04
EMP05253,Kamya,Dara,Female,1985-10-22
EMP05254,Falan,Tara,Female,1986-12-09
EMP05255,Anusha,Choudhry,Male,1990-09-15
EMP05256,Eta,Kala,Male,1981-03-18
EMP05257,Hredhaan,Suresh,Male,1982-11-13
EMP05258,Chaman,Johal,Female,1982-04-29
EMP05259,Aarnav,Konda,Male,1967-06-17
EMP05260,Advika,Savant,Male,1986-12-23
EMP05261,Falan,Mitra,Male,1979-10-09
EMP05262,Yuvraj,Sunder,Male,1978-12-19
EMP05263,Daniel,Baral,Male,1970-01-25
EMP05264,Mitali,Purohit,Male,1995-07-12
EMP05265,Balvan,Hayre,Male,1964-01-30
EMP05266,Nandini,Mohanty,Male,1989-12-16
EMP05267,Quincy,Ram,Male,1972-02-25
EMP05268,Ojasvi,Bhagat,Male,1984-11-25
EMP05269,Warjas,Varkey,Female,1999-09-15
EMP05270,Mason,Lalla,Female,1994-08-11
EMP05271,Jatin,Char,Female,1985-08-17
EMP05272,Michael,Mangat,Male,1991-08-07
EMP05273,Baljiwan,Kanda,Male,1986-11-12
EMP05274,Neelima,Sodhi,Male,1982-10-13
EMP05275,Hemang,Bala,Male,1994-05-22
EMP05276,Triveni,Sane,Male,1997-06-01
EMP05277,Eiravati,Bath,Female,1966-04-01
EMP05278,Diya,Shukla,Female,1989-09-20
EMP05279,Yashica,Mukhopadhyay,Female,1980-08-11
EMP05280,Riya,Divan,Male,1990-01-01
EMP05281,Ishita,Dar,Male,1984-06-22
EMP05282,Mugdha,Date,Male,1988-03-06
EMP05283,Nidra,Banerjee,Male,1990-08-31
EMP05284,Ekiya,Boase,Male,1983-05-03
EMP05285,Jhalak,Lata,Female,1979-04-07
EMP05286,Matthew,Sem,Male,1992-06-18
EMP05287,Rudra,Dixit,Female,1980-07-07
EMP05288,Gunbir,Apte,Female,1966-06-29
EMP05289,Kashvi,Kara,Male,1973-04-20
EMP05290,Omaja,Purohit,Female,1989-12-30
EMP05291,Yasti,Randhawa,Male,1988-06-21
EMP05292,Vasana,Bhakta,Female,1996-03-30
EMP05293,Ekalinga,Master,Male,1996-10-26
EMP05294,Theodore,Desai,Female,1980-10-12
EMP05295,Arya,De,Female,1994-12-16
EMP05296,Yatin,Tiwari,Female,1978-06-29
EMP05297,Libni,Chopra,Female,1998-11-10
EMP05298,Ria,Anand,Female,1979-08-04
EMP05299,Ishita,Rajagopalan,Female,1982-07-05
EMP05300,Varenya,Seshadri,Female,1991-12-03
EMP05301,Xiti,Nath,Female,1987-09-23
EMP05302,Yashawini,Mitter,Male,1990-06-11
EMP05303,Gabriel,Yohannan,Female,1999-04-10
EMP05304,Indrajit,Nigam,Male,1980-12-28
EMP05305,Chanakya,Mannan,Male,1994-09-20
EMP05306,Fitan,Walla,Female,1988-06-15
EMP05307,Yagnesh,Suri,Male,1986-07-22
EMP05308,Veer,Bir,Female,1983-10-17
EMP05309,Indali,Ahuja,Female,1974-08-26
EMP05310,Krisha,Goda,Male,1989-11-30
EMP05311,Ekta,Dayal,Male,1989-10-29
EMP05312,Lakshit,Kale,Male,1985-12-11
EMP05313,Forum,Roy,Female,1978-11-18
EMP05314,Bachittar,Tandon,Female,1982-09-06
EMP05315,Lekha,Dutta,Male,1989-05-13
EMP05316,Harita,Maharaj,Female,1993-06-13
EMP05317,Yachana,Om,Female,1988-12-25
EMP05318,Chanakya,Ratta,Male,1990-02-04
EMP05319,Chandani,Talwar,Female,1993-06-12
EMP05320,Lakshit,Tara,Male,1967-03-07
EMP05321,Jackson,Andra,Female,1987-04-27
EMP05322,Shaurya,Dhar,Male,1991-11-09
EMP05323,Kabir,Keer,Male,1991-08-01
EMP05324,Veda,Barman,Female,1983-01-25
EMP05325,Varenya,Saxena,Male,1981-10-25
EMP05326,Qushi,Sandal,Female,1975-04-15
EMP05327,Charita,Bawa,Female,1980-03-10
EMP05328,Alexander,Chaudhary,Male,1984-06-12
EMP05329,Jackson,Dash,Female,1998-01-02
EMP05330,Maanas,Shetty,Male,1994-02-05
EMP05331,Samaksh,Rajagopalan,Male,2001-12-21
EMP05332,Nandini,Parmar,Male,1976-08-28
EMP05333,Nitesh,Mistry,Male,1985-10-14
EMP05334,Zansi,Nair,Male,1983-07-14
EMP05335,Jalsa,Som,Female,1986-12-16
EMP05336,Harrison,Lal,Male,1981-06-12
EMP05337,Wyatt,Kari,Male,1989-12-17
EMP05338,Meghana,Raman,Male,1982-09-09
EMP05339,Lila,Gera,Male,1996-01-11
EMP05340,Ranbir,Konda,Female,1987-11-30
EMP05341,Noah,Shan,Female,1978-03-22
EMP05342,Yoshita,Dutta,Female,1996-03-27
EMP05343,Leena,Nori,Male,1984-07-28
EMP05344,Chaitanya,Halder,Male,1980-09-11
EMP05345,Omisha,Brahmbhatt,Male,1993-11-05
EMP05346,Henry,Sha,Male,1991-10-18
EMP05347,Chandani,Kapur,Female,1974-12-02
EMP05348,Pooja,Bhavsar,Male,1992-04-25
EMP05349,Daksh,Sarkar,Female,1989-10-04
EMP05350,Nihal,Ratti,Male,1986-12-05
EMP05351,Omya,Uppal,Female,1998-04-22
EMP05352,Qabil,Soman,Male,1982-03-18
EMP05353,Upasna,Rajagopalan,Male,1972-08-18
EMP05354,Priya,Hayer,Male,1993-09-02
EMP05355,Frado,Dash,Male,1996-10-30
EMP05356,Andrew,Sharaf,Male,1995-09-28
EMP05357,Harrison,Dada,Male,1985-10-08
EMP05358,Yochana,Jani,Male,1982-11-08
EMP05359,Ridhi,Halder,Male,1991-04-25
EMP05360,Gauri,Chawla,Male,1987-03-18
EMP05361,Anya,Rajagopal,Male,1997-02-08
EMP05362,Ira,Thaker,Female,1995-08-24
EMP05363,Tanay,Chatterjee,Male,1994-01-21
EMP05364,Chasmum,Nanda,Male,1990-08-06
EMP05365,Kai,Gulati,Female,1985-02-21
EMP05366,Jalsa,Acharya,Female,1976-05-07
EMP05367,Yochana,Thakkar,Female,1996-09-19
EMP05368,Suhani,Kadakia,Female,1989-05-31
EMP05369,Dhriti,Sem,Male,1977-05-10
EMP05370,Pranit,Kale,Female,1978-12-21
EMP05371,Anya,Bhasin,Female,1991-04-20
EMP05372,Gaurika,Bakshi,Female,1980-12-07
EMP05373,Raghav,Palla,Male,1989-11-22
EMP05374,Vyanjana,Kamdar,Female,1994-10-30
EMP05375,George,Babu,Female,1983-12-28
EMP05376,Dev,D’Alia,Male,1995-03-23
EMP05377,Frederick,Ganguly,Female,1990-12-22
EMP05378,Omaja,Mody,Male,1993-10-18
EMP05379,Amruta,Kunda,Male,1981-10-06
EMP05380,Nicholas,Oommen,Male,1991-09-02
EMP05381,Zayan,Chokshi,Male,1983-05-07
EMP05382,Ishaan,Nadig,Female,1994-01-05
EMP05383,Aarna,Lanka,Female,1993-03-29
EMP05384,Yadavi,Kale,Male,1975-08-10
EMP05385,Gavin,Dora,Female,1991-04-23
EMP05386,Darpan,Dayal,Male,1986-09-05
EMP05387,Amara,Amble,Female,1991-04-15
EMP05388,Jagdish,Mandal,Female,1984-10-13
EMP05389,Neha,Narayan,Male,1986-03-18
EMP05390,Nisha,Padmanabhan,Female,1974-05-19
EMP05391,Daksha,Krishna,Male,1988-02-17
EMP05392,Gautam,Venkatesh,Female,1982-05-07
EMP05393,Ekapad,Chakrabarti,Male,1976-02-24
EMP05394,Forum,Dhawan,Male,1982-03-30
EMP05395,Vinaya,Dash,Female,1985-03-13
EMP05396,Ekbal,Butala,Female,1990-02-19
EMP05397,Gaurangi,Ganguly,Male,1980-06-18
EMP05398,Chakradev,Bahri,Female,1989-01-29
EMP05399,Vrinda,Bhardwaj,Male,1985-07-03
EMP05400,Aarav,Varughese,Female,1986-02-17
EMP05401,Darsh,Setty,Male,1987-10-14
EMP05402,Forum,Lall,Male,1992-08-06
EMP05403,Jalsa,Kala,Male,1982-08-08
EMP05404,Damini,Sathe,Male,1990-04-26
EMP05405,Zansi,Upadhyay,Male,1992-02-15
EMP05406,Chandresh,Basu,Male,1994-01-19
EMP05407,Darpan,Randhawa,Female,1995-07-02
EMP05408,Chaitaly,Wali,Female,1978-10-06
EMP05409,Vidhi,Lal,Male,1984-12-13
EMP05410,George,Shetty,Female,1991-10-13
EMP05411,Baghyawati,Dyal,Female,1990-05-18
EMP05412,Ayaan,Krish,Male,1984-01-01
EMP05413,Madhav,Bandi,Female,1998-05-21
EMP05414,Ishani,Nath,Male,1992-08-29
EMP05415,Omisha,Sachdeva,Male,1970-03-14
EMP05416,Mitesh,Iyer,Male,1983-03-31
EMP05417,Faraj,Cherian,Female,1997-03-03
EMP05418,Nirja,Jain,Female,1983-10-08
EMP05419,Karan,Sandal,Male,1980-09-24
EMP05420,Mahika,Shroff,Male,1983-04-24
EMP05421,Rajata,Halder,Female,1982-10-12
EMP05422,Chandran,Sha,Female,2001-01-29
EMP05423,Gaurika,Divan,Male,1985-02-12
EMP05424,Vedhika,Soman,Female,1982-05-14
EMP05425,Dalaja,Sachdev,Female,2000-07-15
EMP05426,Anthony,Sawhney,Male,1983-06-27
EMP05427,Krish,Kar,Female,1979-12-06
EMP05428,Damyanti,Pandya,Female,1971-02-09
EMP05429,Sanaya,Pall,Male,1986-07-06
EMP05430,Sudiksha,Rattan,Female,1981-06-21
EMP05431,Laban,Prabhakar,Female,2001-11-10
EMP05432,Pahal,Datta,Female,1998-02-17
EMP05433,Meghana,Sodhi,Male,1989-08-27
EMP05434,Onveer,Guha,Male,1992-09-02
EMP05435,Ridhi,Dyal,Female,1992-05-09
EMP05436,Tanay,Kadakia,Female,1993-11-08
EMP05437,Joshua,Ray,Male,1996-09-16
EMP05438,Vritti,Dugar,Female,1986-12-23
EMP05439,Abdul,Kakar,Male,1983-11-17
EMP05440,Inaya,Manda,Female,1967-07-17
EMP05441,Jeevika,Savant,Female,1999-04-23
EMP05442,Qarin,Babu,Male,1995-03-16
EMP05443,Meera,Kothari,Female,1968-10-06
EMP05444,Noah,Memon,Female,1974-11-24
EMP05445,Pranav,Bava,Female,1999-10-26
EMP05446,Advay,Loyal,Female,1982-11-15
EMP05447,Ekapad,Lall,Male,1978-04-29
EMP05448,Vamakshi,Parikh,Female,1985-07-26
EMP05449,Yuvraj,Khatri,Male,1995-01-01
EMP05450,Hritik,Datta,Female,1995-06-03
EMP05451,Raghav,Tata,Male,1982-10-29
EMP05452,Nidhi,Ranganathan,Male,1988-03-11
EMP05453,Yash,Nanda,Male,1988-07-06
EMP05454,Alka,Misra,Female,1989-06-01
EMP05455,Harita,Raja,Male,1990-09-08
EMP05456,Gautami,Dayal,Female,1982-07-04
EMP05457,Damini,Sunder,Male,1973-03-19
EMP05458,Thomas,Pathak,Male,1995-11-01
EMP05459,Kavya,Ghosh,Female,1998-07-01
EMP05460,Dakshesh,Manda,Male,1996-04-03
EMP05461,Zayan,Sandal,Male,1997-10-02
EMP05462,Urmi,Gaba,Male,1972-12-05
EMP05463,Yutika,Uppal,Female,1979-12-27
EMP05464,Praneel,Garg,Male,1990-09-19
EMP05465,Pranav,Raval,Male,1980-06-01
EMP05466,Anmol,Acharya,Female,1991-08-08
EMP05467,Anya,Dar,Female,1969-07-02
EMP05468,Alexander,Ahuja,Female,1989-06-05
EMP05469,Chanchal,Borde,Female,1984-06-01
EMP05470,Waida,Kapur,Female,1977-05-16
EMP05471,Xalak,Oak,Male,1978-10-17
EMP05472,Omkaar,Master,Male,1998-10-02
EMP05473,Kala,Das,Female,1984-03-22
EMP05474,Januja,Sachdeva,Male,1982-07-12
EMP05475,Charvi,Pandya,Male,1988-11-07
EMP05476,Kamya,Chandran,Female,1968-06-19
EMP05477,Vamakshi,Sathe,Male,1991-05-05
EMP05478,Gagan,Sharaf,Male,1979-05-24
EMP05479,Ikshita,Murty,Male,1985-08-21
EMP05480,Chaitaly,Bose,Female,1991-03-06
EMP05481,Indali,Soman,Male,1998-02-23
EMP05482,Advika,Kala,Female,1982-04-13
EMP05483,Gagan,Krishnan,Male,1967-01-18
EMP05484,Ira,Singh,Male,1988-02-15
EMP05485,Abhimanyu,Rajagopal,Male,1984-06-28
EMP05486,Krishna,Kalita,Female,1988-05-17
EMP05487,Vihaan,Mittal,Female,2000-01-11
EMP05488,Oni,Parikh,Male,1983-11-02
EMP05489,Michael,Chaudhry,Female,1989-07-12
EMP05490,Ladli,Balasubramanian,Male,1987-12-03
EMP05491,Faris,Sibal,Male,1980-06-12
EMP05492,Urmi,Bahl,Female,1994-07-24
EMP05493,Tejas,Sama,Male,1987-10-01
EMP05494,Falguni,Borde,Male,1988-10-19
EMP05495,Kamala,Mallick,Male,1970-02-13
EMP05496,Jason,Kibe,Female,1981-01-08
EMP05497,Teerth,Sethi,Female,1985-05-09
EMP05498,Gautami,Kannan,Male,1979-03-29
EMP05499,Zarna,Kumar,Female,1983-03-23
EMP05500,Fiyaz,Wason,Female,1982-01-21
EMP05501,Vivaan,Kaur,Male,1980-08-10
EMP05502,Bhanumati,Bansal,Female,1995-07-15
EMP05503,Atharv,Rai,Female,2000-03-17
EMP05504,Kabir,Warrior,Female,1989-05-28
EMP05505,Patrick,Chaudhary,Male,1996-12-11
EMP05506,Maanav,Barad,Female,1987-04-05
EMP05507,Netra,Tailor,Male,1981-07-21
EMP05508,Darsh,D’Alia,Male,1997-12-14
EMP05509,Jeet,Deo,Female,1991-08-23
EMP05510,Yochana,Sundaram,Female,1986-01-13
EMP05511,Diya,Tandon,Female,1985-09-06
EMP05512,Finn,Nadkarni,Male,1995-07-15
EMP05513,Bhavani,Din,Male,1989-02-07
EMP05514,Kashish,Chowdhury,Male,1967-02-23
EMP05515,Rehaan,Banerjee,Male,1986-07-09
EMP05516,Oliver,Butala,Male,1990-03-09
EMP05517,Ethan,Balasubramanian,Male,1997-09-29
EMP05518,Ubika,Sachar,Male,1970-12-30
EMP05519,Ryan,Chaudry,Female,1995-03-17
EMP05520,Ranveer,Gokhale,Male,1995-12-29
EMP05521,Rachana,Swamy,Male,1987-06-19
EMP05522,Samuel,Dara,Male,1979-10-11
EMP05523,Hiral,Balakrishnan,Female,1965-09-10
EMP05524,Ati,Mannan,Female,1984-12-09
EMP05525,Tanish,Salvi,Male,1987-12-30
EMP05526,Triya,Mani,Female,1984-08-21
EMP05527,Ishanvi,Lala,Male,1993-11-10
EMP05528,Kalpit,Patla,Male,1988-02-03
EMP05529,Daksha,Sastry,Female,1966-04-12
EMP05530,Laksh,Sant,Male,1984-06-08
EMP05531,Aayush,Gill,Male,1993-03-24
EMP05532,Noah,Rastogi,Male,1989-08-17
EMP05533,Chatresh,Konda,Male,1985-10-19
EMP05534,Darpan,Murty,Male,1994-05-16
EMP05535,Anusha,Krish,Male,1978-10-04
EMP05536,Yutika,Raja,Female,1998-09-18
EMP05537,Udarsh,Thaker,Female,1988-02-08
EMP05538,Jalsa,Singh,Male,1974-09-27
EMP05539,Sudiksha,Bhargava,Male,1984-05-12
EMP05540,Harshil,Dani,Male,1970-01-24
EMP05541,Lekha,Swaminathan,Male,1992-04-30
EMP05542,Anvi,Bora,Male,1978-09-22
EMP05543,Atharv,Pal,Female,1982-08-30
EMP05544,Pooja,Ramaswamy,Male,1990-03-27
EMP05545,Nidra,Mitter,Male,1989-10-03
EMP05546,Ekani,Uppal,Male,1997-12-15
EMP05547,Jyoti,Nanda,Female,1982-07-12
EMP05548,Upkaar,Gupta,Female,2002-12-23
EMP05549,Arjun,Dugar,Female,1987-02-08
EMP05550,Zashil,Krishna,Male,1977-01-20
EMP05551,Frederick,Kapadia,Female,1984-12-17
EMP05552,Aashi,Bhargava,Female,1998-04-23
EMP05553,Frado,Chhabra,Male,1985-06-09
EMP05554,Faris,Shah,Female,1992-09-08
EMP05555,Aryan,Sagar,Male,2000-01-30
EMP05556,Yatin,Madan,Male,1985-03-02
EMP05557,Ekani,Trivedi,Male,1982-01-14
EMP05558,Qasim,Sachdev,Female,1981-08-26
EMP05559,Dev,Bahl,Male,1971-04-11
EMP05560,Saksham,Shanker,Male,1995-11-23
EMP05561,Abhiram,Modi,Male,1990-01-31
EMP05562,Harita,Palla,Female,1987-09-09
EMP05563,Zayan,Sidhu,Male,1986-01-17
EMP05564,Gunbir,Bawa,Female,1994-11-11
EMP05565,Yashoda,Aggarwal,Male,1980-05-28
EMP05566,Anthony,Gala,Male,1997-09-03
EMP05567,Chasmum,Rattan,Male,1993-03-05
EMP05568,Ayushman,Tella,Female,1997-05-25
EMP05569,Ati,Natt,Female,1989-01-05
EMP05570,Sai,Chawla,Male,1976-05-04
EMP05571,Chaitanya,Varghese,Female,1983-12-03
EMP05572,Aditya,Mani,Female,1984-08-27
EMP05573,Dominic,Mahajan,Female,1992-04-08
EMP05574,Wahab,Singhal,Female,1986-08-21
EMP05575,Vedhika,Nadig,Male,1987-11-15
EMP05576,Qabil,Pant,Female,1989-09-23
EMP05577,Yamini,Morar,Female,1996-01-30
EMP05578,Kamya,Dixit,Female,1993-08-08
EMP05579,Nidra,Barad,Female,1992-12-15
EMP05580,Meghana,Soman,Male,1972-09-09
EMP05581,Owen,Khatri,Male,1993-12-07
EMP05582,Gayathri,Dube,Female,1999-04-30
EMP05583,Chanakya,Morar,Male,1994-12-17
EMP05584,Jairaj,Dua,Male,1975-05-18
EMP05585,Neelima,Mukhopadhyay,Female,1986-09-16
EMP05586,Mohini,Sawhney,Male,1989-07-18
EMP05587,Hiral,Saraf,Male,1996-04-08
EMP05588,Unnati,Keer,Male,1983-03-14
EMP05589,Niharika,Mody,Female,1994-08-14
EMP05590,Harsh,Koshy,Female,1999-10-27
EMP05591,Harshil,Narula,Female,1981-04-01
EMP05592,Urvi,Setty,Male,1997-03-29
EMP05593,Ucchal,Agate,Female,1987-08-14
EMP05594,Hemani,Memon,Female,1996-09-21
EMP05595,Gopal,Randhawa,Male,1985-02-23
EMP05596,Krish,Sur,Male,1988-04-03
EMP05597,Tanish,Agate,Male,1990-09-03
EMP05598,Harinakshi,Parsa,Female,1992-07-04
EMP05599,Advika,Sarkar,Male,1996-01-04
EMP05600,Jagdish,Pingle,Male,1988-11-26
EMP05601,Sudiksha,Sane,Female,1984-09-11
EMP05602,Mitali,Walla,Male,1995-06-08
EMP05603,Patrick,Devi,Male,1984-02-05
EMP05604,Jeremiah,Morar,Female,1991-10-02
EMP05605,Jeevika,Wadhwa,Female,1988-04-30
EMP05606,Kiaan,Rout,Male,1994-12-08
EMP05607,Wyatt,Mall,Female,1984-04-04
EMP05608,Vaishnavi,Ray,Male,1987-02-07
EMP05609,Zarna,Goda,Female,2000-09-01
EMP05610,Qadim,Batta,Male,1987-04-17
EMP05611,Oliver,Venkatesh,Female,1992-03-05
EMP05612,Advik,Pau,Male,1989-02-11
EMP05613,Eiravati,Varghese,Female,1987-10-30
EMP05614,Mekhala,Chahal,Male,1988-05-02
EMP05615,Janaki,Nagarajan,Male,1982-04-23
EMP05616,Jason,Thakkar,Female,1992-12-28
EMP05617,Laban,Desai,Female,1986-05-07
EMP05618,Bhanumati,Iyer,Female,1999-01-27
EMP05619,Chatresh,Baria,Male,1994-10-31
EMP05620,Bahadurjit,Baral,Female,1998-05-24
EMP05621,Yashoda,Kalita,Male,1969-03-20
EMP05622,Vrinda,Bhagat,Male,1986-08-17
EMP05623,Oscar,Ranganathan,Male,1969-02-20
EMP05624,Garima,Suresh,Male,1983-11-30
EMP05625,Gaurang,Dass,Female,1995-12-10
EMP05626,Chakrika,Kanda,Female,1998-11-06
EMP05627,Yashica,Saha,Male,1992-01-12
EMP05628,Gopal,Choudhry,Female,1988-06-12
EMP05629,Guneet,Tripathi,Female,1982-09-03
EMP05630,Oviya,Prasad,Female,1986-07-13
EMP05631,Gaurang,Zacharia,Male,1995-03-23
EMP05632,Qarin,Venkataraman,Male,1994-02-14
EMP05633,Ati,Prabhu,Male,1997-08-07
EMP05634,Xiti,Gera,Female,1984-04-16
EMP05635,Ekaja,Ganesan,Male,1985-06-27
EMP05636,Nidra,Minhas,Female,1986-07-31
EMP05637,Prisha,Ramakrishnan,Male,1994-04-24
EMP05638,Chakradev,Vaidya,Female,1976-10-21
EMP05639,Jacob,Kala,Female,1997-07-16
EMP05640,Kevin,Deshmukh,Male,1987-04-12
EMP05641,Rajeshri,Walla,Male,1983-05-16
EMP05642,Yochana,Choudhary,Female,1981-06-14
EMP05643,Gaurav,Kaul,Female,1988-07-09
EMP05644,Adya,Rama,Female,1996-12-14
EMP05645,Kashish,Mohan,Female,1980-06-29
EMP05646,Quincy,Sheth,Female,1986-12-22
EMP05647,Indali,Venkatesh,Female,1983-03-27
EMP05648,Ira,Dugar,Female,1968-08-25
EMP05649,Aarini,Cherian,Male,1985-05-20
EMP05650,Amrita,Balan,Female,1988-11-29
EMP05651,Sarthak,D’Alia,Male,1990-09-22
EMP05652,Chaaya,Dar,Male,1984-10-25
EMP05653,Arunima,Morar,Male,1980-09-02
EMP05654,Damyanti,Narayan,Male,1991-06-22
EMP05655,Ayushman,Bala,Female,1994-04-24
EMP05656,Anmol,Sankaran,Female,1983-12-14
EMP05657,Chatresh,Pandya,Male,1994-03-22
EMP05658,Krishna,Mandal,Male,1978-06-05
EMP05659,Manbir,Narula,Female,1997-02-03
EMP05660,Sai,Saran,Male,1992-12-24
EMP05661,Divya,Dugar,Male,1986-08-17
EMP05662,Tanay,Venkatesh,Female,1983-06-09
EMP05663,Yatin,Hayre,Female,1994-08-09
EMP05664,Champak,Nigam,Female,1962-07-26
EMP05665,Kashvi,Bhandari,Female,1994-12-14
EMP05666,Libni,Aurora,Female,1986-05-01
EMP05667,Vasatika,Kohli,Male,1978-11-04
EMP05668,Kevin,Bala,Female,1992-10-27
EMP05669,Aashi,Dhar,Female,1977-09-19
EMP05670,Kamya,Parikh,Male,1980-03-22
EMP05671,Simon,Saha,Male,1984-12-16
EMP05672,Yoshita,Chadha,Female,1988-10-01
EMP05673,Aryan,Boase,Female,1962-09-08
EMP05674,Rachita,Saha,Female,1981-10-27
EMP05675,Joshua,Ramesh,Female,1988-11-16
EMP05676,Agastya,Sarin,Male,1979-01-07
EMP05677,Yahvi,Dua,Female,1977-04-09
EMP05678,Barkha,Kata,Male,1983-11-15
EMP05679,Jacob,Buch,Female,1981-08-16
EMP05680,Sanya,Gara,Male,1971-04-24
EMP05681,Jyoti,Sekhon,Male,1992-10-23
EMP05682,Mekhala,Patil,Male,1986-11-17
EMP05683,Orinder,Nayar,Female,1992-07-25
EMP05684,Oliver,Madan,Male,1990-06-04
EMP05685,George,Kala,Male,1987-01-31
EMP05686,Bhavya,Sharaf,Male,1969-07-29
EMP05687,Faraj,Baria,Male,1984-07-02
EMP05688,Balhaar,Nath,Male,1986-11-18
EMP05689,Varsha,Pandey,Female,1981-05-01
EMP05690,Vasatika,Dhingra,Female,1989-04-07
EMP05691,Vamakshi,Narang,Male,1992-05-20
EMP05692,Champak,Subramaniam,Male,1983-08-31
EMP05693,Pranit,Sem,Male,1984-02-05
EMP05694,Kalpit,Shenoy,Male,1986-06-20
EMP05695,Jacob,Saxena,Female,1989-11-08
EMP05696,Ijaya,Johal,Female,1978-06-13
EMP05697,Yashawini,Hayer,Male,1983-01-12
EMP05698,Reyansh,Kala,Male,1995-10-10
EMP05699,Sai,Tella,Male,1993-06-21
EMP05700,Unni,Ram,Female,1970-07-19
EMP05701,Raagini,Karnik,Male,1990-06-25
EMP05702,Jeevika,Bhalla,Female,1989-06-05
EMP05703,Zayan,Narayanan,Female,1998-09-16
EMP05704,Falak,Murty,Female,1990-04-26
EMP05705,Tarak,Kale,Female,1980-08-28
EMP05706,Odika,Shroff,Male,1982-07-06
EMP05707,Quincy,Luthra,Male,1992-10-23
EMP05708,Omisha,Pall,Female,1973-12-12
EMP05709,Tripti,Bhatt,Male,1985-09-17
EMP05710,Umang,Rajagopalan,Male,1984-10-21
EMP05711,Aayush,Thaker,Male,1992-11-20
EMP05712,Mason,Mani,Female,1986-06-10
EMP05713,Radhika,Hans,Male,1994-11-27
EMP05714,Abhimanyu,Buch,Female,1971-11-11
EMP05715,Peter,Sant,Female,1995-02-11
EMP05716,Yashvi,Dave,Male,1985-03-22
EMP05717,Balveer,Dash,Male,1988-10-12
EMP05718,Agastya,Ahuja,Male,1991-05-23
EMP05719,Ojas,Parikh,Male,1978-01-10
EMP05720,Vansha,Mitter,Male,1983-03-27
EMP05721,Shravya,Loyal,Male,1980-11-05
EMP05722,Luke,Mutti,Male,1967-09-28
EMP05723,Oeshi,Sibal,Female,1981-12-23
EMP05724,Frado,Palan,Female,1983-08-14
EMP05725,Varsha,Brar,Male,1983-03-09
EMP05726,Krish,Mukherjee,Male,1986-05-04
EMP05727,Pratyush,Majumdar,Male,1990-12-11
EMP05728,Jagat,Pandey,Male,1985-02-13
EMP05729,Lohit,Reddy,Male,1973-01-09
EMP05730,Jack,Din,Female,1990-06-03
EMP05731,Garima,Jhaveri,Male,1984-05-27
EMP05732,Shaurya,Tak,Female,1987-05-31
EMP05733,Jagdish,Banik,Male,1987-12-22
EMP05734,Anusha,Naidu,Male,1987-02-09
EMP05735,Charvi,Deshmukh,Male,1983-03-01
EMP05736,Falak,Konda,Female,1990-12-20
EMP05737,Alexander,Mallick,Male,1996-12-04
EMP05738,Lakshit,Comar,Male,1980-03-19
EMP05739,Chaaya,Lala,Male,1975-11-13
EMP05740,Gavin,Sandhu,Male,1994-12-20
EMP05741,Jagvi,Thaker,Female,1978-05-27
EMP05742,Jack,Behl,Female,1990-08-22
EMP05743,Yagnesh,Nigam,Female,1981-05-20
EMP05744,Vedhika,Banik,Male,1991-09-08
EMP05745,Pranav,Biswas,Female,1984-05-03
EMP05746,Tejas,Narayanan,Male,1988-06-06
EMP05747,Darsh,Vohra,Male,1982-01-26
EMP05748,Yutika,Varkey,Female,1994-07-01
EMP05749,Daksh,Randhawa,Male,1997-11-09
EMP05750,Rajata,Aurora,Male,1985-11-30
EMP05751,Meghana,Natarajan,Male,1972-11-30
EMP05752,Jagrati,Virk,Female,1984-01-29
EMP05753,Veer,Bath,Male,1977-01-06
EMP05754,Riya,Vohra,Female,1993-05-29
EMP05755,Umang,Comar,Female,1980-10-04
EMP05756,Leela,Mallick,Male,1989-04-18
EMP05757,Aradhana,Kala,Female,1989-03-22
EMP05758,Harshil,Iyengar,Male,1985-03-04
EMP05759,Orinder,Johal,Male,1987-12-09
EMP05760,Meghana,Dhar,Female,1988-01-18
EMP05761,Amrita,Seshadri,Male,1999-04-22
EMP05762,Wakeeta,Morar,Female,1996-01-20
EMP05763,Aashi,Sampath,Male,1983-06-19
EMP05764,Raghav,Khosla,Male,1982-11-06
EMP05765,Veda,Chowdhury,Male,1985-08-03
EMP05766,Utkarsh,Edwin,Male,1996-04-25
EMP05767,Nidra,Tailor,Female,1989-10-04
EMP05768,Ryan,Konda,Male,1995-03-27
EMP05769,Advaith,Savant,Male,2001-11-20
EMP05770,Ansh,Chada,Male,1979-04-22
EMP05771,Vrinda,Biswas,Female,1997-01-27
EMP05772,Ayush,Bhatt,Male,1985-09-22
EMP05773,Gauri,Bail,Female,1985-08-08
EMP05774,Zehaan,Ramakrishnan,Female,1989-05-15
EMP05775,Divya,Patel,Female,1986-11-12
EMP05776,Tarak,Rau,Male,1985-05-25
EMP05777,Arunima,Sankar,Male,1989-09-02
EMP05778,Ishanvi,Sahota,Female,1986-11-15
EMP05779,Urvashi,Behl,Female,1988-11-20
EMP05780,Ganga,Batta,Female,1982-12-23
EMP05781,Harini,Jhaveri,Female,1982-02-20
EMP05782,Amara,Khatri,Male,1982-10-22
EMP05783,Abeer,Khatri,Male,1982-08-19
EMP05784,Ekaja,Vaidya,Male,1985-02-28
EMP05785,Wakeeta,Vala,Female,1988-06-04
EMP05786,Luke,Aggarwal,Male,1987-12-19
EMP05787,Isha,Som,Female,1983-06-27
EMP05788,Yagnesh,Venkatesh,Female,1998-09-23
EMP05789,Benjamin,Suri,Female,1986-03-25
EMP05790,Farhan,Chad,Male,1994-04-08
EMP05791,Alexander,Kapadia,Female,1993-07-13
EMP05792,Chakradev,Krishnan,Female,1988-11-08
EMP05793,Xalak,Cherian,Female,1981-07-27
EMP05794,Girish,Bhatt,Male,1987-05-16
EMP05795,Naveen,Ganesan,Female,1994-07-05
EMP05796,Brinda,Mitter,Male,1988-03-17
EMP05797,Manthan,Mand,Male,1980-12-19
EMP05798,Jalsa,Desai,Female,1984-02-13
EMP05799,Ekta,Ahuja,Male,1990-05-09
EMP05800,Nidra,Lala,Male,1985-11-07
EMP05801,Nirja,Ray,Male,1978-01-28
EMP05802,Kritika,Dar,Female,1988-02-16
EMP05803,Qadim,Tailor,Male,1972-02-22
EMP05804,Oliver,Kale,Female,1989-09-03
EMP05805,Vaishnavi,Dara,Male,1980-02-01
EMP05806,Nidhi,Venkataraman,Female,2000-09-14
EMP05807,Pranit,Arora,Male,1991-04-25
EMP05808,Naveen,Dugal,Male,1983-11-16
EMP05809,Ekantika,Walla,Female,1983-02-07
EMP05810,Janani,Narang,Female,1983-03-10
EMP05811,Shivansh,Sengupta,Male,1963-06-10
EMP05812,Nathan,Brar,Female,1994-09-17
EMP05813,Arjun,Mane,Male,1995-10-24
EMP05814,Oviya,Lall,Male,1999-10-29
EMP05815,Chandresh,Ganesan,Male,1992-03-29
EMP05816,Falak,Sunder,Male,1983-09-16
EMP05817,Bhavani,Gara,Female,1996-01-04
EMP05818,Jatin,Mand,Female,1988-05-27
EMP05819,Jyoti,Varty,Female,1970-04-22
EMP05820,Parth,Doctor,Male,1987-08-01
EMP05821,Ranbir,Karpe,Female,1989-12-15
EMP05822,Victor,Bains,Male,1969-02-13
EMP05823,Lila,Palan,Male,1994-10-29
EMP05824,Arya,Prabhu,Male,1988-04-18
EMP05825,Qasim,Patel,Male,2002-12-13
EMP05826,Farhan,Devi,Male,1973-03-27
EMP05827,Ayushman,Kulkarni,Female,1974-05-02
EMP05828,Anmol,Konda,Male,1984-06-22
EMP05829,Yochana,Pathak,Male,1985-10-04
EMP05830,Yatan,Kurian,Male,1993-04-21
EMP05831,Elijah,Swaminathan,Female,1978-04-16
EMP05832,Hitesh,Sharma,Female,1991-03-04
EMP05833,Krish,Sahota,Male,2000-09-21
EMP05834,Rachita,Deshpande,Male,1994-06-09
EMP05835,Mitesh,Chander,Male,1981-06-18
EMP05836,Ucchal,Arya,Male,1993-04-25
EMP05837,Nicholas,Lalla,Male,1982-08-04
EMP05838,Tara,Bal,Female,1976-05-10
EMP05839,Anthony,Lall,Male,1993-02-23
EMP05840,David,Sule,Male,1991-06-19
EMP05841,Samuel,Aggarwal,Female,1971-03-19
EMP05842,Jairaj,Seshadri,Female,1991-01-24
EMP05843,Yash,Garde,Male,1992-02-07
EMP05844,Zaid,Khurana,Male,1974-11-09
EMP05845,Aarini,Bhattacharyya,Male,1977-11-09
EMP05846,Upadhriti,Deep,Male,1982-02-14
EMP05847,Akshay,Sidhu,Male,1989-09-26
EMP05848,Christopher,Dutta,Male,1991-01-04
EMP05849,Sai,Ray,Male,1984-09-16
EMP05850,Girindra,Jain,Female,1996-06-04
EMP05851,Brijesh,Koshy,Female,1982-07-07
EMP05852,Hemani,Sarin,Female,1983-09-23
EMP05853,Ronith,Mallick,Male,1970-06-15
EMP05854,Madhav,Ganguly,Male,1991-04-09
EMP05855,Sachi,Mohan,Female,1983-02-24
EMP05856,Pushti,Deep,Female,1984-01-04
EMP05857,Charita,Handa,Female,1979-06-11
EMP05858,Sudiksha,Bobal,Male,1993-08-27
EMP05859,Shivansh,Sen,Female,1979-07-19
EMP05860,Geetika,Mand,Male,1985-08-08
EMP05861,Ekta,Lanka,Male,1989-01-05
EMP05862,Sudiksha,Khanna,Female,1970-10-09
EMP05863,Upma,Parmar,Female,1975-09-30
EMP05864,Vedhika,Mitter,Female,1988-06-26
EMP05865,Owen,Kashyap,Male,1981-05-26
EMP05866,Mugdha,Rana,Female,1988-08-28
EMP05867,Ranveer,Hora,Female,1992-06-21
EMP05868,Osha,Grover,Male,1982-12-07
EMP05869,Yochana,Chanda,Male,1991-03-11
EMP05870,Ekantika,Seth,Female,1995-12-20
EMP05871,Teerth,Dhingra,Female,1985-05-16
EMP05872,Lekha,Kakar,Female,1994-10-18
EMP05873,Chasmum,Loyal,Female,1997-08-25
EMP05874,Rajata,Krish,Female,1978-10-31
EMP05875,Leena,Pandya,Female,1983-09-09
EMP05876,Wishi,Comar,Male,1981-12-10
EMP05877,Nikita,Dube,Male,1987-08-05
EMP05878,Idika,Wable,Female,1989-08-30
EMP05879,Ekapad,Kalita,Male,2000-10-10
EMP05880,Luke,Srinivasan,Female,1982-08-16
EMP05881,Ishani,Pau,Male,1973-08-26
EMP05882,Sarthak,Mittal,Male,1983-12-01
EMP05883,Quincy,Suri,Male,1996-06-29
EMP05884,Aadhya,Char,Male,1986-10-23
EMP05885,Shivansh,Bains,Male,1983-06-29
EMP05886,Panini,Prasad,Male,1987-09-08
EMP05887,Indrajit,Chaudhuri,Male,1989-11-19
EMP05888,Gauri,Dhingra,Male,1969-05-03
EMP05889,Chandresh,Nadig,Female,1988-08-03
EMP05890,Samaksh,Mallick,Male,1972-07-06
EMP05891,Chameli,Parmer,Male,1966-01-03
EMP05892,Tripti,Solanki,Female,1991-08-15
EMP05893,Chatresh,Gandhi,Male,1987-08-08
EMP05894,Qasim,Sekhon,Male,1966-10-29
EMP05895,Tanish,Rao,Female,1986-07-15
EMP05896,Pushti,Atwal,Male,1995-03-29
EMP05897,Jason,Rama,Male,1977-06-15
EMP05898,Nidhi,Lad,Male,1985-07-07
EMP05899,Naksh,Cherian,Female,1989-10-17
EMP05900,Faras,Pal,Male,1978-09-13
EMP05901,Veer,Jani,Male,1984-03-16
EMP05902,Aadhya,Bobal,Male,1985-07-11
EMP05903,Aashi,Chaudhary,Male,1983-08-18
EMP05904,Timothy,Walla,Male,1985-12-01
EMP05905,Charles,Mishra,Male,1991-05-19
EMP05906,Vyanjana,Ratta,Male,1985-03-13
EMP05907,Advaith,Sidhu,Female,1986-08-04
EMP05908,Pushti,Pau,Female,1997-10-09
EMP05909,Maya,Chana,Female,1981-04-27
EMP05910,Isha,Hora,Male,1991-06-25
EMP05911,Elijah,Roy,Male,1976-05-08
EMP05912,Nikita,Iyer,Female,1980-08-20
EMP05913,Ishanvi,Chadha,Female,1986-09-08
EMP05914,Chandani,Ray,Male,1984-09-08
EMP05915,Baghyawati,Bawa,Male,1983-09-09
EMP05916,Adya,Nigam,Male,1969-06-03
EMP05917,Baghyawati,Agarwal,Male,1968-07-26
EMP05918,Nathaniel,Venkataraman,Male,1982-12-30
EMP05919,Owen,Shenoy,Female,1985-09-11
EMP05920,Charita,Mukherjee,Female,1972-06-15
EMP05921,Abdul,Thakur,Male,1993-03-14
EMP05922,Hemani,Dhar,Male,2000-07-04
EMP05923,Girish,Modi,Female,1997-12-16
EMP05924,Bina,Batra,Female,1963-09-24
EMP05925,Samarth,Natt,Female,1988-11-19
EMP05926,Vasana,Nazareth,Male,1993-01-08
EMP05927,Odika,Mani,Male,1999-10-09
EMP05928,Tripti,Magar,Male,1976-07-27
EMP05929,Amruta,Kohli,Male,1973-05-21
EMP05930,Deepa,Chand,Male,1988-06-17
EMP05931,Anthony,Tiwari,Male,1986-10-20
EMP05932,Janaki,Bath,Female,1964-08-03
EMP05933,Bhavika,Sharaf,Male,1985-05-09
EMP05934,Rushil,Raval,Male,1979-08-20
EMP05935,Vasana,Kota,Female,1985-06-01
EMP05936,Christopher,Sunder,Male,1990-12-13
EMP05937,Gabriel,Tella,Male,1990-10-01
EMP05938,Bishakha,Srinivasan,Male,1998-03-30
EMP05939,Tanmayi,Mohan,Male,1986-05-24
EMP05940,Nicholas,Atwal,Female,1985-12-27
EMP05941,Yutika,Warrior,Male,1994-03-07
EMP05942,Ishanvi,Shanker,Female,1969-03-18
EMP05943,Azad,Randhawa,Female,1997-11-11
EMP05944,Rudra,Shan,Male,1980-06-07
EMP05945,Ekta,Sant,Male,1990-06-25
EMP05946,Timothy,Ray,Female,1982-11-09
EMP05947,Tanvi,Sharma,Male,1991-04-11
EMP05948,Harita,Sabharwal,Male,1976-09-02
EMP05949,Aarush,Morar,Female,2002-11-02
EMP05950,Jason,D’Alia,Female,1994-07-21
EMP05951,Irya,Kapur,Male,1983-10-11
EMP05952,Vansha,Bose,Female,1986-10-11
EMP05953,Samarth,Padmanabhan,Male,1980-11-07
EMP05954,Saumya,Nagi,Female,1992-10-07
EMP05955,Ethan,Wason,Female,1979-12-20
EMP05956,Girindra,Wason,Male,1996-11-18
EMP05957,Kai,Srinivasan,Male,1979-12-09
EMP05958,Harinakshi,Kannan,Female,1990-05-29
EMP05959,Bishakha,Wason,Male,1971-08-11
EMP05960,Ekansh,Dani,Female,1981-06-22
EMP05961,Viraj,Wali,Female,1995-12-15
EMP05962,Kavya,Magar,Male,1992-05-13
EMP05963,Xalak,Amble,Male,1979-02-10
EMP05964,Mitali,Devi,Female,1987-12-17
EMP05965,Lohit,Soni,Male,1986-08-11
EMP05966,Warinder,Randhawa,Female,1997-07-21
EMP05967,Bahadurjit,Sodhi,Female,1984-12-16
EMP05968,Ira,Srinivasan,Male,1992-12-28
EMP05969,Abhiram,Ramesh,Female,1996-05-19
EMP05970,Sachi,Bhardwaj,Female,1996-06-18
EMP05971,Zayyan,Nagy,Male,1990-02-15
EMP05972,Madhav,Chakrabarti,Female,1985-04-07
EMP05973,Advik,Pandit,Male,1987-05-14
EMP05974,Chandani,Vasa,Female,1985-02-04
EMP05975,Urvi,Kohli,Female,1980-02-01
EMP05976,Logan,Ratti,Male,1982-07-08
EMP05977,Vrinda,Vig,Female,1992-06-22
EMP05978,Rajeshri,Samra,Female,1992-05-13
EMP05979,Balvan,Chowdhury,Female,1994-06-01
EMP05980,Vansha,Bajaj,Female,1984-05-12
EMP05981,Onveer,Bandi,Female,1987-06-24
EMP05982,Bhavini,Bakshi,Female,1981-10-15
EMP05983,Azaan,Vasa,Male,1996-02-07
EMP05984,Nathan,Vala,Male,1984-06-03
EMP05985,Warjas,Amble,Male,1985-11-04
EMP05986,Rushil,Mall,Male,1999-10-06
EMP05987,Xavier,Narayanan,Female,1983-07-20
EMP05988,Urmi,Batra,Female,1975-06-15
EMP05989,Tristan,Mammen,Female,1984-06-10
EMP05990,Meera,Parmar,Female,1993-11-10
EMP05991,Avi,Date,Male,1984-05-31
EMP05992,Hritik,Gaba,Female,1984-03-30
EMP05993,Reyansh,Garde,Female,1961-01-20
EMP05994,Priya,Kade,Female,1981-09-16
EMP05995,Jatin,Goyal,Female,1993-10-31
EMP05996,Yahvi,Banik,Female,1967-11-14
EMP05997,Vasatika,Rajagopalan,Female,1971-03-13
EMP05998,Krish,Saraf,Male,1992-11-27
EMP05999,Inaya,Shan,Male,1993-04-16
EMP06000,Yasti,Purohit,Male,1982-08-30
EMP06001,Varenya,Lad,Male,1978-10-06
EMP06002,Ishani,Kulkarni,Female,2002-09-13
EMP06003,Edhitha,Agate,Female,1981-09-04
EMP06004,Ishita,Ben,Female,1990-07-18
EMP06005,Tanay,Pillai,Female,1981-11-14
EMP06006,Yashvi,Balasubramanian,Male,1982-09-26
EMP06007,Aashi,Kaur,Male,1965-04-06
EMP06008,Yashasvi,Upadhyay,Male,1988-01-09
EMP06009,Sai,Banik,Female,2000-04-15
EMP06010,Amol,Sinha,Male,1988-04-25
EMP06011,Aarush,Din,Male,1984-06-20
EMP06012,Yadavi,Gopal,Female,1980-12-25
EMP06013,Guneet,Saraf,Female,2000-12-11
EMP06014,Sanaya,Lad,Male,1984-06-27
EMP06015,Meera,Mammen,Male,1995-04-25
EMP06016,Nitara,Shroff,Male,1978-08-10
EMP06017,Anirudh,Deshpande,Male,1997-08-14
EMP06018,Leela,Ganesan,Male,1985-05-09
EMP06019,Chaitaly,Soni,Male,1969-10-30
EMP06020,Maanas,Sarraf,Female,1972-04-16
EMP06021,Balveer,Gade,Male,1978-04-12
EMP06022,Yatin,Peri,Male,1996-03-25
EMP06023,Agastya,Tak,Male,1998-07-25
EMP06024,Chandresh,Kalita,Female,2001-01-27
EMP06025,Lopa,Koshy,Male,1986-07-04
EMP06026,Ethan,Vyas,Female,1982-01-18
EMP06027,Yashica,Guha,Female,1995-10-12
EMP06028,Christopher,Warrior,Female,1967-10-21
EMP06029,Mitesh,Kapur,Male,1964-05-06
EMP06030,Aahana,Roy,Female,1985-08-24
EMP06031,Neelima,Swaminathan,Female,1995-03-07
EMP06032,Darpan,Khalsa,Male,1992-06-30
EMP06033,Abha,Handa,Female,2002-03-28
EMP06034,Oeshi,Babu,Male,1984-09-02
EMP06035,Girish,Sarraf,Male,1979-11-20
EMP06036,Dominic,Borde,Female,1983-07-28
EMP06037,Radhika,Brar,Female,1996-10-01
EMP06038,Laksh,Sandal,Male,1988-01-19
EMP06039,Bhavini,Bhagat,Female,2001-05-19
EMP06040,Vasudha,Yogi,Male,1986-03-18
EMP06041,Waida,Sastry,Male,1989-02-10
EMP06042,Vritti,Goel,Female,1988-05-15
EMP06043,Chameli,Andra,Male,1994-12-07
EMP06044,Tanvi,Pillai,Female,1971-10-19
EMP06045,Kamala,Acharya,Male,1970-07-19
EMP06046,Hamsini,Singh,Male,1988-01-12
EMP06047,Gunbir,Bahl,Female,1976-07-26
EMP06048,Noah,Setty,Male,1980-10-11
EMP06049,Mohini,Swaminathan,Male,1998-10-05
EMP06050,Anirudh,Trivedi,Male,1989-10-20
EMP06051,Inaya,Tank,Male,1970-12-24
EMP06052,Utkarsh,Handa,Female,1981-07-05
EMP06053,Kamala,Goswami,Male,1989-01-11
EMP06054,Raagini,Bera,Female,1980-01-21
EMP06055,Maya,Grover,Male,1992-04-28
EMP06056,Brijesh,Puri,Female,1990-05-02
EMP06057,Wazir,Shah,Male,1982-11-24
EMP06058,Forum,Dass,Male,1987-07-24
EMP06059,Parth,Dani,Female,1987-01-26
EMP06060,Bachittar,Hari,Male,1988-11-19
EMP06061,Eshana,Khatri,Male,1986-06-26
EMP06062,Oni,Yohannan,Male,1974-12-01
EMP06063,Chandresh,Mani,Female,1994-02-03
EMP06064,Hemangini,Kannan,Female,1996-01-06
EMP06065,Yash,Raman,Female,1970-10-29
EMP06066,Aadhya,Kapadia,Female,1981-12-21
EMP06067,Jacob,Ghosh,Male,1983-02-05
EMP06068,Zilmil,D’Alia,Female,1979-05-27
EMP06069,Jagvi,D’Alia,Female,1974-11-08
EMP06070,Abhiram,Shanker,Female,1996-08-29
EMP06071,Nidhi,Suresh,Female,2001-08-24
EMP06072,Yutika,Bali,Female,1983-08-17
EMP06073,Yutika,Varghese,Female,1973-02-01
EMP06074,Sanaya,Kibe,Female,1985-11-23
EMP06075,Nimrat,Shah,Female,1978-10-21
EMP06076,Urmi,Sahni,Male,1993-07-09
EMP06077,Kevin,Ramakrishnan,Male,1988-08-01
EMP06078,Sara,Kamdar,Female,1992-02-10
EMP06079,Ganga,Suresh,Male,1968-03-25
EMP06080,Tristan,Bobal,Female,1979-11-21
EMP06081,Ranveer,Prabhu,Female,1988-04-11
EMP06082,Jason,Kant,Female,1985-09-14
EMP06083,Amol,Madan,Male,2001-03-02
EMP06084,Nidhi,Patel,Male,1996-02-28
EMP06085,Omisha,Dugar,Female,1986-05-28
EMP06086,Reyansh,Sheth,Male,1985-04-28
EMP06087,Girindra,Bail,Male,1988-05-14
EMP06088,Gautami,Mannan,Female,2002-06-27
EMP06089,Jhalak,Kumar,Male,2000-07-06
EMP06090,Hredhaan,Dyal,Male,1987-04-01
EMP06091,Bhavika,Mani,Male,1979-05-16
EMP06092,Upasna,Dave,Male,1982-11-25
EMP06093,Zashil,Gole,Female,1996-09-04
EMP06094,Lakshit,Badami,Male,1999-04-21
EMP06095,Aarini,Sangha,Female,1966-03-10
EMP06096,Girik,Oak,Male,1983-09-16
EMP06097,Mohammed,Walia,Female,1986-04-20
EMP06098,Dakshesh,Rege,Male,1982-11-02
EMP06099,Harini,Handa,Male,1981-07-19
EMP06100,Bhavna,Sama,Female,1981-08-29
EMP06101,Eshana,Thakur,Male,1985-07-06
EMP06102,Jonathan,Lad,Male,1989-05-20
EMP06103,Omaja,Menon,Male,1986-04-19
EMP06104,Sai,Mangal,Male,1989-01-22
EMP06105,Ishanvi,Agate,Female,1999-09-16
EMP06106,Eta,Ramachandran,Female,1986-07-16
EMP06107,Ranbir,Sura,Female,1992-11-21
EMP06108,Vaishnavi,Hayre,Male,1996-04-30
EMP06109,Rachita,Ratta,Female,1983-06-11
EMP06110,Anay,Kar,Male,1991-05-30
EMP06111,Nathaniel,Issac,Male,1994-09-04
EMP06112,Lavanya,Vyas,Male,1993-11-16
EMP06113,Jagat,Manda,Male,1983-07-07
EMP06114,Ekanta,Baria,Female,1985-03-01
EMP06115,Kalpit,Menon,Female,1993-06-26
EMP06116,Aachal,Chawla,Female,1991-10-30
EMP06117,Tristan,Chad,Male,1978-12-22
EMP06118,Gaurav,Ravel,Female,1991-06-08
EMP06119,Alka,Kant,Female,1989-01-09
EMP06120,Waida,Gole,Male,1992-05-18
EMP06121,Vasana,Kannan,Male,1991-01-24
EMP06122,Yamini,Goswami,Female,1995-07-07
EMP06123,Aayush,Krishnamurthy,Male,1990-07-11
EMP06124,Omisha,Khare,Male,1986-07-05
EMP06125,Oviya,Saran,Female,1976-10-25
EMP06126,Jason,Garde,Female,1987-04-17
EMP06127,Shaurya,Mann,Male,1994-04-02
EMP06128,Gunbir,Dhawan,Female,1980-03-09
EMP06129,Gaurav,Issac,Male,1987-09-23
EMP06130,Chaitanya,Gokhale,Male,1985-08-08
EMP06131,Shivani,Sachdeva,Female,1981-05-07
EMP06132,Samuel,Soni,Female,1982-11-13
EMP06133,Hamsini,Kamdar,Female,1989-03-08
EMP06134,Suhani,Hans,Male,1995-08-13
EMP06135,Nilima,Bhargava,Male,2002-06-22
EMP06136,Aditya,Karpe,Female,1974-01-24
EMP06137,Dominic,Gour,Male,1994-03-02
EMP06138,Qarin,Ganesh,Female,1997-04-08
EMP06139,Kashvi,Chana,Female,1985-02-19
EMP06140,Upasna,Bumb,Male,1982-04-10
EMP06141,Urishilla,Sachdev,Male,1986-08-20
EMP06142,Chandresh,Chowdhury,Male,1989-05-31
EMP06143,Daksh,Dubey,Male,1985-01-31
EMP06144,Sai,Pandit,Male,1987-11-20
EMP06145,Damyanti,Desai,Male,1983-07-12
EMP06146,Rachit,Karan,Male,1995-03-10
EMP06147,Ojas,Hans,Male,1983-01-18
EMP06148,Manan,Ghosh,Male,1987-12-17
EMP06149,Eta,Pandya,Male,1995-09-17
EMP06150,Shaurya,Borah,Female,1995-09-20
EMP06151,Yauvani,Tiwari,Male,1994-10-01
EMP06152,Barkha,Kanda,Male,1990-05-16
EMP06153,Charvi,Mander,Male,1983-09-28
EMP06154,Yoshita,Banerjee,Female,1979-11-24
EMP06155,Nidra,Shenoy,Male,1981-09-24
EMP06156,Ekalinga,Grewal,Female,1995-08-26
EMP06157,Lekha,Garde,Female,1985-10-13
EMP06158,Bhavna,Karpe,Female,1983-07-08
EMP06159,Daksha,Chaudhari,Male,1986-12-17
EMP06160,Imaran,Tiwari,Male,1999-06-14
EMP06161,Eiravati,Trivedi,Male,1988-07-19
EMP06162,Gaurav,Verma,Male,1993-11-14
EMP06163,Rachana,Sha,Male,1992-08-29
EMP06164,Kabir,Kapur,Male,1984-04-08
EMP06165,Hiral,Kapadia,Female,1985-04-21
EMP06166,Vivaan,Chahal,Male,1997-01-24
EMP06167,Tanmayi,Rege,Male,1986-11-02
EMP06168,Rushil,Sur,Female,1995-05-19
EMP06169,Devika,Sarraf,Female,1992-09-25
EMP06170,Shivani,Kata,Male,1993-05-20
EMP06171,Sanaya,Lata,Male,1988-10-18
EMP06172,Zinal,Divan,Female,1989-01-24
EMP06173,Ansh,Walia,Female,1984-06-21
EMP06174,Yatan,Saraf,Male,1991-03-03
EMP06175,Nilima,Kant,Female,1997-08-20
EMP06176,Eesha,Vala,Male,1979-06-21
EMP06177,Ekanta,Wali,Female,1985-07-23
EMP06178,Luke,Parekh,Male,1986-04-19
EMP06179,Harini,Chauhan,Female,1988-01-21
EMP06180,Mason,Subramanian,Female,1992-09-19
EMP06181,Jhalak,Puri,Male,1986-03-19
EMP06182,Utkarsh,Pau,Male,1981-03-08
EMP06183,Lakshmi,Mitter,Female,1978-09-25
EMP06184,Vasana,Khatri,Female,1970-10-24
EMP06185,Falguni,Sahota,Female,1982-01-12
EMP06186,Tristan,Balay,Male,1989-04-29
EMP06187,Yutika,Mander,Male,1997-08-26
EMP06188,Chanchal,Kulkarni,Female,1978-09-08
EMP06189,Aashi,Grewal,Male,1994-07-18
EMP06190,Faras,Shah,Male,1990-05-25
EMP06191,Jason,Madan,Female,1985-07-24
EMP06192,Yoshita,Batta,Female,1976-07-09
EMP06193,Atharv,Palan,Female,1996-06-27
EMP06194,Kabir,Chaudhari,Female,1969-08-10
EMP06195,Darika,Bedi,Female,1995-03-28
EMP06196,Triveni,Pai,Male,1987-04-17
EMP06197,Dhruv,Gupta,Female,1987-04-27
EMP06198,Gunbir,Kari,Male,1995-07-31
EMP06199,Kavya,Sinha,Female,1982-09-08
EMP06200,Janani,Ghosh,Male,1987-02-28
EMP06201,Amara,Chaudhry,Male,1997-06-19
EMP06202,Pavani,Devan,Female,1987-10-20
EMP06203,Laban,Sant,Female,1996-06-04
EMP06204,Vrishti,Sanghvi,Male,1984-11-02
EMP06205,Vinaya,Chacko,Male,1991-03-12
EMP06206,Amaira,Chaudhuri,Male,1992-03-04
EMP06207,Megha,Radhakrishnan,Male,1994-02-08
EMP06208,Chakrika,Palla,Female,1983-06-09
EMP06209,Wakeeta,Atwal,Female,1996-02-24
EMP06210,Joshua,Natt,Female,1971-11-09
EMP06211,Yahvi,Sengupta,Male,1994-03-17
EMP06212,Anita,Gandhi,Female,1992-10-23
EMP06213,Baghyawati,Narain,Female,1991-09-01
EMP06214,Jackson,Kapoor,Female,1981-07-14
EMP06215,Adweta,Narayanan,Female,1996-02-02
EMP06216,Jasmit,Chad,Female,1998-01-27
EMP06217,Aadhya,Palla,Male,1988-05-02
EMP06218,Nicholas,Palla,Female,2002-07-12
EMP06219,Urvashi,Kade,Male,1987-07-08
EMP06220,Henry,Sengupta,Male,1989-10-06
EMP06221,Sai,Bobal,Female,1991-01-04
EMP06222,Qushi,Aggarwal,Male,1986-11-08
EMP06223,Chakradhar,Gaba,Male,1981-09-08
EMP06224,Hema,Bandi,Female,1977-01-23
EMP06225,Oscar,Krishnamurthy,Male,1994-08-02
EMP06226,Hemani,Nayak,Male,1991-02-09
EMP06227,Wridesh,Lala,Male,1986-02-04
EMP06228,Naksh,Solanki,Female,1996-06-23
EMP06229,Qabil,Grover,Male,1978-06-12
EMP06230,Finn,Minhas,Female,1986-03-31
EMP06231,Udarsh,Maharaj,Male,1994-04-03
EMP06232,Qadim,Kar,Female,1981-11-16
EMP06233,Neel,Sethi,Female,1988-07-27
EMP06234,Triveni,Dayal,Male,1986-09-23
EMP06235,Kiaan,Badal,Female,1991-12-20
EMP06236,Jyoti,Gola,Male,1978-09-16
EMP06237,Ansh,Batta,Female,1993-10-02
EMP06238,Abeer,Rama,Male,1992-11-23
EMP06239,Maanav,Som,Female,1991-12-24
EMP06240,Girish,Nori,Female,1982-08-17
EMP06241,Matthew,Dass,Male,1973-10-06
EMP06242,Ira,Peri,Male,1972-04-06
EMP06243,Gunbir,Doctor,Male,1987-06-27
EMP06244,Rushil,Mukhopadhyay,Female,1992-03-24
EMP06245,Aradhana,Sama,Female,1976-09-29
EMP06246,Ayush,Mukherjee,Female,1996-07-10
EMP06247,Nimrat,Saxena,Male,1998-05-15
EMP06248,Darika,Chakrabarti,Male,1988-01-07
EMP06249,Faqid,Varma,Female,1983-04-06
EMP06250,Avni,Parmar,Female,1989-05-06
EMP06251,Ojas,Sane,Female,1985-02-14
EMP06252,Radhika,Ganesan,Male,1994-01-06
EMP06253,Turvi,Sengupta,Male,1973-06-01
EMP06254,Jeet,Desai,Male,1986-02-13
EMP06255,Chasmum,Mahajan,Male,1970-09-07
EMP06256,Omisha,Ramachandran,Male,1986-07-13
EMP06257,Matthew,Shenoy,Female,1995-10-22
EMP06258,Hamsini,Misra,Female,1988-04-28
EMP06259,Hemani,Shukla,Male,1993-07-25
EMP06260,Ekantika,Chana,Male,1974-01-19
EMP06261,Oscar,Misra,Female,1997-06-10
EMP06262,Aarini,Bandi,Male,1981-04-25
EMP06263,George,Mahajan,Female,1968-09-10
EMP06264,Yatan,Hayre,Male,1989-05-31
EMP06265,Indali,Sekhon,Male,1972-06-03
EMP06266,Gaurika,Vora,Female,1984-11-04
EMP06267,Fiyaz,Talwar,Female,1975-05-10
EMP06268,Bhanumati,Hayer,Male,1969-12-01
EMP06269,Ladli,Tara,Male,1995-04-30
EMP06270,Omkaar,Varkey,Male,1986-06-08
EMP06271,Odika,Talwar,Female,1982-07-09
EMP06272,Vaishnavi,Iyengar,Female,1980-03-26
EMP06273,Ayaan,Dugar,Female,1983-09-24
EMP06274,Baljiwan,Toor,Male,1997-07-15
EMP06275,Nisha,Nayak,Female,1987-05-24
EMP06276,Darika,Raman,Female,1989-04-29
EMP06277,Utkarsh,Chakraborty,Male,1980-06-02
EMP06278,Raghav,Sengupta,Male,1992-03-06
EMP06279,Simon,Atwal,Female,1983-08-20
EMP06280,Siddharth,Sabharwal,Male,1989-04-26
EMP06281,Tripti,Sahota,Female,1978-06-05
EMP06282,Ganga,Kala,Female,1984-07-11
EMP06283,Gautami,Tank,Male,2001-08-12
EMP06284,Dayamai,Cherian,Female,1999-04-22
EMP06285,Urvi,Mody,Male,1980-03-31
EMP06286,Vidhi,Bava,Male,1990-05-11
EMP06287,Maanav,Aurora,Male,1991-06-20
EMP06288,Nathaniel,Minhas,Male,1985-11-30
EMP06289,Alka,Bhakta,Male,1996-10-25
EMP06290,Meghana,Das,Female,1990-04-04
EMP06291,Aarna,Banik,Male,1994-12-08
EMP06292,Yagnesh,Subramanian,Male,1981-02-26
EMP06293,Parth,Bumb,Female,1982-04-29
EMP06294,Lipika,Ratti,Female,1995-01-08
EMP06295,Ishita,Patla,Male,1984-03-25
EMP06296,Jatin,Khurana,Female,1991-02-28
EMP06297,Sneha,Iyer,Male,1996-06-01
EMP06298,George,Kant,Female,1991-09-09
EMP06299,Zehaan,Tata,Male,1994-03-07
EMP06300,Henry,Yohannan,Female,1985-02-20
EMP06301,Logan,Kamdar,Male,1994-08-14
EMP06302,Chaaya,Srinivasan,Female,2000-07-31
EMP06303,Raagini,Ganguly,Male,1982-05-25
EMP06304,Matthew,Chopra,Female,1980-11-27
EMP06305,Yashica,Khurana,Male,1993-12-18
EMP06306,Dev,Das,Male,1999-01-09
EMP06307,Qasim,Swamy,Male,1991-04-29
EMP06308,Siddharth,Mani,Male,1996-02-14
EMP06309,Manya,Mand,Male,1989-09-11
EMP06310,Yutika,Deshpande,Male,1992-11-30
EMP06311,Rushil,Gola,Male,1997-09-14
EMP06312,Chandresh,Divan,Female,1979-07-17
EMP06313,Vamakshi,Minhas,Female,1970-11-24
EMP06314,Dhruv,Gole,Male,1987-11-09
EMP06315,Ekansh,Sane,Female,1988-03-25
EMP06316,Ijaya,Kale,Male,1983-04-25
EMP06317,Ira,Dar,Female,1982-10-04
EMP06318,Dalaja,Gaba,Female,1996-11-29
EMP06319,Maanav,Batta,Male,1988-01-31
EMP06320,Chasmum,Mallick,Female,1974-07-04
EMP06321,Hema,Mitter,Female,1987-06-19
EMP06322,Frado,Borra,Male,1987-11-14
EMP06323,Jai,Ahuja,Male,1989-07-16
EMP06324,Madhav,Saraf,Male,1985-07-20
EMP06325,Bina,Kara,Female,1978-06-16
EMP06326,Jack,Mitra,Male,1963-10-25
EMP06327,Sarthak,Chaudhuri,Male,1996-01-17
EMP06328,Vaishnavi,Gour,Female,1982-06-18
EMP06329,Avni,Sachar,Female,1983-04-21
EMP06330,Peter,Shan,Female,1976-12-07
EMP06331,Maanav,Balakrishnan,Male,1981-09-17
EMP06332,Raagini,Butala,Male,1985-03-10
EMP06333,Yashoda,Venkatesh,Female,1993-05-24
EMP06334,Gavin,Bava,Male,1987-08-21
EMP06335,Anita,Saha,Male,1990-06-25
EMP06336,Barkha,Pingle,Female,1981-09-12
EMP06337,Charan,Banerjee,Male,1997-03-16
EMP06338,Zilmil,Banik,Female,1994-10-30
EMP06339,Nathan,Modi,Male,1995-02-01
EMP06340,Rajeshri,Sandal,Female,1977-02-14
EMP06341,Vincent,Chadha,Male,1994-11-28
EMP06342,Viraj,Chawla,Male,1980-10-29
EMP06343,Kamala,Nigam,Female,1985-10-09
EMP06344,Rudra,Krishna,Female,1994-04-03
EMP06345,Diya,Kulkarni,Male,1984-02-03
EMP06346,Guneet,Chahal,Male,1986-09-30
EMP06347,Ria,Ganguly,Male,1994-02-25
EMP06348,Ganga,Pillai,Male,1995-07-16
EMP06349,Thomas,Basak,Male,1988-07-13
EMP06350,Nachiket,Chokshi,Female,1990-01-26
EMP06351,Nakul,Reddy,Male,1993-05-29
EMP06352,Matthew,Kashyap,Male,1980-07-03
EMP06353,Zaid,Talwar,Male,1967-03-06
EMP06354,Charan,Bumb,Male,1991-09-12
EMP06355,Vedant,Iyengar,Female,1975-12-10
EMP06356,Deepa,Narasimhan,Female,1983-02-21
EMP06357,Ansh,Kota,Female,1988-06-12
EMP06358,Radhika,Vohra,Female,1988-08-30
EMP06359,Tripti,Kamdar,Female,1981-03-22
EMP06360,Theodore,Dugal,Female,1978-02-26
EMP06361,Zilmil,Bera,Male,1991-10-04
EMP06362,Daksh,Dhingra,Female,1973-03-02
EMP06363,Lohit,Gill,Male,1988-10-13
EMP06364,Anika,Lad,Female,1978-10-25
EMP06365,Mohammed,Doctor,Male,1989-09-03
EMP06366,Upadhriti,Chaudhuri,Female,1992-02-12
EMP06367,Januja,Kumar,Female,1965-01-05
EMP06368,Ranveer,Gokhale,Female,1984-12-10
EMP06369,Eshana,Sani,Female,1994-08-22
EMP06370,Frado,Master,Male,1990-08-04
EMP06371,Parth,Dalal,Male,1999-01-04
EMP06372,Samar,More,Male,1989-01-08
EMP06373,Triya,Bir,Male,1993-05-14
EMP06374,Rushil,Sant,Female,1993-02-11
EMP06375,Vedant,Kunda,Male,1974-11-25
EMP06376,Siya,Peri,Female,1982-05-03
EMP06377,Vrishti,Chacko,Female,1993-06-26
EMP06378,Leena,Dasgupta,Female,1986-11-06
EMP06379,Anirudh,Handa,Female,1994-04-08
EMP06380,Anvi,Arora,Female,1995-07-10
EMP06381,Aditya,Dey,Female,1988-05-30
EMP06382,Siddharth,Pall,Female,1984-12-18
EMP06383,Samar,Wadhwa,Male,1993-12-09
EMP06384,Luke,Manne,Female,1984-05-11
EMP06385,Gaurang,Mukherjee,Female,1998-05-25
EMP06386,Qushi,Mannan,Male,1996-08-01
EMP06387,Sanaya,Devan,Male,1984-04-15
EMP06388,Anay,Jain,Female,1992-09-02
EMP06389,Meera,Talwar,Male,1993-03-25
EMP06390,Pahal,Chaudhry,Female,1993-09-14
EMP06391,Imaran,Basak,Male,1985-07-06
EMP06392,Chandresh,Ratta,Male,1975-05-30
EMP06393,Owen,Wadhwa,Male,1981-12-14
EMP06394,Chandran,Golla,Female,1997-10-07
EMP06395,Darsh,Subramanian,Female,1981-09-15
EMP06396,David,Kale,Female,1996-08-04
EMP06397,Hredhaan,Walia,Male,1994-02-12
EMP06398,Bhavna,Varty,Male,1986-08-30
EMP06399,Isaac,Mohan,Male,1967-08-04
EMP06400,Aadi,Dhingra,Male,1993-12-15
EMP06401,Aahana,Acharya,Female,1987-03-27
EMP06402,Kavya,Nagar,Male,1980-10-10
EMP06403,Viraj,Sodhi,Male,1996-02-09
EMP06404,Ishani,Badami,Male,1979-06-01
EMP06405,Rayaan,Mand,Male,1997-03-24
EMP06406,Kashvi,Sastry,Female,1978-06-08
EMP06407,Jacob,Korpal,Female,1984-06-27
EMP06408,Aarna,Keer,Female,2000-04-17
EMP06409,Chandresh,Nagar,Male,1979-10-30
EMP06410,Bhavya,Swaminathan,Female,1988-01-24
EMP06411,George,Kale,Female,1998-09-08
EMP06412,Fariq,Narasimhan,Male,1986-10-15
EMP06413,Gautam,Raval,Female,1991-02-27
EMP06414,Leela,Balan,Female,1998-10-18
EMP06415,Damyanti,Balasubramanian,Male,1982-11-18
EMP06416,Tejas,Chana,Male,1988-10-02
EMP06417,Imaran,Sehgal,Male,1981-06-02
EMP06418,Harshil,Nath,Male,1976-09-19
EMP06419,Kabir,Kant,Male,1978-08-17
EMP06420,Vyanjana,Sarraf,Male,1993-10-16
EMP06421,Udyati,Mani,Male,1999-05-31
EMP06422,Girish,Korpal,Female,1994-11-08
EMP06423,Farhan,Deol,Male,1985-08-18
EMP06424,Indali,Bahl,Male,1988-06-29
EMP06425,Ansh,Barman,Male,1983-04-24
EMP06426,Daksh,Chander,Female,1993-07-29
EMP06427,Charan,Bhalla,Female,1995-01-15
EMP06428,Raghav,Chand,Male,1997-04-19
EMP06429,Sarthak,Prakash,Male,1989-08-03
EMP06430,Vansha,Jha,Male,1980-11-08
EMP06431,Oliver,Gara,Male,1983-10-06
EMP06432,Ekani,Natt,Male,1967-07-29
EMP06433,Dhriti,Badal,Male,1985-04-28
EMP06434,Bhavani,Aurora,Male,1995-12-14
EMP06435,Naksh,Zacharia,Female,2002-08-08
EMP06436,Theodore,Palan,Male,1981-07-27
EMP06437,Samaksh,Baral,Male,1999-10-12
EMP06438,Nihal,Gopal,Male,1985-11-26
EMP06439,Adweta,Majumdar,Male,1987-11-24
EMP06440,Shravya,Kibe,Female,1994-04-25
EMP06441,Mekhala,Dhar,Male,1985-05-30
EMP06442,Anay,Som,Female,1989-04-20
EMP06443,Ekalinga,Srinivasan,Male,1992-06-24
EMP06444,Ridhi,Gokhale,Female,1987-10-08
EMP06445,Tripti,Modi,Male,1986-01-26
EMP06446,Daksh,Deshpande,Male,1968-01-04
EMP06447,Garima,Mann,Male,1995-08-21
EMP06448,Unnati,Hari,Male,1977-07-15
EMP06449,Raagini,Soman,Male,1992-10-03
EMP06450,Anjali,Hora,Male,1989-06-12
EMP06451,Parth,Lal,Female,1999-08-27
EMP06452,Damini,Narayan,Male,1986-06-27
EMP06453,Bimala,Varkey,Female,1989-02-21
EMP06454,Dipta,Sampath,Female,2000-09-08
EMP06455,Shivansh,Mukhopadhyay,Female,1984-01-06
EMP06456,Upkaar,Dua,Male,1979-04-07
EMP06457,Isaiah,Mistry,Male,1964-09-21
EMP06458,Robert,Sarna,Male,1995-04-27
EMP06459,Indrajit,Mitter,Male,1989-03-28
EMP06460,Forum,Sagar,Female,1998-04-24
EMP06461,Lakshit,Seth,Female,1997-09-28
EMP06462,Maanas,Vora,Female,1976-12-07
EMP06463,Upkaar,Garg,Male,1981-04-18
EMP06464,Aahana,Bhasin,Female,1968-02-17
EMP06465,Chatura,Sankaran,Male,1992-11-09
EMP06466,Indira,Kulkarni,Female,1987-04-25
EMP06467,Radha,Minhas,Female,1984-11-16
EMP06468,Daksha,Dutta,Male,1971-10-20
EMP06469,Krisha,Date,Female,1988-07-10
EMP06470,Finn,Aggarwal,Male,1990-11-07
EMP06471,Balhaar,Mannan,Male,1999-03-17
EMP06472,Vincent,Majumdar,Male,1984-11-10
EMP06473,Kashish,Chand,Female,1997-12-28
EMP06474,Chandran,Bala,Male,1978-01-22
EMP06475,Jalsa,Narayan,Female,1989-10-11
EMP06476,Teerth,Iyengar,Female,1990-01-12
EMP06477,Gayathri,Keer,Female,1987-09-08
EMP06478,Ekbal,Pall,Female,1991-12-13
EMP06479,Balhaar,Loke,Male,1979-04-10
EMP06480,Waida,Jain,Male,1993-06-17
EMP06481,Kamala,Patel,Male,1964-12-01
EMP06482,Damini,Shanker,Male,1996-08-12
EMP06483,Ekansh,Raja,Male,1989-12-24
EMP06484,Kevin,Uppal,Male,1992-09-27
EMP06485,Tanveer,Din,Male,1991-10-24
EMP06486,Ayush,Sangha,Male,1984-03-22
EMP06487,Samaksh,Mannan,Female,1995-04-10
EMP06488,Mohini,Chawla,Male,1978-11-11
EMP06489,Wridesh,Goswami,Female,1968-09-23
EMP06490,Imaran,Kanda,Female,1986-11-20
EMP06491,Chandresh,Arya,Male,1974-09-15
EMP06492,Neelima,Dutta,Male,1999-06-21
EMP06493,Vyanjana,Swamy,Female,1977-01-18
EMP06494,Ishanvi,Buch,Male,1991-02-09
EMP06495,Gaurang,Rana,Female,1982-05-06
EMP06496,Oviya,Pradhan,Male,1989-11-13
EMP06497,Harshil,Golla,Male,1987-05-18
EMP06498,Hemang,Venkataraman,Male,1977-06-16
EMP06499,Gopal,Morar,Male,1979-01-22
EMP06500,Gayathri,Gokhale,Male,1981-04-13
EMP06501,Janani,Kari,Male,1963-06-13
EMP06502,Udant,Roy,Male,1997-01-08
EMP06503,Yamini,Ramakrishnan,Male,1993-07-21
EMP06504,Aashi,Deol,Male,1997-04-10
EMP06505,Charvi,Deep,Male,2000-02-09
EMP06506,Triya,Lalla,Male,1984-07-11
EMP06507,Vinaya,Pandey,Female,1982-08-17
EMP06508,Ekapad,Patil,Female,1981-10-14
EMP06509,Azad,Nagy,Female,1990-12-19
EMP06510,Madhav,Mani,Male,1992-04-26
EMP06511,Krishna,Natt,Male,1976-01-16
EMP06512,Vihaan,Purohit,Male,1995-04-09
EMP06513,Maanav,Varkey,Female,1993-01-10
EMP06514,Upkaar,Mitra,Male,1986-08-27
EMP06515,Xiti,Mukhopadhyay,Male,1972-10-28
EMP06516,Harsh,Kohli,Male,1996-02-07
EMP06517,Triveni,Raj,Female,1968-11-05
EMP06518,Neel,Sabharwal,Male,1995-09-18
EMP06519,Nitara,Mammen,Male,1991-12-27
EMP06520,Jonathan,Golla,Female,1993-09-08
EMP06521,Banjeet,Chand,Female,1984-06-01
EMP06522,Andrew,Samra,Female,1993-11-13
EMP06523,Gagan,Bala,Female,1985-04-10
EMP06524,Jagdish,Sharaf,Female,1985-06-29
EMP06525,Advika,Dugal,Male,1984-03-11
EMP06526,Ronith,Kale,Male,1977-02-12
EMP06527,Pallavi,Sami,Male,1991-10-15
EMP06528,Rehaan,Sur,Male,1982-11-15
EMP06529,Ayush,Dixit,Male,1982-07-03
EMP06530,Rayaan,Kurian,Male,1984-11-06
EMP06531,Tara,Kade,Female,1983-05-24
EMP06532,Pahal,Khurana,Female,1975-04-03
EMP06533,Manbir,Chakrabarti,Male,1991-09-02
EMP06534,Zansi,Hayre,Female,1993-08-19
EMP06535,Sachi,Mani,Male,1987-07-15
EMP06536,Jalsa,Ghosh,Female,1988-05-05
EMP06537,Aarnav,Srinivasan,Female,1994-05-17
EMP06538,Mason,Dara,Female,1983-09-27
EMP06539,Siya,Dyal,Female,1993-02-18
EMP06540,Oni,Chada,Male,1995-02-06
EMP06541,Azaan,Handa,Female,1969-08-04
EMP06542,Mitesh,Agate,Male,2002-06-21
EMP06543,Girish,Dhar,Female,1998-08-25
EMP06544,Tanay,Pall,Male,2001-01-02
EMP06545,Anthony,Deol,Male,1989-11-11
EMP06546,Anita,Baria,Female,1986-01-28
EMP06547,Arjun,Pandey,Female,1990-02-10
EMP06548,Ria,Nazareth,Male,1988-05-07
EMP06549,Meghana,Nayar,Male,1996-04-18
EMP06550,Rayaan,Nagy,Male,1994-07-11
EMP06551,Hitesh,Anne,Female,1985-12-24
EMP06552,Frado,Kakar,Male,1982-12-27
EMP06553,Ishaan,Mannan,Male,1975-06-17
EMP06554,Bina,Batta,Male,1995-03-06
EMP06555,Vaishnavi,Bahri,Male,1981-10-12
EMP06556,Tanveer,Khatri,Male,1983-06-05
EMP06557,Urvi,Nagi,Male,1975-05-06
EMP06558,Xalak,Gandhi,Female,1985-10-20
EMP06559,Mekhala,Pradhan,Male,1986-11-15
EMP06560,Dipta,Toor,Male,1985-01-14
EMP06561,Agastya,Sastry,Female,1987-07-26
EMP06562,Vedika,Sankar,Male,1986-03-24
EMP06563,Qabil,Kothari,Female,1980-04-29
EMP06564,Saumya,Cherian,Male,1996-03-18
EMP06565,Ekta,Kar,Female,1988-12-28
EMP06566,Rajata,Deo,Male,1988-07-12
EMP06567,Gautami,Balay,Female,1995-07-04
EMP06568,Orinder,Nadig,Male,1978-08-01
EMP06569,Frado,Verma,Female,1998-07-31
EMP06570,Zansi,Ramesh,Female,1983-02-04
EMP06571,Victor,Nori,Male,1987-06-26
EMP06572,Jagdish,Ravel,Male,1992-12-08
EMP06573,Sachi,Agate,Female,1997-08-07
EMP06574,Matthew,Kari,Male,1984-09-24
EMP06575,Bhavya,Korpal,Female,1975-04-27
EMP06576,Utkarsh,Ram,Male,1997-10-03
EMP06577,Quincy,Hayer,Male,1978-10-06
EMP06578,Isha,Varkey,Male,1998-10-22
EMP06579,Edhitha,Madan,Male,1989-12-27
EMP06580,Diya,Bobal,Male,1990-08-23
EMP06581,Sara,Dhawan,Female,2000-07-20
EMP06582,Hema,Dass,Male,1992-02-10
EMP06583,Manbir,Anand,Female,1994-08-02
EMP06584,Jagdish,Varughese,Female,1990-06-28
EMP06585,Farhan,Pant,Female,1991-03-28
EMP06586,Vedhika,Lalla,Male,1978-01-15
EMP06587,Falan,Majumdar,Male,2002-02-18
EMP06588,Logan,Kadakia,Male,1979-11-07
EMP06589,Oviya,Ranganathan,Male,1988-01-16
EMP06590,Vamakshi,Chaudhry,Male,1990-02-07
EMP06591,Jalsa,Luthra,Male,1994-03-03
EMP06592,Ikshita,Bansal,Female,1986-03-13
EMP06593,Yahvi,Sidhu,Female,1986-11-09
EMP06594,Anusha,Sanghvi,Female,1976-01-27
EMP06595,Manan,Gala,Female,1983-05-25
EMP06596,Vamakshi,Sarraf,Female,1987-04-24
EMP06597,Wahab,Nigam,Female,1989-03-09
EMP06598,Bhavya,Peri,Male,1967-05-29
EMP06599,Ayaan,Bains,Female,1985-02-05
EMP06600,Amrita,Kapur,Female,1977-01-28
EMP06601,Mohini,Solanki,Female,1992-08-27
EMP06602,Yagnesh,Varty,Male,1984-04-30
EMP06603,Liam,Chada,Male,1984-05-09
EMP06604,Vrishti,Bala,Female,1966-08-06
EMP06605,Zansi,Nair,Male,1989-09-15
EMP06606,Vaishnavi,Zachariah,Female,1985-04-13
EMP06607,Agastya,Shankar,Male,1983-04-01
EMP06608,Kevin,Khare,Female,1994-02-14
EMP06609,Zansi,Mand,Female,1984-11-10
EMP06610,Tanay,Johal,Female,1992-11-11
EMP06611,Tara,Sethi,Female,1985-06-28
EMP06612,Isha,Chandran,Male,2001-08-17
EMP06613,Triveni,Sekhon,Female,1976-03-03
EMP06614,Siddharth,Mohanty,Female,1992-05-18
EMP06615,Vritti,Vasa,Male,1999-04-12
EMP06616,Tejas,Raman,Female,1968-11-19
EMP06617,Amrita,Bala,Male,1982-10-26
EMP06618,Benjamin,Dhingra,Male,1984-07-01
EMP06619,Sara,Mukhopadhyay,Male,1986-11-04
EMP06620,Vyanjana,Palla,Male,1989-04-21
EMP06621,Urvashi,Borde,Male,1982-02-03
EMP06622,Vansha,Gera,Male,1984-06-06
EMP06623,Ganga,Devi,Male,1981-12-26
EMP06624,Darsh,Johal,Female,1990-07-11
EMP06625,William,Dixit,Female,1994-05-07
EMP06626,Janani,Rajagopal,Male,1994-04-30
EMP06627,Warjas,Lall,Female,1989-10-01
EMP06628,Advik,Ghosh,Female,1985-01-19
EMP06629,Arin,Issac,Female,1990-03-21
EMP06630,Radha,Patla,Female,1981-01-22
EMP06631,Warhi,Dara,Male,1979-12-07
EMP06632,Dhruv,Kashyap,Female,1980-04-10
EMP06633,Manthan,Jhaveri,Male,1995-01-01
EMP06634,Manthan,Gade,Male,1994-08-02
EMP06635,Ekanta,Pant,Male,1999-07-14
EMP06636,Wishi,Narain,Male,1995-08-21
EMP06637,Pahal,Chanda,Female,1995-06-24
EMP06638,Omya,Hegde,Male,1985-01-22
EMP06639,Faris,Sule,Male,1994-01-13
EMP06640,Kala,Pillai,Female,2002-10-26
EMP06641,Bhavani,Bora,Female,1994-02-07
EMP06642,Girik,Palla,Female,1991-12-16
EMP06643,Guneet,Gera,Male,1983-09-06
EMP06644,Chanchal,Chopra,Female,1990-04-06
EMP06645,Jyoti,Sant,Female,1986-06-06
EMP06646,Raghav,Kala,Male,1974-10-09
EMP06647,Agastya,Cherian,Female,1985-01-11
EMP06648,Arya,Iyer,Female,1987-02-18
EMP06649,Vincent,Pandya,Female,1986-06-26
EMP06650,Vihaan,Sathe,Female,2000-05-13
EMP06651,Upadhriti,Basu,Female,1985-03-03
EMP06652,Christopher,Pathak,Female,1994-07-01
EMP06653,Siddharth,Nayak,Male,1978-12-14
EMP06654,Xalak,Saha,Female,1982-01-16
EMP06655,Keya,Sarna,Female,1987-08-08
EMP06656,Zehaan,Gade,Female,1992-10-20
EMP06657,Yachana,Maharaj,Male,1984-05-19
EMP06658,Arya,Sant,Female,1990-02-26
EMP06659,Samuel,Mammen,Female,2000-12-01
EMP06660,Varsha,Singh,Female,1988-03-14
EMP06661,Devansh,Karnik,Male,1987-09-21
EMP06662,Omaja,Lal,Male,1983-02-02
EMP06663,Yashasvi,Ravel,Male,1995-12-29
EMP06664,Hemal,Kannan,Male,1982-09-04
EMP06665,Om,Soman,Male,1979-01-24
EMP06666,Qabil,Sani,Female,1981-09-06
EMP06667,Veda,Kala,Male,1980-02-16
EMP06668,Gabriel,Yogi,Female,1984-03-02
EMP06669,Udyati,Sidhu,Male,1995-09-24
EMP06670,Sara,Ganguly,Female,1998-07-11
EMP06671,Bhavya,Balasubramanian,Male,1989-02-14
EMP06672,Bishakha,Rout,Female,1994-12-27
EMP06673,Aadi,Ravel,Female,2000-05-18
EMP06674,Tripti,Issac,Female,1987-01-07
EMP06675,Isha,Sangha,Female,1988-04-06
EMP06676,Janaki,Choudhry,Female,1978-04-02
EMP06677,Tanish,Khatri,Female,1994-02-03
EMP06678,Abhimanyu,Krishnan,Male,2000-09-07
EMP06679,Aarav,Prakash,Male,1987-05-12
EMP06680,Charles,Barman,Male,1989-10-07
EMP06681,Nandini,Naidu,Female,2000-05-02
EMP06682,Janya,Bhatia,Male,1993-01-28
EMP06683,Wriddhish,Misra,Male,1970-03-02
EMP06684,Oeshi,Vala,Female,1979-03-21
EMP06685,Nimrat,Pradhan,Male,1987-11-12
EMP06686,Dalaja,Bhavsar,Female,1981-12-16
EMP06687,Azaan,Bandi,Female,1991-05-09
EMP06688,Naveen,Mitra,Male,1988-01-16
EMP06689,Ayushman,Verma,Female,1994-05-10
EMP06690,Quincy,Dayal,Male,1984-08-08
EMP06691,Hemani,Srinivas,Female,1977-07-27
EMP06692,Nitesh,Thakur,Female,1982-08-21
EMP06693,Krisha,Prasad,Male,1991-11-22
EMP06694,Gopal,Nori,Male,1986-06-30
EMP06695,Faras,Sampath,Male,1970-11-11
EMP06696,Chaman,Dayal,Male,1992-02-22
EMP06697,Indira,Mand,Male,1994-04-12
EMP06698,Adweta,Bava,Male,1982-12-21
EMP06699,Timothy,Kuruvilla,Male,1995-12-13
EMP06700,Ronith,Subramanian,Male,1990-06-19
EMP06701,Maanav,Pandit,Male,1989-10-31
EMP06702,Yoshita,Balay,Male,1998-08-11
EMP06703,Arjun,Warrior,Female,1987-01-16
EMP06704,Kevin,Barad,Female,1994-07-02
EMP06705,Omkaar,Apte,Female,1991-06-13
EMP06706,Chandran,Vig,Female,1983-01-29
EMP06707,Om,Gopal,Female,1977-09-30
EMP06708,Maya,Bose,Male,1986-10-07
EMP06709,Harita,Puri,Male,1991-12-10
EMP06710,Kamya,Memon,Male,1982-03-03
EMP06711,Azaan,Kota,Male,1995-12-16
EMP06712,Ishaan,Raman,Female,1999-10-02
EMP06713,Kashvi,Bali,Female,1977-12-16
EMP06714,Arin,Gandhi,Female,1998-07-12
EMP06715,Christopher,Acharya,Female,1990-10-22
EMP06716,Baljiwan,Johal,Female,1990-01-26
EMP06717,Urvi,Kapadia,Female,1984-05-30
EMP06718,Abeer,Pillay,Female,1986-06-29
EMP06719,Kala,Krishnamurthy,Female,1972-08-05
EMP06720,Leena,Prakash,Male,1987-06-11
EMP06721,Omya,Sheth,Male,1999-02-19
EMP06722,Garima,Ramesh,Female,1989-07-24
EMP06723,Radhika,Chhabra,Male,1991-04-21
EMP06724,Chavvi,Keer,Female,1987-07-19
EMP06725,Ubika,Kurian,Female,1980-12-10
EMP06726,Kamala,Warrior,Female,1997-03-16
EMP06727,Aayush,Anand,Female,1990-02-17
EMP06728,Siddharth,Dash,Male,1978-04-09
EMP06729,Aarnav,Sahota,Female,1995-11-04
EMP06730,Ronith,Bhargava,Female,1986-09-26
EMP06731,Ikbal,Sabharwal,Male,1984-06-21
EMP06732,Bahadurjit,Thakkar,Male,1984-09-23
EMP06733,Vihaan,Pillai,Male,1984-11-24
EMP06734,Zayan,Suresh,Male,2001-10-18
EMP06735,Kamya,Chada,Female,1975-10-27
EMP06736,Eta,Tella,Female,1983-01-22
EMP06737,Rachana,Gill,Male,1986-08-24
EMP06738,Kiaan,Prakash,Female,1983-01-11
EMP06739,Mohammed,Bora,Female,1980-06-21
EMP06740,Saanvi,Dasgupta,Female,1982-06-28
EMP06741,Jhalak,Nori,Female,1987-10-08
EMP06742,Megha,Vig,Male,1991-03-18
EMP06743,Idika,Agarwal,Female,1988-05-26
EMP06744,Mitali,Bhattacharyya,Female,1990-04-02
EMP06745,Hema,Sachar,Male,1985-07-28
EMP06746,Dalbir,Shan,Male,1978-05-14
EMP06747,Maanav,Kala,Male,1995-06-03
EMP06748,Rohan,Sekhon,Male,1983-01-21
EMP06749,Praneel,Modi,Female,1991-08-31
EMP06750,Veda,Kunda,Female,1983-07-26
EMP06751,Falak,Sabharwal,Male,1999-08-17
EMP06752,Rudra,Dhawan,Male,1996-12-22
EMP06753,Yochana,Chakrabarti,Male,1982-02-21
EMP06754,Tanveer,Kala,Male,1986-10-12
EMP06755,Garima,Nagy,Female,1988-09-30
EMP06756,Unni,Tiwari,Male,1964-07-05
EMP06757,Frederick,Zachariah,Female,1984-07-22
EMP06758,Ranbir,Sankaran,Male,1992-04-21
EMP06759,Finn,Sandhu,Female,1994-07-12
EMP06760,Jonathan,Raju,Female,1976-06-24
EMP06761,Varsha,Aurora,Female,1971-09-15
EMP06762,Netra,Tata,Female,1982-09-28
EMP06763,Falguni,Borde,Male,1966-11-20
EMP06764,Balveer,Mahal,Male,1976-01-20
EMP06765,Rajata,Kumer,Male,1979-01-17
EMP06766,Vivaan,Magar,Male,1992-09-27
EMP06767,Eshana,Barman,Male,1985-01-29
EMP06768,Jonathan,Sodhi,Male,1988-03-23
EMP06769,Ladli,Sagar,Male,1984-05-05
EMP06770,Faqid,Soni,Male,1980-06-11
EMP06771,Urvashi,Borra,Male,1987-05-09
EMP06772,Eta,Chada,Male,1991-05-21
EMP06773,Aradhana,Acharya,Female,1971-09-27
EMP06774,Nidra,Sen,Male,1976-04-09
EMP06775,Zaitra,Gole,Male,1977-09-12
EMP06776,Noah,Grover,Female,1987-10-30
EMP06777,Ishita,Tara,Female,1974-04-10
EMP06778,Timothy,Lad,Male,1993-01-26
EMP06779,Dhruv,Suresh,Male,1990-03-22
EMP06780,Siddharth,Gaba,Male,1996-10-09
EMP06781,George,Shenoy,Female,1997-04-02
EMP06782,Aarnav,Madan,Male,2001-04-30
EMP06783,Rachita,Barad,Male,1999-06-18
EMP06784,William,Bandi,Male,1991-02-07
EMP06785,Qushi,Gaba,Female,1996-08-23
EMP06786,Hemangini,Mammen,Female,1994-02-06
EMP06787,Chakradhar,Naidu,Female,1991-10-11
EMP06788,Patrick,Bora,Male,1980-03-28
EMP06789,Amrita,Buch,Male,1986-06-05
EMP06790,Udant,Tailor,Male,1985-12-12
EMP06791,Teerth,Sundaram,Male,1986-09-01
EMP06792,Niharika,Kakar,Male,2000-11-25
EMP06793,Zinal,Rajagopalan,Female,2000-11-29
EMP06794,Tejas,Patel,Male,1992-11-17
EMP06795,Dipta,Thakur,Male,1986-11-22
EMP06796,Dalaja,Jayaraman,Female,1985-11-04
EMP06797,Frado,Dar,Male,1989-06-11
EMP06798,Baljiwan,Comar,Male,1980-05-31
EMP06799,Unnati,Mody,Female,1991-04-14
EMP06800,Praneel,Mallick,Male,1988-04-20
EMP06801,Januja,Comar,Male,1976-09-17
EMP06802,Urvi,Kibe,Male,1988-07-31
EMP06803,Ladli,Bali,Male,1990-08-12
EMP06804,Gabriel,Nayak,Male,1999-07-16
EMP06805,Dalaja,Uppal,Male,1992-01-07
EMP06806,William,Master,Male,1999-06-18
EMP06807,Akshay,Chandra,Female,1986-03-12
EMP06808,Sanaya,Sen,Male,1985-04-04
EMP06809,Anjali,Vasa,Female,1983-04-01
EMP06810,Riya,Chada,Male,1980-09-17
EMP06811,Praneel,Deshpande,Male,1984-06-03
EMP06812,Ekani,Nagarajan,Male,1982-12-30
EMP06813,Shravya,Kaul,Male,1982-08-20
EMP06814,Isha,Jayaraman,Male,1996-09-09
EMP06815,Peter,Dara,Male,1989-04-09
EMP06816,Gavin,Sekhon,Male,1992-04-10
EMP06817,Saksham,Ganguly,Male,1995-10-26
EMP06818,Ubika,Vohra,Female,2001-05-22
EMP06819,Sanya,Goyal,Male,1966-01-28
EMP06820,Triveni,Sani,Female,1980-11-19
EMP06821,George,Mutti,Female,1997-11-13
EMP06822,Kashvi,Misra,Male,1985-02-07
EMP06823,Dominic,Brar,Male,1993-03-01
EMP06824,Hema,Rajan,Male,1980-05-01
EMP06825,Isha,Mangat,Male,1989-07-25
EMP06826,Aryan,Edwin,Male,1993-12-04
EMP06827,Gavin,Lala,Male,1997-03-09
EMP06828,Charvi,Pradhan,Female,1991-05-31
EMP06829,Panini,Morar,Male,1996-12-10
EMP06830,Manbir,Panchal,Male,1975-09-26
EMP06831,Zarna,Butala,Female,1984-11-21
EMP06832,Nathaniel,Sen,Female,1996-11-10
EMP06833,Vasatika,Kala,Female,1986-03-05
EMP06834,Chaman,Kalita,Male,1986-03-11
EMP06835,Akshay,Sridhar,Male,1999-01-08
EMP06836,Patrick,Nair,Male,1988-10-09
EMP06837,Triveni,Kanda,Male,1989-09-15
EMP06838,Rehaan,Ahuja,Male,1983-11-26
EMP06839,Sai,Bumb,Female,1984-04-10
EMP06840,Hritik,Salvi,Female,1978-03-17
EMP06841,Dipta,Kashyap,Male,1980-01-15
EMP06842,Gaurika,Buch,Female,1982-08-02
EMP06843,Arya,Nadkarni,Male,1981-05-01
EMP06844,Hardik,Rajagopalan,Male,1979-08-05
EMP06845,Teerth,Jani,Female,1978-12-09
EMP06846,Frado,Yadav,Male,1990-06-08
EMP06847,Quincy,Gole,Female,1972-01-06
EMP06848,Amara,Sha,Male,1987-07-10
EMP06849,Logan,Desai,Male,1988-10-23
EMP06850,Dhriti,Dani,Male,1987-03-28
EMP06851,Jalsa,Sha,Female,1990-09-28
EMP06852,Zaid,Kara,Male,1980-12-15
EMP06853,Yashica,Golla,Female,1988-12-03
EMP06854,Pallavi,Salvi,Female,1998-02-08
EMP06855,Manbir,Dash,Male,1995-10-29
EMP06856,Sanya,Pingle,Male,1980-04-23
EMP06857,Anvi,Rai,Female,2000-08-06
EMP06858,Eshana,Mohan,Female,1999-05-29
EMP06859,Saumya,Buch,Male,1987-09-13
EMP06860,Wridesh,Kota,Male,2000-03-18
EMP06861,Harini,Dave,Female,1994-08-23
EMP06862,Jyoti,Lad,Female,1976-08-27
EMP06863,Zayyan,Master,Female,1984-02-14
EMP06864,Raksha,Mannan,Male,1991-03-12
EMP06865,Samarth,Datta,Female,2000-02-16
EMP06866,Yagnesh,Handa,Male,1991-10-13
EMP06867,Ayushman,Chana,Female,1984-12-15
EMP06868,Champak,Pathak,Female,1988-08-26
EMP06869,Nihal,Rama,Male,2001-09-11
EMP06870,Gabriel,Walia,Male,1989-01-31
EMP06871,Vansha,Ratti,Female,1970-03-15
EMP06872,Tanveer,Shetty,Male,1988-03-28
EMP06873,Atharv,Kurian,Female,1999-07-11
EMP06874,Bishakha,Kapadia,Female,1983-02-14
EMP06875,Oliver,Morar,Female,1989-01-09
EMP06876,Lakshit,Tiwari,Male,1993-02-03
EMP06877,Lakshmi,Merchant,Male,1986-11-27
EMP06878,Kashish,Mody,Female,1995-03-06
EMP06879,Janya,Dalal,Male,1999-05-06
EMP06880,Chandani,Mani,Male,1985-05-16
EMP06881,Alka,Garg,Male,1982-05-31
EMP06882,Aahana,Krishnan,Female,1982-02-13
EMP06883,Ishanvi,Sarraf,Male,1989-05-16
EMP06884,Isaiah,Lad,Female,1994-09-10
EMP06885,Hemangini,Chada,Male,1986-01-13
EMP06886,Devika,Bumb,Male,1983-09-02
EMP06887,Frado,Saraf,Female,1971-07-02
EMP06888,Sanaya,Kamdar,Male,1979-05-28
EMP06889,Mitesh,Hegde,Male,1965-11-17
EMP06890,Chanchal,Parsa,Female,1986-05-18
EMP06891,Indali,Boase,Male,1985-04-21
EMP06892,Hemangini,Sharaf,Female,1990-09-23
EMP06893,Deepa,Warrior,Male,1974-08-22
EMP06894,Viraj,Ramaswamy,Male,1993-01-10
EMP06895,Faris,Babu,Female,1982-09-30
EMP06896,Xiti,Devi,Female,1988-03-25
EMP06897,Frederick,Saxena,Female,1991-09-23
EMP06898,Aditya,Tiwari,Male,1989-07-18
EMP06899,Aarav,Prabhakar,Female,1989-09-18
EMP06900,Jasmit,Kapur,Male,1985-10-16
EMP06901,Radhika,Shenoy,Female,1989-05-02
EMP06902,Rachita,Soman,Female,1991-01-14
EMP06903,Jeevika,Palla,Female,1992-10-03
EMP06904,Kashish,Bandi,Male,1975-03-14
EMP06905,Vasudha,Chaudhry,Female,1990-11-26
EMP06906,Tara,Mukherjee,Male,1982-10-05
EMP06907,Bakhshi,Bhatnagar,Male,1985-11-06
EMP06908,Harita,Doctor,Male,1983-10-07
EMP06909,Chameli,Trivedi,Female,1982-01-24
EMP06910,Prisha,Anne,Female,1979-07-09
EMP06911,Ekanta,Mangal,Female,1988-10-08
EMP06912,Udyati,Sen,Female,1982-05-04
EMP06913,Laksh,Patel,Male,1961-09-06
EMP06914,Vedant,Narayan,Female,1991-09-29
EMP06915,Noah,Dalal,Male,1996-03-11
EMP06916,Yashasvi,Gaba,Female,1999-12-02
EMP06917,Ishanvi,Garg,Female,1982-02-16
EMP06918,Aadhya,Shah,Female,1978-10-18
EMP06919,George,Dasgupta,Female,1983-06-15
EMP06920,Krisha,Raj,Male,1983-02-25
EMP06921,Sneha,Bandi,Female,1987-03-31
EMP06922,Manbir,Mittal,Female,1984-04-22
EMP06923,Chasmum,Chad,Male,1986-10-30
EMP06924,Tarak,Uppal,Female,1992-05-04
EMP06925,Radhika,Mittal,Female,1991-02-16
EMP06926,Triveni,Sinha,Male,1990-12-06
EMP06927,Jasmit,Dara,Female,1987-07-11
EMP06928,Zaid,Kaul,Female,1989-06-19
EMP06929,Leena,Mand,Male,1973-04-06
EMP06930,Deepa,Chandra,Female,1985-03-21
EMP06931,Amol,Sanghvi,Male,1991-04-23
EMP06932,Chakradev,Sura,Male,1981-01-17
EMP06933,Omya,Contractor,Female,1978-02-06
EMP06934,Ayush,Murthy,Female,1991-06-19
EMP06935,Amara,Goda,Male,1978-07-04
EMP06936,Ranveer,Kalita,Female,1983-09-25
EMP06937,Manbir,Sachdev,Female,1978-05-31
EMP06938,Utkarsh,Nagar,Male,1975-02-17
EMP06939,Chaitanya,Arya,Female,2000-01-22
EMP06940,Ronith,Gupta,Male,1986-10-23
EMP06941,Zashil,Chander,Male,1964-02-11
EMP06942,Wriddhish,Krishnamurthy,Male,1992-05-25
EMP06943,Dhruv,Manda,Female,1994-05-19
EMP06944,Indrajit,Vig,Male,1988-12-01
EMP06945,Yashawini,Ghose,Female,1982-03-28
EMP06946,Aahana,Shan,Male,1994-01-08
EMP06947,Qushi,Chada,Male,1988-08-31
EMP06948,Omaja,Chawla,Male,1993-06-04
EMP06949,Idika,Manne,Male,1987-06-15
EMP06950,Shravya,Sachdeva,Female,1984-07-03
EMP06951,Pallavi,Savant,Female,1993-09-19
EMP06952,Orinder,Borra,Male,1979-03-27
EMP06953,Aahana,Borah,Female,1979-01-06
EMP06954,Kashish,Gera,Female,1991-11-24
EMP06955,Shivani,Narain,Male,1990-06-17
EMP06956,Falan,Sane,Female,1995-03-12
EMP06957,Kalpit,Baria,Female,1991-01-04
EMP06958,Darika,Bhatnagar,Female,1989-08-18
EMP06959,Mugdha,Thakur,Female,1983-11-22
EMP06960,Xiti,Borde,Female,1989-11-01
EMP06961,Shivansh,Bhasin,Female,1992-08-21
EMP06962,Rajata,Kuruvilla,Female,1986-09-25
EMP06963,Kamala,Menon,Male,1996-02-22
EMP06964,Nilima,Dayal,Female,1998-09-11
EMP06965,Caleb,Aurora,Male,1985-08-21
EMP06966,Oeshi,Baral,Male,1991-08-14
EMP06967,William,Ranganathan,Male,1982-12-08
EMP06968,Vansha,Kala,Female,1994-05-24
EMP06969,Dominic,Cherian,Male,1991-01-03
EMP06970,Charita,Apte,Female,1989-10-29
EMP06971,Qushi,Batta,Female,1992-03-23
EMP06972,Chandani,Kurian,Female,1987-01-28
EMP06973,Laksh,Biswas,Female,1983-08-10
EMP06974,Yatin,Randhawa,Female,1991-11-04
EMP06975,Aahana,Bali,Male,1979-03-07
EMP06976,Bhavini,Lalla,Female,1998-08-09
EMP06977,Januja,Balakrishnan,Female,1997-06-03
EMP06978,Girindra,Brar,Female,1987-05-23
EMP06979,Upasna,Mahal,Male,1986-08-26
EMP06980,Amol,Handa,Female,1992-08-26
EMP06981,Gauri,Barad,Female,1991-03-22
EMP06982,Veda,Kaur,Male,1999-09-06
EMP06983,Kritika,Edwin,Female,1996-04-15
EMP06984,Tristan,Chander,Male,1992-01-08
EMP06985,Mitesh,Nazareth,Female,1994-05-31
EMP06986,Ganga,Sarin,Male,1974-04-11
EMP06987,Yashawini,Hayre,Male,1988-04-11
EMP06988,Ekiya,Thaman,Female,2000-09-05
EMP06989,Lucky,Choudhary,Male,1981-04-04
EMP06990,Sanaya,Pandya,Female,1963-08-30
EMP06991,Rayaan,Mohan,Female,1986-10-16
EMP06992,Oviya,Shere,Female,1986-08-26
EMP06993,Yug,Sengupta,Female,1984-05-31
EMP06994,Watika,Venkataraman,Female,1977-02-22
EMP06995,Chavvi,Ahluwalia,Male,1975-03-01
EMP06996,Kritika,Kant,Male,1987-10-09
EMP06997,Radhika,Patil,Male,1982-09-04
EMP06998,Chandresh,Bail,Male,1996-06-23
EMP06999,Qarin,Varty,Male,1992-04-06
EMP07000,Odika,Talwar,Male,1994-11-28
EMP07001,Caleb,Deo,Female,1997-08-30
EMP07002,Upasna,Kadakia,Female,1985-02-07
EMP07003,Nimrat,Aggarwal,Male,1974-01-23
EMP07004,Frederick,Jhaveri,Male,1997-08-10
EMP07005,Pavani,Nagar,Female,1982-01-18
EMP07006,Nilima,Kala,Female,1984-08-23
EMP07007,Nidhi,Varughese,Male,1988-01-06
EMP07008,Unnati,Shere,Female,1983-05-01
EMP07009,Naksh,Singh,Female,1995-10-25
EMP07010,Omya,De,Male,1998-02-01
EMP07011,Yashvi,Kale,Female,1995-07-22
EMP07012,Bachittar,Barad,Male,1993-07-17
EMP07013,Samesh,Dhar,Male,1984-04-27
EMP07014,Neha,Munshi,Male,1985-02-10
EMP07015,Chandresh,Menon,Male,1982-03-15
EMP07016,Urmi,Parmar,Female,1985-12-09
EMP07017,Janani,Saha,Female,1985-06-03
EMP07018,Indira,Chawla,Male,1983-05-12
EMP07019,Jack,Jhaveri,Female,1977-01-16
EMP07020,Arunima,Rajagopalan,Male,1986-04-29
EMP07021,Darika,Mani,Male,1989-04-28
EMP07022,Yatin,Chaudhari,Female,1975-09-20
EMP07023,Oviya,Sahota,Male,1990-12-16
EMP07024,Wahab,Jha,Male,1990-03-05
EMP07025,Mekhala,Chandra,Female,1983-03-18
EMP07026,Bishakha,Bera,Female,1992-08-08
EMP07027,Jason,Kumer,Female,1997-11-25
EMP07028,Veda,Acharya,Female,1987-06-24
EMP07029,Vivaan,Narasimhan,Male,1979-04-18
EMP07030,Faqid,Swaminathan,Female,1987-04-23
EMP07031,Rehaan,Chaudhry,Female,1987-12-26
EMP07032,Kamya,Gala,Male,1982-12-15
EMP07033,Tanvi,Lata,Female,1995-06-03
EMP07034,Advay,Vig,Male,1990-02-27
EMP07035,Chaaya,Jaggi,Male,1998-07-06
EMP07036,Chavvi,Dhaliwal,Female,1992-08-12
EMP07037,Divya,Shah,Male,1991-02-27
EMP07038,Bakhshi,Chatterjee,Male,1978-09-08
EMP07039,Yashica,Date,Female,1985-02-18
EMP07040,Nisha,Agrawal,Male,1985-05-05
EMP07041,Aradhana,Borra,Female,1982-03-24
EMP07042,Meera,Prakash,Male,1994-06-30
EMP07043,Anmol,Bora,Female,1982-12-25
EMP07044,Yashodhara,Chada,Male,1988-10-24
EMP07045,Idika,Goswami,Female,1995-09-26
EMP07046,Sarthak,Goda,Female,1988-09-29
EMP07047,Aryan,Agarwal,Female,1963-12-29
EMP07048,Vihaan,Chanda,Male,1986-12-25
EMP07049,Eesha,Naidu,Male,2001-06-21
EMP07050,Pooja,Pant,Male,1991-11-18
EMP07051,Jagvi,Gopal,Female,1995-01-20
EMP07052,Yashvi,Puri,Male,1979-06-04
EMP07053,Urvashi,Dube,Male,1985-05-02
EMP07054,Aarush,Nagy,Male,1983-04-18
EMP07055,Aditya,Baria,Male,1962-02-16
EMP07056,Tanish,Kapur,Female,1986-12-09
EMP07057,Kabir,Sanghvi,Female,1977-11-15
EMP07058,Jack,Sama,Male,1977-04-23
EMP07059,Bahadurjit,Sheth,Male,1982-05-23
EMP07060,Noah,Taneja,Male,1993-08-07
EMP07061,Daniel,Goel,Male,1986-02-18
EMP07062,Riya,Chopra,Male,1998-03-03
EMP07063,Advika,Nazareth,Female,1994-09-27
EMP07064,Bimala,Mahajan,Female,1974-01-30
EMP07065,Anvi,Bali,Female,1976-11-08
EMP07066,Atharv,Jhaveri,Male,1980-07-18
EMP07067,Rachana,Lal,Female,2001-07-19
EMP07068,Zayan,Gill,Male,1987-09-22
EMP07069,Vincent,Buch,Female,1981-10-07
EMP07070,Eiravati,Char,Male,1986-07-10
EMP07071,Tara,Muni,Female,1992-06-27
EMP07072,Krish,Ravel,Female,1989-12-14
EMP07073,Brijesh,Bhatt,Male,1985-01-17
EMP07074,Vidhi,Devi,Male,1997-12-19
EMP07075,Warinder,Loke,Male,1988-11-29
EMP07076,Chatresh,Radhakrishnan,Male,1978-01-27
EMP07077,Wridesh,Bawa,Male,1988-08-24
EMP07078,Zaid,Vig,Male,1982-08-16
EMP07079,Zarna,Kurian,Female,1999-02-04
EMP07080,Bhavika,Manne,Male,1980-05-17
EMP07081,Nicholas,Bhat,Female,1983-03-10
EMP07082,Krishna,Grewal,Female,1978-10-12
EMP07083,Vrinda,Lall,Male,1996-05-11
EMP07084,George,Rege,Male,1997-07-04
EMP07085,Tanmayi,Hans,Female,1979-09-17
EMP07086,Nidhi,Ganesan,Male,1983-12-24
EMP07087,Yatan,Dubey,Female,1966-04-26
EMP07088,Patrick,Pingle,Male,1995-01-13
EMP07089,Unnati,Dutt,Male,1994-11-04
EMP07090,Riya,Lal,Female,1995-10-22
EMP07091,Sara,Chakrabarti,Female,1989-02-26
EMP07092,Sanaya,Naik,Male,1986-02-23
EMP07093,Chatura,Shere,Female,1963-05-03
EMP07094,Vanya,Baral,Female,1979-07-25
EMP07095,Panini,Halder,Male,1983-09-13
EMP07096,Gauri,Kar,Male,1991-04-14
EMP07097,Triveni,Bhandari,Female,1989-07-17
EMP07098,Riya,Bedi,Male,1979-03-14
EMP07099,Theodore,Dhaliwal,Female,1983-12-11
EMP07100,Christopher,Mallick,Female,1973-04-20
EMP07101,Frado,Palla,Female,1977-08-21
EMP07102,Tanvi,More,Male,1981-04-19
EMP07103,Anamika,Narasimhan,Female,1986-11-23
EMP07104,Chanakya,Nigam,Male,1993-06-15
EMP07105,Widisha,Bhasin,Female,1983-08-08
EMP07106,Avi,Mukherjee,Female,1969-10-18
EMP07107,Shravya,Randhawa,Female,1999-04-08
EMP07108,Kevin,Varma,Male,1999-10-09
EMP07109,Sneha,Chokshi,Female,1999-04-17
EMP07110,Nakul,Kurian,Female,2000-03-11
EMP07111,Geetika,Lalla,Male,1997-05-26
EMP07112,Dev,Sur,Female,1991-06-22
EMP07113,Saksham,Sunder,Female,1997-09-06
EMP07114,Osha,Gour,Male,2000-04-11
EMP07115,Kavya,Guha,Male,1992-10-21
EMP07116,Manthan,Tank,Female,1983-12-17
EMP07117,Chaitaly,Dave,Female,1984-07-27
EMP07118,Dipta,Chaudhry,Female,1998-11-19
EMP07119,Triveni,Mittal,Female,1988-09-10
EMP07120,Guneet,Warrior,Female,1990-05-10
EMP07121,Jagdish,Iyer,Male,1995-03-11
EMP07122,Manan,Setty,Female,1997-10-28
EMP07123,Frado,Bakshi,Female,1977-05-23
EMP07124,Jagvi,Rattan,Male,1979-07-20
EMP07125,George,Sankar,Male,1979-11-09
EMP07126,Avni,Dhillon,Male,1969-01-24
EMP07127,Upma,Butala,Male,1990-09-01
EMP07128,Kiaan,Dara,Male,1986-12-15
EMP07129,Gagan,Tank,Female,1982-09-13
EMP07130,Vanya,Bose,Male,1983-08-17
EMP07131,Jalsa,Kothari,Male,1988-08-30
EMP07132,Rajeshri,Kaur,Male,1981-06-01
EMP07133,Chakradhar,Dora,Female,1978-12-21
EMP07134,Tanveer,Master,Female,1980-03-19
EMP07135,Jyoti,Chandran,Female,1986-09-10
EMP07136,Aarna,Rao,Male,1975-07-20
EMP07137,Faqid,Mann,Female,1979-01-26
EMP07138,Qadim,Divan,Male,1986-05-25
EMP07139,Vasana,Singh,Female,1968-02-14
EMP07140,Fitan,Edwin,Female,1981-12-19
EMP07141,Edhitha,Subramanian,Male,1992-12-28
EMP07142,Caleb,Parsa,Female,1985-09-01
EMP07143,Divya,Oza,Female,1971-07-17
EMP07144,Ekansh,Mangal,Male,1982-07-09
EMP07145,Frado,Gokhale,Male,1978-05-06
EMP07146,Deepa,Shere,Female,1990-01-20
EMP07147,Lavanya,Das,Male,1976-08-09
EMP07148,Vedika,Madan,Male,1978-09-15
EMP07149,Kabir,Borra,Male,1968-04-04
EMP07150,Urishilla,Sankaran,Female,1997-08-18
EMP07151,Jalsa,Dass,Male,1982-06-05
EMP07152,Bachittar,Suri,Male,1979-11-22
EMP07153,Udant,Barad,Female,1979-09-02
EMP07154,Bina,Sankar,Female,1992-10-10
EMP07155,Karan,Biswas,Female,1976-04-06
EMP07156,Caleb,Baria,Female,1994-01-22
EMP07157,Hritik,Pradhan,Male,1968-11-23
EMP07158,Kabir,Lad,Female,1980-09-11
EMP07159,Logan,Bava,Female,1996-11-17
EMP07160,Dominic,Rout,Female,1985-11-17
EMP07161,Rajata,Konda,Female,1985-01-30
EMP07162,Keya,Yadav,Male,1984-11-15
EMP07163,Dev,Krishnamurthy,Male,1979-03-31
EMP07164,Rajeshri,Banerjee,Male,2001-11-14
EMP07165,Ronith,Madan,Female,1972-08-24
EMP07166,Darsh,Mall,Male,1986-04-20
EMP07167,Maanas,Kar,Male,1998-04-05
EMP07168,Vrinda,Loke,Female,1989-02-04
EMP07169,Hiral,Bala,Male,1991-09-13
EMP07170,Barkha,Doshi,Female,1995-06-06
EMP07171,Ishaan,Kothari,Female,1980-02-17
EMP07172,Aachal,Sami,Male,1995-03-16
EMP07173,Hredhaan,Sengupta,Female,1997-06-09
EMP07174,Chasmum,Chanda,Female,2000-04-18
EMP07175,Jhalak,Sani,Female,1975-01-31
EMP07176,David,Pingle,Female,1991-01-28
EMP07177,Jonathan,Sama,Male,1998-05-13
EMP07178,Ojas,Gupta,Male,1980-07-23
EMP07179,Jason,Chaudhry,Female,1976-10-22
EMP07180,Kashish,Malhotra,Male,1978-02-17
EMP07181,Nitara,Saran,Female,2000-07-22
EMP07182,Urishilla,Subramaniam,Male,1987-12-04
EMP07183,Hredhaan,Luthra,Male,1982-03-17
EMP07184,Nathan,Mody,Female,1970-01-15
EMP07185,Yug,Kala,Female,1989-12-06
EMP07186,Warinder,Sibal,Female,1996-06-17
EMP07187,Krishna,Barad,Female,1988-05-26
EMP07188,Aadi,Gola,Male,1995-07-06
EMP07189,Triya,Bala,Female,1983-03-19
EMP07190,Faraj,Batta,Male,1987-12-01
EMP07191,Chavvi,Setty,Male,1986-04-17
EMP07192,Jagvi,Parsa,Male,1983-06-19
EMP07193,Ishaan,Ramakrishnan,Female,1984-04-04
EMP07194,Samarth,Dhillon,Female,1972-09-13
EMP07195,Timothy,Sandhu,Female,1982-01-22
EMP07196,Ojas,Mahal,Female,1982-12-13
EMP07197,Yachana,Master,Female,1986-10-06
EMP07198,Guneet,Deshpande,Female,1987-02-25
EMP07199,Gavin,Rajan,Female,1988-06-30
EMP07200,Ekalinga,Lanka,Female,1978-01-12
EMP07201,Warhi,Chandra,Male,1984-01-09
EMP07202,Charita,Ram,Female,1998-02-09
EMP07203,Yug,Tata,Female,1976-01-18
EMP07204,Ayaan,Madan,Female,1987-12-10
EMP07205,Balendra,Garde,Female,1981-08-01
EMP07206,Eesha,Chaudhry,Female,1983-04-16
EMP07207,Ayushman,Nadkarni,Male,1984-04-26
EMP07208,Jalsa,Prashad,Male,1986-07-20
EMP07209,Ridhi,Walia,Male,1981-08-26
EMP07210,Viraj,Kumar,Male,1998-03-16
EMP07211,Azad,Nadkarni,Male,1971-07-28
EMP07212,Zaitra,Ranganathan,Female,1995-10-06
EMP07213,Bhavya,Goda,Male,1972-10-02
EMP07214,Hamsini,Devan,Female,1978-02-08
EMP07215,Ryan,Edwin,Male,1993-06-20
EMP07216,Ojas,Kala,Male,1988-02-16
EMP07217,Anmol,Sahni,Male,2002-11-03
EMP07218,Nakul,Vora,Male,1986-06-29
EMP07219,Dayita,Kumar,Female,1986-06-30
EMP07220,Ishwar,Dass,Female,1984-05-15
EMP07221,Unni,Maharaj,Male,1987-10-15
EMP07222,Lakshit,Kohli,Male,1994-06-02
EMP07223,Liam,Bumb,Female,1980-04-10
EMP07224,Ojasvi,Naik,Female,1992-08-01
EMP07225,Mason,Sagar,Male,1971-06-13
EMP07226,Naksh,Rana,Female,1991-03-30
EMP07227,Lavanya,Ravi,Female,1987-02-17
EMP07228,Krish,Narang,Male,1983-01-16
EMP07229,Harish,Gola,Male,1982-08-22
EMP07230,Agastya,Zacharia,Male,1980-07-04
EMP07231,Waida,Pillai,Male,1989-03-09
EMP07232,Wahab,Mani,Male,1988-06-17
EMP07233,Warjas,Yogi,Male,1992-12-21
EMP07234,Rudra,Thaman,Female,1983-01-13
EMP07235,Keya,Sem,Male,1994-04-01
EMP07236,Bhavya,Chadha,Male,1980-11-04
EMP07237,Jeet,Bawa,Female,1975-01-01
EMP07238,Meghana,Bhattacharyya,Female,1987-09-25
EMP07239,Siya,Walia,Male,1989-12-14
EMP07240,Lakshit,Tella,Female,1993-03-09
EMP07241,Leela,Sahota,Female,1992-08-01
EMP07242,Darpan,Iyer,Female,1974-08-29
EMP07243,Ucchal,Sekhon,Female,1997-12-02
EMP07244,Jagvi,Bawa,Female,1989-12-16
EMP07245,Liam,Patla,Male,1979-06-05
EMP07246,Chaitanya,Ratti,Male,1983-09-15
EMP07247,Matthew,Saha,Male,1995-09-08
EMP07248,Upadhriti,Kuruvilla,Female,1988-05-26
EMP07249,Caleb,Munshi,Male,1982-08-24
EMP07250,Sai,Master,Female,1989-06-03
EMP07251,Chaitaly,Mander,Male,1988-10-25
EMP07252,Aadi,Oommen,Female,1990-02-21
EMP07253,Teerth,Chhabra,Male,1992-12-18
EMP07254,Ijaya,Datta,Female,1989-06-19
EMP07255,Varsha,Kumer,Male,1985-02-02
EMP07256,Aradhana,Srinivasan,Male,1978-01-02
EMP07257,Ijaya,Prakash,Female,1976-05-19
EMP07258,Aahana,Karnik,Female,1966-08-08
EMP07259,Darsh,Kashyap,Male,1985-08-18
EMP07260,Xalak,Baral,Male,1999-05-28
EMP07261,Bhavini,Kohli,Female,1981-10-07
EMP07262,Abhiram,Chaudhuri,Female,1995-01-26
EMP07263,Bachittar,Sathe,Male,1987-04-19
EMP07264,Vamakshi,Arora,Female,1990-01-20
EMP07265,Jason,Chacko,Male,1962-03-30
EMP07266,Niharika,Andra,Male,1989-03-14
EMP07267,Laksh,Bath,Female,1983-05-14
EMP07268,Falak,Manne,Female,1986-11-05
EMP07269,Megha,Divan,Male,1993-08-15
EMP07270,Shaurya,Gopal,Female,1993-08-25
EMP07271,Alexander,Iyengar,Male,1983-10-13
EMP07272,Harish,Hans,Female,1999-07-02
EMP07273,Owen,Swamy,Female,1989-08-09
EMP07274,Yashvi,Sachdev,Male,1986-11-10
EMP07275,Ronith,Krish,Female,1979-11-13
EMP07276,Abdul,Bhalla,Female,1989-04-22
EMP07277,Isha,Dyal,Female,1989-03-10
EMP07278,Tanish,Thaman,Male,1993-10-15
EMP07279,Elijah,Krishnamurthy,Female,1988-09-05
EMP07280,Yachana,Murty,Female,2001-08-13
EMP07281,Saanvi,Issac,Female,1982-07-02
EMP07282,Rohan,Karan,Male,2002-12-20
EMP07283,Kai,Dhar,Female,1983-03-14
EMP07284,Nandini,Ravi,Male,1987-08-28
EMP07285,Zinal,Parikh,Male,1980-02-29
EMP07286,Jagat,Natarajan,Male,1987-10-29
EMP07287,Hritik,Trivedi,Male,1976-09-12
EMP07288,Chasmum,Bassi,Female,1981-07-04
EMP07289,Krisha,Krishnamurthy,Male,1983-08-22
EMP07290,Faraj,Sastry,Female,1991-01-02
EMP07291,Avni,Bir,Male,1990-11-29
EMP07292,Jagvi,Mannan,Male,1987-05-20
EMP07293,Kala,Sagar,Female,1994-09-01
EMP07294,Chandran,Bava,Male,1998-09-06
EMP07295,Robert,Sura,Male,1977-06-08
EMP07296,Laban,Sinha,Female,1980-12-11
EMP07297,Zaitra,Sangha,Female,1977-12-17
EMP07298,Andrew,Salvi,Female,1984-11-24
EMP07299,Gunbir,Kari,Female,1992-09-11
EMP07300,Timothy,Lad,Male,1989-10-05
EMP07301,Ethan,Raghavan,Male,1979-06-11
EMP07302,Abhiram,Verma,Male,1987-10-20
EMP07303,Indira,Kapur,Female,1990-05-21
EMP07304,Abeer,Char,Male,1981-05-26
EMP07305,Mugdha,Contractor,Male,1997-04-10
EMP07306,Bhavna,Mallick,Female,1997-07-21
EMP07307,Gunbir,Brar,Female,1974-10-03
EMP07308,Mahika,Sur,Female,1992-11-23
EMP07309,Bhavini,Dani,Male,1979-02-22
EMP07310,Samaksh,Rajan,Male,1981-12-18
EMP07311,Ekaraj,Badal,Male,1990-09-02
EMP07312,Wishi,Wable,Male,1986-02-24
EMP07313,Sudiksha,Chander,Female,1983-07-05
EMP07314,Ishanvi,Goyal,Male,1978-06-02
EMP07315,Upkaar,Venkataraman,Female,1992-11-11
EMP07316,Jai,Wagle,Female,1987-06-11
EMP07317,Gautam,Ghosh,Male,1987-10-05
EMP07318,Falak,Warrior,Male,1984-12-09
EMP07319,Bhavini,Mukherjee,Male,1972-07-30
EMP07320,Praneel,Rajagopal,Male,1981-12-21
EMP07321,Vedhika,Mistry,Female,1980-10-10
EMP07322,Ekta,Ramaswamy,Female,1984-05-15
EMP07323,Gaurika,Raman,Male,1993-04-18
EMP07324,Omkaar,Naik,Male,1979-11-05
EMP07325,Prisha,Nath,Female,1993-03-31
EMP07326,Saksham,Sekhon,Male,1990-04-08
EMP07327,Ojas,Tella,Female,1984-08-30
EMP07328,Alka,Acharya,Female,1993-08-08
EMP07329,Sudiksha,Mahajan,Male,1980-12-05
EMP07330,Warda,Sridhar,Female,1999-03-06
EMP07331,Mahika,Kamdar,Male,1985-01-03
EMP07332,Chatresh,Bobal,Female,1992-09-10
EMP07333,Chakradhar,Balay,Male,1990-12-13
EMP07334,Kevin,Ramachandran,Female,1990-08-08
EMP07335,Yug,Bora,Male,1996-08-26
EMP07336,Nakul,Prabhu,Male,1983-01-06
EMP07337,Teerth,Varty,Female,1983-12-01
EMP07338,Aditya,Bedi,Female,1999-07-31
EMP07339,Chasmum,Wadhwa,Male,1999-06-30
EMP07340,Manbir,Kapur,Female,1989-03-19
EMP07341,Yashica,Sekhon,Female,1978-08-26
EMP07342,Ayaan,Patla,Male,1985-06-06
EMP07343,Tanish,Samra,Female,1969-09-04
EMP07344,Kavya,Kapadia,Female,1986-04-30
EMP07345,Hemangini,Iyengar,Male,1988-10-31
EMP07346,Vritti,Deep,Female,1973-12-30
EMP07347,Matthew,Malhotra,Male,1984-05-03
EMP07348,Yatan,Shan,Male,1980-02-05
EMP07349,Bahadurjit,Bandi,Male,1975-07-08
EMP07350,Ryan,Raj,Male,1983-05-22
EMP07351,Ira,Andra,Male,1981-04-22
EMP07352,Priya,Babu,Male,1989-10-11
EMP07353,Ishani,Chad,Male,1990-08-10
EMP07354,Girik,Menon,Male,1990-12-21
EMP07355,Rachit,Setty,Female,1993-12-15
EMP07356,Aashi,Rao,Male,1993-03-05
EMP07357,Yutika,Pandit,Male,1975-10-24
EMP07358,Gauri,Nagy,Male,1993-03-01
EMP07359,Sanaya,Chhabra,Male,1987-07-29
EMP07360,Bina,Saxena,Female,1985-01-26
EMP07361,Dayita,Ahluwalia,Male,1977-07-14
EMP07362,Yadavi,Konda,Male,1985-02-05
EMP07363,Yasti,Som,Female,1999-06-20
EMP07364,Parth,Choudhry,Female,1984-10-01
EMP07365,Dayamai,Deep,Male,1999-03-30
EMP07366,Kavya,Seth,Male,1987-04-19
EMP07367,Pushti,Varughese,Female,1987-01-04
EMP07368,Adweta,Dugal,Male,1990-01-18
EMP07369,Veer,Samra,Female,1991-04-23
EMP07370,Chameli,Buch,Female,1981-02-27
EMP07371,Aarna,Mohanty,Female,1983-09-14
EMP07372,Panini,Uppal,Male,1980-02-09
EMP07373,Tristan,Bobal,Male,1994-03-06
EMP07374,Panini,Varkey,Female,1998-03-23
EMP07375,Ayushman,Sha,Male,1986-10-31
EMP07376,Januja,Chhabra,Male,1987-08-26
EMP07377,Owen,Sami,Female,1970-08-07
EMP07378,Parth,Mann,Female,1988-11-20
EMP07379,Azaan,Parsa,Male,1994-08-29
EMP07380,Sathvik,Ganguly,Female,1998-08-29
EMP07381,Umang,Sharaf,Female,1977-12-21
EMP07382,Dayamai,Chanda,Female,1983-05-01
EMP07383,Idika,Hayer,Female,1982-05-11
EMP07384,Pratyush,Modi,Female,1963-05-14
EMP07385,Balvan,Malhotra,Female,1988-06-16
EMP07386,Bhavna,Edwin,Male,1992-12-25
EMP07387,Elijah,Patla,Male,1992-12-26
EMP07388,Rachit,Gokhale,Male,1964-12-12
EMP07389,Ira,Sharaf,Male,1974-07-12
EMP07390,Nitara,Brar,Male,1987-04-13
EMP07391,Chavvi,Dhaliwal,Female,1975-08-31
EMP07392,Chaaya,Samra,Male,1984-03-10
EMP07393,Aishani,Sandal,Female,1980-07-20
EMP07394,Saumya,Tara,Female,1988-04-24
EMP07395,Harrison,Sarin,Male,1995-06-18
EMP07396,Charles,Agrawal,Female,1988-07-08
EMP07397,Ayaan,Jayaraman,Female,1990-05-19
EMP07398,Pranit,Gupta,Male,1971-08-23
EMP07399,Nidra,Kanda,Male,1982-09-08
EMP07400,Isaac,Gopal,Male,1991-05-16
EMP07401,Lohit,Mutti,Female,1979-03-25
EMP07402,Chandresh,Comar,Male,1982-05-20
EMP07403,Balendra,Jain,Male,1989-03-24
EMP07404,Viraj,Patel,Female,1990-01-13
EMP07405,Oviya,Ramanathan,Female,1967-07-03
EMP07406,Daksh,Sawhney,Male,2000-07-06
EMP07407,Kai,Majumdar,Female,1996-04-01
EMP07408,Ranbir,Jaggi,Male,1996-08-12
EMP07409,Tanmayi,Andra,Male,2002-12-24
EMP07410,Chanchal,Walla,Male,1988-10-26
EMP07411,Raghav,Brahmbhatt,Female,1981-10-26
EMP07412,Mitesh,Memon,Male,1989-10-01
EMP07413,Yatin,Goyal,Female,1982-06-20
EMP07414,Suhani,Thakur,Male,1979-03-04
EMP07415,Zehaan,Chahal,Male,1990-05-29
EMP07416,Daksha,Golla,Female,1982-10-23
EMP07417,Kashvi,Walia,Female,1989-06-20
EMP07418,Ekaja,Nazareth,Female,1985-09-03
EMP07419,Jagat,Srinivasan,Female,1981-05-30
EMP07420,Robert,Mane,Female,1976-11-01
EMP07421,Sai,Narayan,Male,1985-09-10
EMP07422,Mason,Basu,Female,1994-01-02
EMP07423,Hredhaan,Balay,Female,1982-07-02
EMP07424,Samar,Kaur,Female,1985-11-14
EMP07425,Vamakshi,Saraf,Female,1987-02-07
EMP07426,Ubika,Sunder,Male,1989-06-29
EMP07427,Avni,Rau,Male,1985-02-28
EMP07428,Amaira,Deep,Female,1987-03-02
EMP07429,Eesha,Chauhan,Male,1993-01-24
EMP07430,Ayush,Badal,Female,1982-06-17
EMP07431,Leena,Bajwa,Male,1991-06-03
EMP07432,Jagrati,Mukhopadhyay,Male,1969-11-26
EMP07433,Kai,Dayal,Male,1986-02-14
EMP07434,Balhaar,Radhakrishnan,Male,1993-12-14
EMP07435,Pranav,Bandi,Male,1997-06-17
EMP07436,Advay,Pillai,Female,1991-07-22
EMP07437,Chandani,Narula,Male,1975-03-13
EMP07438,Parth,Sharma,Male,1991-10-11
EMP07439,Indali,Deep,Male,1994-07-30
EMP07440,Qushi,Sarna,Male,1987-06-28
EMP07441,Aarini,Karnik,Female,1995-03-29
EMP07442,Siddharth,Soni,Female,1998-02-18
EMP07443,Adya,Hora,Female,1988-04-24
EMP07444,Hredhaan,Warrior,Male,1967-05-19
EMP07445,Yashodhara,Das,Female,2000-07-24
EMP07446,Januja,Bhatia,Female,1985-12-24
EMP07447,Baljiwan,Sant,Male,1983-06-02
EMP07448,Udarsh,Tank,Female,1994-09-27
EMP07449,Atharv,Chaudhari,Male,1992-12-13
EMP07450,Kashish,Sundaram,Male,1989-05-11
EMP07451,Chasmum,Anne,Female,1995-05-09
EMP07452,Tristan,Grover,Female,1995-08-07
EMP07453,Akshay,Singh,Male,1993-11-21
EMP07454,Ira,Taneja,Male,1974-07-06
EMP07455,Falguni,Iyer,Male,1987-01-12
EMP07456,Parth,Dey,Female,2001-01-30
EMP07457,Odika,Kapadia,Male,1997-07-18
EMP07458,Caleb,Pandit,Female,1984-04-01
EMP07459,Watika,Hayer,Male,1979-01-18
EMP07460,Rishi,Barad,Female,1996-10-25
EMP07461,Harish,Goel,Female,1972-09-21
EMP07462,Jeet,Kunda,Male,1985-10-06
EMP07463,Pallavi,Tara,Male,1979-05-17
EMP07464,Harini,Ratti,Male,1979-06-19
EMP07465,Gavin,Vora,Female,1994-01-06
EMP07466,Vyanjana,Tank,Female,1991-07-13
EMP07467,Nicholas,Bhatti,Male,1983-07-12
EMP07468,Manan,Oak,Female,1980-01-19
EMP07469,Quincy,Doctor,Male,1984-09-20
EMP07470,Lajita,Muni,Male,1990-04-25
EMP07471,Darsh,Malhotra,Female,1997-12-21
EMP07472,Baljiwan,Choudhary,Male,1994-05-24
EMP07473,Kashvi,Palla,Male,1995-11-28
EMP07474,Hamsini,Dayal,Male,1989-06-11
EMP07475,Vincent,Lal,Male,1988-09-25
EMP07476,Upma,Barman,Male,1986-11-16
EMP07477,Zayyan,Raval,Female,1987-10-12
EMP07478,Girik,Boase,Female,1991-07-20
EMP07479,Rishi,Mallick,Female,1998-12-06
EMP07480,Qadim,Sheth,Female,1984-10-25
EMP07481,Kashvi,Kaul,Male,1995-10-12
EMP07482,Reyansh,Keer,Male,1989-12-14
EMP07483,Zinal,Atwal,Male,1994-06-10
EMP07484,Warda,Dewan,Male,1995-05-10
EMP07485,Rachita,Chaudhary,Female,2000-06-21
EMP07486,Thomas,Sunder,Male,1996-11-11
EMP07487,Lekha,Tak,Male,2000-03-29
EMP07488,Amara,Madan,Female,1979-11-14
EMP07489,Madhavi,Sabharwal,Female,1982-10-23
EMP07490,Darika,Patla,Female,1997-02-07
EMP07491,Vasatika,Singh,Female,1993-04-17
EMP07492,Forum,Gera,Male,1988-12-01
EMP07493,Yasti,Oommen,Female,1989-04-29
EMP07494,Lajita,Mishra,Female,1997-09-23
EMP07495,Hredhaan,Rana,Male,1997-08-15
EMP07496,Hema,Kaul,Male,1987-03-16
EMP07497,Zayyan,Sami,Female,1981-08-18
EMP07498,Jai,Dani,Female,1979-11-22
EMP07499,Chanakya,Kant,Female,1991-12-13
EMP07500,Balendra,Date,Female,1975-11-22
EMP07501,Alka,Aurora,Male,1986-06-13
EMP07502,Champak,Pandya,Female,1982-05-18
EMP07503,Anirudh,Bansal,Female,1974-11-15
EMP07504,Deepa,Doctor,Male,1987-03-07
EMP07505,Chaitanya,Karan,Male,1988-01-14
EMP07506,Nidhi,Kakar,Female,1981-04-24
EMP07507,Ayushman,Thaker,Female,1984-02-04
EMP07508,Faris,Bath,Male,1979-10-11
EMP07509,Quincy,Kibe,Male,1987-08-09
EMP07510,Warinder,Sule,Male,1983-07-21
EMP07511,Balveer,Walia,Male,1989-10-17
EMP07512,Harinakshi,Warrior,Male,1986-04-20
EMP07513,Ishwar,Patla,Female,1989-10-09
EMP07514,Leela,Batra,Male,2000-04-25
EMP07515,Osha,Dutt,Female,1998-01-06
EMP07516,Jalsa,Kunda,Female,1968-07-30
EMP07517,Gayathri,Ratta,Male,1986-08-25
EMP07518,Bakhshi,Murthy,Female,1987-05-12
EMP07519,Sudiksha,Ramachandran,Female,1997-10-15
EMP07520,Warjas,Joshi,Male,1972-03-24
EMP07521,Watika,Bhat,Male,1985-05-24
EMP07522,Kevin,Puri,Male,1981-09-03
EMP07523,Vedant,Sen,Female,1992-05-20
EMP07524,Caleb,Deo,Female,1984-05-01
EMP07525,Kavya,Roy,Female,1995-11-22
EMP07526,Lipika,Singhal,Male,1981-05-05
EMP07527,Yauvani,Uppal,Male,1987-02-21
EMP07528,Arunima,Madan,Female,1981-05-14
EMP07529,Triveni,Jaggi,Female,1990-06-23
EMP07530,Charvi,Purohit,Female,1989-08-18
EMP07531,Sneha,Jain,Female,1997-06-24
EMP07532,Eesha,Parmar,Female,1981-11-29
EMP07533,Harshil,Lala,Male,1999-04-28
EMP07534,Rachana,Garde,Female,1990-03-20
EMP07535,Caleb,Tiwari,Male,1989-11-07
EMP07536,Fitan,Mane,Male,1987-01-08
EMP07537,Manbir,Halder,Male,1989-06-18
EMP07538,Nimrat,Tara,Male,1963-07-27
EMP07539,Chakradev,Suri,Female,1984-10-28
EMP07540,Madhav,Sane,Male,1998-05-15
EMP07541,Gaurika,Patla,Female,1985-07-03
EMP07542,Vrishti,Bhatnagar,Male,1994-06-16
EMP07543,Yashica,Sethi,Male,1992-04-03
EMP07544,Lavanya,Modi,Male,1996-01-31
EMP07545,Yagnesh,Chauhan,Female,1987-12-14
EMP07546,Ekbal,Murthy,Female,1984-08-15
EMP07547,Saumya,Rattan,Male,1999-09-08
EMP07548,Pahal,Chahal,Male,1983-03-05
EMP07549,Veda,Sankaran,Male,1987-09-11
EMP07550,Ria,Nanda,Female,1992-11-23
EMP07551,Pranit,Mander,Female,1988-09-09
EMP07552,Turvi,Naik,Female,1982-06-25
EMP07553,Pratyush,Dube,Male,1968-11-02
EMP07554,David,Choudhary,Male,1978-04-10
EMP07555,Vinaya,Pillai,Female,1986-01-22
EMP07556,Manthan,Bhandari,Female,1988-06-24
EMP07557,Balvan,Date,Male,1981-02-21
EMP07558,Irya,Sule,Female,2001-11-21
EMP07559,Ranveer,Nagarajan,Female,1995-08-29
EMP07560,Sachi,Prashad,Male,1992-01-30
EMP07561,Simon,Sidhu,Male,1986-02-23
EMP07562,Madhavi,Natt,Female,1986-12-30
EMP07563,Sneha,Patil,Male,1997-09-11
EMP07564,Jack,Uppal,Male,1998-11-16
EMP07565,Tripti,Sandal,Female,1981-10-01
EMP07566,Shivansh,Mandal,Female,1991-01-23
EMP07567,Viraj,Sani,Male,1972-06-04
EMP07568,Vamakshi,Deo,Male,1991-11-26
EMP07569,Neelima,Kohli,Male,1988-04-28
EMP07570,Eiravati,Narain,Female,1998-01-22
EMP07571,Michael,Mahajan,Male,1983-06-23
EMP07572,Barkha,Mutti,Male,1994-03-26
EMP07573,Bakhshi,Narula,Male,1976-07-29
EMP07574,Zayan,Mallick,Male,1991-12-18
EMP07575,Krisha,Kar,Male,1979-11-22
EMP07576,Dakshesh,Palla,Male,1990-04-24
EMP07577,Bhavika,Dhar,Female,1985-01-03
EMP07578,Kai,Varma,Male,1999-03-01
EMP07579,Udant,Karpe,Male,1994-09-25
EMP07580,Yashodhara,Sengupta,Female,1999-11-06
EMP07581,Varenya,Karnik,Male,1989-10-27
EMP07582,Hemangini,Ratti,Male,1982-12-06
EMP07583,Eta,Bali,Male,1977-08-04
EMP07584,Lohit,Narula,Male,1982-07-29
EMP07585,Balhaar,Oommen,Male,1987-12-26
EMP07586,Ridhi,Natarajan,Female,1996-06-09
EMP07587,Rishi,Pandey,Male,1990-05-25
EMP07588,Kashish,Bava,Male,1978-07-29
EMP07589,Yuvraj,Parikh,Male,1966-08-28
EMP07590,Dalaja,Choudhry,Male,1990-02-18
EMP07591,Xalak,Lata,Male,1991-04-13
EMP07592,Tanveer,Bhasin,Female,1964-11-11
EMP07593,Ekta,Ganesan,Female,1980-08-06
EMP07594,Nidhi,Kumer,Female,1982-04-06
EMP07595,Damyanti,Lanka,Male,1974-02-11
EMP07596,Vihaan,Chawla,Male,1982-08-26
EMP07597,Triya,Sarna,Male,1989-05-08
EMP07598,Nitara,Shah,Female,1990-06-13
EMP07599,Vansha,Bal,Female,1991-11-16
EMP07600,Unnati,Pathak,Female,1995-10-05
EMP07601,Pratyush,Mutti,Male,1968-07-15
EMP07602,Falguni,Singhal,Male,1977-04-27
EMP07603,Yashodhara,Bora,Male,1981-09-29
EMP07604,Maanav,Tank,Male,1980-07-08
EMP07605,Advay,Chakrabarti,Male,1989-06-27
EMP07606,Zayan,Dugar,Male,1993-02-04
EMP07607,Guneet,Lall,Female,1987-10-06
EMP07608,Chandani,Nagi,Male,1966-01-20
EMP07609,Tara,Gokhale,Female,1977-11-26
EMP07610,Quincy,Munshi,Male,1997-04-26
EMP07611,Dhriti,Sur,Female,1976-01-04
EMP07612,Aashi,Dyal,Female,1980-06-28
EMP07613,Dayita,Shere,Male,2001-11-30
EMP07614,Triveni,Gera,Male,1986-07-30
EMP07615,Darsh,Peri,Male,1982-06-06
EMP07616,Ekanta,Andra,Female,1982-02-06
EMP07617,Wahab,Garg,Male,1985-04-28
EMP07618,Warjas,Gola,Male,1995-04-11
EMP07619,Qabil,Kohli,Male,1985-02-28
EMP07620,Gunbir,Shukla,Female,1994-11-24
EMP07621,Omkaar,Manda,Female,1997-05-10
EMP07622,Gaurav,Tata,Male,1991-07-23
EMP07623,Utkarsh,Nagi,Male,1985-08-23
EMP07624,Faraj,Prashad,Male,1989-04-12
EMP07625,Bimala,Varughese,Female,2002-06-04
EMP07626,Urishilla,Thakur,Female,1973-11-06
EMP07627,Theodore,Bhattacharyya,Male,1997-01-09
EMP07628,Kevin,Natarajan,Female,1995-07-05
EMP07629,Gaurav,Sarma,Male,1982-09-14
EMP07630,Ira,Prasad,Male,2000-09-12
EMP07631,Abdul,Garde,Male,1995-06-14
EMP07632,Zansi,Sant,Female,1985-05-31
EMP07633,Udarsh,Varughese,Male,1983-11-06
EMP07634,Joshua,Gola,Male,1976-04-04
EMP07635,Chaman,Chaudhry,Female,1991-01-10
EMP07636,Inaya,Bains,Male,1984-04-18
EMP07637,Samar,Dash,Male,1984-10-19
EMP07638,Gaurav,Kalla,Male,1989-01-09
EMP07639,Xiti,Suri,Male,1998-01-13
EMP07640,Ekapad,Wadhwa,Male,1980-08-26
EMP07641,Adweta,Vala,Male,1990-11-02
EMP07642,Hamsini,Bobal,Male,1988-12-24
EMP07643,Faras,Bali,Male,1986-10-20
EMP07644,Naksh,Ahluwalia,Male,1984-06-17
EMP07645,Chakradhar,Gupta,Male,1985-06-19
EMP07646,Hema,Tata,Male,1964-07-17
EMP07647,Siya,Dhaliwal,Female,1986-01-23
EMP07648,Pranav,Tank,Female,1998-12-10
EMP07649,Baghyawati,Kakar,Female,1989-05-28
EMP07650,Omkaar,Tripathi,Female,1972-08-30
EMP07651,Tristan,Oak,Female,1999-04-07
EMP07652,Jasmit,Yadav,Female,1993-04-01
EMP07653,Luke,Kale,Male,1965-06-14
EMP07654,Ojasvi,Behl,Male,1992-06-08
EMP07655,Ubika,Pant,Female,2002-08-29
EMP07656,Balveer,Bajwa,Male,1993-06-22
EMP07657,Anmol,Chand,Male,1993-03-31
EMP07658,Anika,Shukla,Female,1985-01-06
EMP07659,Tara,Tripathi,Male,1990-12-10
EMP07660,Rayaan,Johal,Male,1979-09-02
EMP07661,Jasmit,Dua,Female,1992-10-09
EMP07662,Aayush,Koshy,Female,1995-09-18
EMP07663,Ganga,Sama,Female,1986-12-29
EMP07664,Advaith,Dugal,Female,1994-04-27
EMP07665,Bimala,Aggarwal,Female,1986-05-31
EMP07666,Chaitaly,Mani,Female,1965-08-09
EMP07667,Devika,Arya,Male,1995-05-21
EMP07668,Adya,Vohra,Female,1974-09-15
EMP07669,Eshana,Bobal,Male,1986-08-18
EMP07670,Wahab,Sastry,Female,1987-04-02
EMP07671,Manan,Deol,Female,1982-01-19
EMP07672,Neelima,Rau,Female,1976-11-23
EMP07673,Ijaya,Aurora,Female,1973-09-11
EMP07674,Gautami,Rai,Male,1999-06-08
EMP07675,Vrinda,Dora,Male,1990-12-01
EMP07676,Mohini,Bhargava,Female,1979-05-03
EMP07677,Isaiah,Chad,Male,1987-04-11
EMP07678,Mohammed,Sarna,Female,1983-08-24
EMP07679,Darsh,Hans,Male,1986-04-10
EMP07680,Raghav,Divan,Female,1982-05-15
EMP07681,Ranbir,Gala,Female,1987-08-02
EMP07682,Ojas,Dhingra,Female,1981-03-07
EMP07683,George,Viswanathan,Male,1993-09-30
EMP07684,Chavvi,Sarin,Female,1995-04-04
EMP07685,Charvi,Shroff,Female,1979-05-27
EMP07686,Alka,Ahuja,Male,1993-06-01
EMP07687,Janaki,Sinha,Male,1984-02-15
EMP07688,Ojasvi,Deshmukh,Male,1990-12-30
EMP07689,Tristan,Varma,Female,1987-08-25
EMP07690,Chaman,Kaur,Female,1994-02-01
EMP07691,Mekhala,Wadhwa,Female,1981-11-25
EMP07692,Ekalinga,Lad,Male,1982-10-02
EMP07693,Quincy,Kurian,Female,1978-03-27
EMP07694,Aradhana,Chauhan,Male,1982-02-26
EMP07695,Samaksh,Sood,Male,1985-05-12
EMP07696,Chanchal,Sant,Female,1970-04-11
EMP07697,Omisha,Shah,Female,2000-10-03
EMP07698,Anmol,Dua,Male,1991-01-25
EMP07699,Manan,Dada,Male,1992-12-02
EMP07700,Yachana,Bhagat,Male,1986-03-11
EMP07701,William,Karan,Male,1990-08-05
EMP07702,Henry,Dhaliwal,Male,1999-01-11
EMP07703,Logan,Ravi,Female,1985-11-09
EMP07704,Azaan,Sarkar,Female,1999-01-01
EMP07705,Upadhriti,Balay,Female,1998-08-06
EMP07706,Nimrat,More,Male,1978-09-11
EMP07707,Irya,Shan,Male,1996-02-18
EMP07708,Yochana,Sarin,Female,1999-10-21
EMP07709,Adweta,Bahri,Female,1989-03-10
EMP07710,Arunima,Nath,Male,1995-04-09
EMP07711,Bahadurjit,Hayer,Male,1979-01-17
EMP07712,Tarak,Date,Male,1988-07-12
EMP07713,Xavier,Dugar,Female,1987-05-02
EMP07714,Nitesh,Sehgal,Male,1969-03-10
EMP07715,Samesh,Tella,Female,1995-12-13
EMP07716,Yagnesh,Mangal,Female,1985-08-13
EMP07717,Qushi,Tank,Female,1995-11-26
EMP07718,Mahika,Pingle,Female,1985-12-17
EMP07719,Chandani,Palan,Female,1990-05-28
EMP07720,Ranveer,Grover,Male,1992-10-04
EMP07721,Shaurya,Sangha,Male,1984-05-27
EMP07722,Christopher,Deshmukh,Male,1974-07-08
EMP07723,Ganga,Goel,Male,1974-03-15
EMP07724,Kamya,Ganesan,Female,1980-08-17
EMP07725,Vivaan,Mannan,Male,1988-10-20
EMP07726,Nitara,Sama,Male,1989-06-13
EMP07727,Ucchal,Golla,Female,1987-03-06
EMP07728,Chakradhar,Deol,Female,1982-08-29
EMP07729,Zaid,Kaul,Female,1980-04-23
EMP07730,Upadhriti,Kapadia,Female,1974-03-08
EMP07731,Tanay,Bhasin,Female,1984-03-24
EMP07732,Krish,Bhagat,Female,1983-09-18
EMP07733,Nitara,Bora,Female,1989-07-08
EMP07734,Ansh,Mann,Female,1982-11-01
EMP07735,Nidhi,Babu,Female,1995-07-12
EMP07736,Ethan,Vasa,Female,1990-05-01
EMP07737,Gaurika,Mukhopadhyay,Female,1977-11-14
EMP07738,Yashica,Prabhakar,Female,1986-06-16
EMP07739,Pallavi,Sharaf,Female,1992-04-12
EMP07740,Qarin,Koshy,Male,1976-05-28
EMP07741,Maanas,Sarkar,Female,1994-05-25
EMP07742,Faraj,Dhawan,Male,1990-06-17
EMP07743,Tripti,Bhagat,Male,1979-08-19
EMP07744,Wridesh,Kuruvilla,Male,1978-12-23
EMP07745,Harini,Dara,Male,1996-06-13
EMP07746,Widisha,Saini,Female,1977-07-06
EMP07747,Nathaniel,Solanki,Female,1977-09-23
EMP07748,William,Mand,Male,1991-05-20
EMP07749,Radhika,Naidu,Female,1987-09-04
EMP07750,Alka,Nair,Male,1985-09-22
EMP07751,Urvashi,Shan,Male,1996-06-06
EMP07752,Elijah,Raju,Male,1993-08-18
EMP07753,Charvi,Sekhon,Female,1985-03-20
EMP07754,Yatan,Kalita,Male,1986-06-07
EMP07755,Dalbir,Ganguly,Male,1991-07-27
EMP07756,Teerth,Nadig,Female,1999-04-19
EMP07757,Radha,Narasimhan,Male,1989-05-20
EMP07758,Indira,Babu,Female,1983-04-08
EMP07759,Omisha,Baral,Male,1996-07-24
EMP07760,Fitan,Aggarwal,Male,1967-09-15
EMP07761,Reva,Dugar,Male,1981-12-18
EMP07762,Ayushman,Doctor,Male,1986-02-03
EMP07763,Onkar,Nazareth,Male,1982-06-09
EMP07764,Urvi,Pillai,Female,1989-09-07
EMP07765,Vidhi,Kapur,Female,1986-02-04
EMP07766,Vedant,Kapoor,Male,1986-05-27
EMP07767,Viraj,Andra,Male,1980-10-08
EMP07768,Yashawini,Chawla,Female,1976-12-14
EMP07769,Abeer,Prakash,Female,1993-02-22
EMP07770,Suhani,Kumer,Female,1974-02-13
EMP07771,Arin,Krishna,Female,1989-04-26
EMP07772,Balhaar,Dhingra,Male,1986-02-11
EMP07773,Frederick,Gola,Female,1984-02-15
EMP07774,Jagdish,Comar,Male,1988-03-12
EMP07775,Bachittar,Murthy,Male,1998-07-06
EMP07776,Vedant,Seshadri,Female,1982-02-24
EMP07777,Eiravati,Thakkar,Male,1982-08-01
EMP07778,Vansha,Sridhar,Male,1998-04-19
EMP07779,Charan,Bail,Female,1978-02-21
EMP07780,Varenya,Magar,Male,1975-11-26
EMP07781,Eesha,Batra,Male,1979-02-26
EMP07782,Warda,Koshy,Male,1997-05-15
EMP07783,Tripti,Wason,Male,1998-11-26
EMP07784,Charita,Krishnan,Male,1998-05-14
EMP07785,Chavvi,Ahuja,Male,1987-06-28
EMP07786,Girish,Chandra,Female,1977-09-06
EMP07787,Charita,Uppal,Male,1974-03-08
EMP07788,Harish,Chad,Male,1984-04-01
EMP07789,Chakradev,Ganguly,Female,1994-01-13
EMP07790,Neelima,Parmer,Female,1991-09-25
EMP07791,Meghana,Agrawal,Male,1985-10-08
EMP07792,Fitan,Chokshi,Female,1982-07-02
EMP07793,Ekapad,Iyengar,Male,1980-02-29
EMP07794,Naksh,Madan,Female,1992-08-11
EMP07795,Saksham,Balasubramanian,Male,1988-04-12
EMP07796,Chaitanya,Bains,Female,1983-08-26
EMP07797,Luke,Shetty,Female,1988-03-29
EMP07798,Falguni,Agate,Female,1985-12-22
EMP07799,Vedant,Dass,Male,1998-12-16
EMP07800,Kevin,Sule,Female,1973-03-25
EMP07801,Chaaya,Narang,Female,1991-12-17
EMP07802,Lohit,Deshpande,Male,1999-08-21
EMP07803,Wishi,Chokshi,Male,1992-04-15
EMP07804,Utkarsh,Bhakta,Female,1993-08-03
EMP07805,Atharv,Jani,Female,1977-05-29
EMP07806,Krishna,Lanka,Male,1988-10-30
EMP07807,Dayita,Singhal,Female,1985-09-16
EMP07808,Falguni,Raja,Female,1988-04-08
EMP07809,Ayaan,Badami,Female,1993-02-28
EMP07810,Chanchal,Bhattacharyya,Male,1997-11-30
EMP07811,Maya,Sarkar,Female,1988-06-08
EMP07812,Wyatt,Bala,Female,1996-07-24
EMP07813,Rushil,Ray,Male,1993-10-13
EMP07814,Vaishnavi,Rastogi,Female,1981-07-26
EMP07815,Eesha,Singhal,Female,1980-02-26
EMP07816,Pahal,Saran,Male,1982-03-29
EMP07817,Harrison,Sami,Male,2001-11-04
EMP07818,Sachi,Ganesan,Male,1981-07-14
EMP07819,Abha,Kalita,Male,1999-03-22
EMP07820,Aarna,Sha,Male,1993-09-27
EMP07821,Pranit,Sethi,Female,1985-04-21
EMP07822,Vaishnavi,Sama,Female,1976-06-25
EMP07823,Urishilla,Wason,Female,1987-03-11
EMP07824,Amruta,Golla,Male,1975-01-22
EMP07825,Chaitanya,Thakkar,Female,1996-06-04
EMP07826,Indrajit,Basu,Female,1993-12-07
EMP07827,Praneel,Thakkar,Male,1985-10-11
EMP07828,Indali,Ratti,Male,1989-10-04
EMP07829,Faras,Borah,Male,1970-07-22
EMP07830,Pavani,Sood,Female,2001-05-20
EMP07831,Bhavani,Swamy,Male,1998-09-22
EMP07832,Ethan,Palla,Female,1984-08-31
EMP07833,Ekavir,Pillai,Male,1993-06-26
EMP07834,Bhavna,Bhalla,Female,1989-12-30
EMP07835,Advika,Kant,Female,1985-08-16
EMP07836,Lavanya,Setty,Female,1993-03-08
EMP07837,Janani,Nazareth,Female,1984-02-25
EMP07838,Wakeeta,Handa,Male,1975-05-25
EMP07839,Alexander,Wadhwa,Female,1990-09-08
EMP07840,Omya,Kunda,Male,1968-07-11
EMP07841,Kiaan,Chadha,Male,1968-07-06
EMP07842,Girindra,Kade,Female,1991-08-02
EMP07843,Balhaar,Mahal,Male,2000-02-26
EMP07844,Yagnesh,Pau,Female,1995-10-09
EMP07845,Frado,Chada,Male,1992-01-30
EMP07846,Ishita,Goswami,Female,1986-09-23
EMP07847,Dayamai,Gara,Female,1986-01-10
EMP07848,Manthan,More,Female,1994-05-13
EMP07849,Bachittar,Bir,Male,1992-07-02
EMP07850,Aryan,Sampath,Male,1990-09-10
EMP07851,Ranbir,Batra,Female,1992-11-03
EMP07852,Sneha,Mander,Male,1981-07-24
EMP07853,Megha,Oommen,Female,1993-10-23
EMP07854,Qadim,Nath,Male,1986-02-07
EMP07855,Sarthak,Goda,Male,1985-05-23
EMP07856,Unnati,Aggarwal,Male,1997-11-02
EMP07857,Samaksh,Kari,Male,1987-11-13
EMP07858,Lavanya,Ganesh,Male,1975-10-16
EMP07859,Chakrika,Yohannan,Female,1993-06-20
EMP07860,Hema,Babu,Male,1982-11-12
EMP07861,Charvi,Srinivas,Male,1995-06-04
EMP07862,Ikbal,Nori,Female,1996-05-20
EMP07863,Upkaar,Dhawan,Female,1996-09-13
EMP07864,Chameli,Kadakia,Female,1984-10-02
EMP07865,Dhriti,Bassi,Female,1960-03-27
EMP07866,Yashvi,Sahota,Female,1993-09-19
EMP07867,Zaid,Gaba,Male,1983-09-20
EMP07868,Vidhi,Prasad,Female,1985-11-29
EMP07869,Wahab,Pandya,Female,1980-08-09
EMP07870,Chandresh,Prakash,Male,1964-07-06
EMP07871,Ronith,Minhas,Male,1999-03-11
EMP07872,Zayan,Bobal,Female,1968-12-09
EMP07873,Zayan,Kumar,Male,1982-06-23
EMP07874,Bhavya,Biswas,Male,1995-06-17
EMP07875,Ladli,Gour,Male,1991-11-20
EMP07876,Vanya,Wali,Male,1987-10-17
EMP07877,Harini,Balasubramanian,Female,1988-03-15
EMP07878,Jagat,Purohit,Female,1984-06-28
EMP07879,Amol,Bhatia,Female,1994-04-04
EMP07880,Omkaar,Garde,Female,1990-11-05
EMP07881,Pushti,Dhar,Female,1969-11-05
EMP07882,Lipika,Sha,Female,1992-06-27
EMP07883,Onkar,Dugal,Male,1977-12-23
EMP07884,Nidhi,Kalita,Female,1992-05-13
EMP07885,Ekaja,Goswami,Male,1993-11-19
EMP07886,Bimala,Bora,Male,1991-07-15
EMP07887,Hardik,Goswami,Female,1981-01-03
EMP07888,Sai,Toor,Male,1987-12-26
EMP07889,Anusha,Sathe,Female,1982-01-10
EMP07890,Tara,Shere,Female,1993-08-30
EMP07891,Ekanta,Contractor,Female,1991-04-15
EMP07892,Shaurya,Dara,Female,1985-03-11
EMP07893,Neel,Date,Female,1978-03-21
EMP07894,Urvashi,Walla,Female,1984-11-18
EMP07895,Dev,Kamdar,Male,1998-07-05
EMP07896,Vedika,Sampath,Male,1983-02-02
EMP07897,Oviya,Basu,Female,1992-07-21
EMP07898,Ranveer,Dey,Male,1985-08-19
EMP07899,Keya,Muni,Male,1973-04-26
EMP07900,Urishilla,Ghosh,Female,1987-06-05
EMP07901,Saksham,Tandon,Male,1992-03-30
EMP07902,Eshana,Bora,Female,1991-07-08
EMP07903,Ethan,Rastogi,Male,1985-08-13
EMP07904,Sai,Sani,Male,1982-05-30
EMP07905,Thomas,Palan,Female,1984-04-28
EMP07906,Pranav,Kala,Female,1984-10-07
EMP07907,Reyansh,Thakkar,Male,1984-04-26
EMP07908,Oviya,Badal,Female,1969-12-06
EMP07909,Ekavir,Devi,Male,1990-04-28
EMP07910,Jeevika,Khare,Female,1979-09-14
EMP07911,Baljiwan,Raghavan,Male,1995-04-23
EMP07912,Chaitanya,Sachar,Female,1994-11-30
EMP07913,Warhi,Goyal,Male,1997-07-22
EMP07914,Chatresh,Das,Male,1998-07-09
EMP07915,Nandini,Anne,Female,1988-07-03
EMP07916,Netra,Kashyap,Male,1970-07-11
EMP07917,Hemang,Parmar,Female,1984-10-08
EMP07918,Max,Boase,Male,1994-03-09
EMP07919,Eshana,Sagar,Male,1987-02-13
EMP07920,Girik,Dixit,Female,1984-12-26
EMP07921,Vaishnavi,Patil,Male,1992-05-05
EMP07922,Rushil,Tailor,Male,1981-01-01
EMP07923,Wriddhish,Shah,Female,1981-01-16
EMP07924,Bhavya,Srivastava,Female,1983-07-05
EMP07925,Janaki,Kara,Female,1994-03-30
EMP07926,Yochana,Khatri,Male,1981-09-25
EMP07927,Viraj,Bir,Female,1996-09-21
EMP07928,Kashvi,Natt,Male,1990-03-25
EMP07929,Vyanjana,Chanda,Male,1995-01-10
EMP07930,Yachana,Upadhyay,Female,1983-02-01
EMP07931,Rachita,Rajagopal,Male,1965-02-26
EMP07932,Vaishnavi,Jain,Male,1975-12-22
EMP07933,Urishilla,Sheth,Male,1978-03-13
EMP07934,Vyanjana,Barad,Male,1981-11-07
EMP07935,Harini,Majumdar,Male,1992-09-25
EMP07936,Yuvraj,Setty,Female,1993-10-29
EMP07937,Rushil,Sunder,Female,1991-10-07
EMP07938,Sai,Bahl,Male,1990-07-06
EMP07939,Udarsh,Dhillon,Male,1980-04-13
EMP07940,Henry,Butala,Female,1996-10-10
EMP07941,Omaja,Sama,Male,1975-05-06
EMP07942,Jason,Zachariah,Female,1973-08-01
EMP07943,Aayush,Mittal,Male,1982-06-21
EMP07944,Jagat,Sarma,Female,1981-10-18
EMP07945,Zashil,Sidhu,Male,1971-02-12
EMP07946,Theodore,Kara,Female,1997-03-06
EMP07947,Gauri,Subramaniam,Male,1985-08-06
EMP07948,Simon,Sachdev,Female,1992-04-15
EMP07949,Radhika,Kaul,Female,1986-02-07
EMP07950,Vyanjana,More,Male,1986-12-15
EMP07951,Dominic,Rama,Male,1993-07-15
EMP07952,Chandran,Kanda,Male,1985-05-14
EMP07953,Ria,Desai,Male,1984-07-15
EMP07954,Vritti,Divan,Female,1994-06-19
EMP07955,Vyanjana,Aggarwal,Male,1988-12-30
EMP07956,Urmi,Pandya,Female,1970-06-22
EMP07957,Vrishti,Keer,Male,1987-08-26
EMP07958,Tarak,Natt,Female,1993-07-15
EMP07959,Chandran,Ramakrishnan,Male,1989-09-06
EMP07960,Watika,Krish,Female,1991-11-10
EMP07961,Pushti,Memon,Female,1989-07-26
EMP07962,Urmi,Bajaj,Male,1988-08-24
EMP07963,Widisha,Ghosh,Male,1984-11-23
EMP07964,Ojasvi,Deshmukh,Female,1991-10-28
EMP07965,Nihal,Dar,Female,1990-03-07
EMP07966,Ekanta,Sha,Female,1991-11-21
EMP07967,Jason,Uppal,Female,1986-11-17
EMP07968,Warjas,Bains,Male,1976-06-08
EMP07969,Osha,Varty,Female,1992-06-13
EMP07970,Jatin,Kalla,Female,1984-12-01
EMP07971,Lavanya,Babu,Female,1968-10-14
EMP07972,Kashish,Tank,Male,1980-03-23
EMP07973,Ridhi,Rajagopal,Male,1988-10-16
EMP07974,Sathvik,Ray,Female,1982-04-24
EMP07975,Noah,Goyal,Male,1982-02-27
EMP07976,Champak,Samra,Female,1986-02-26
EMP07977,Noah,Keer,Female,1990-03-07
EMP07978,Hema,Mody,Male,1978-08-09
EMP07979,Arya,Bava,Female,1985-04-24
EMP07980,Yauvani,Prabhakar,Male,1988-11-27
EMP07981,Daksha,Shetty,Male,1993-06-06
EMP07982,Max,Radhakrishnan,Male,1991-06-17
EMP07983,Kritika,Nayar,Male,1981-01-31
EMP07984,Sachi,Sen,Female,1989-08-02
EMP07985,Hema,Golla,Male,1990-09-09
EMP07986,Veer,Nayar,Male,1982-06-21
EMP07987,Jacob,Narang,Female,1996-03-19
EMP07988,Gaurika,Nadkarni,Male,1984-10-22
EMP07989,Daksha,Rout,Female,1996-11-18
EMP07990,Vyanjana,Mishra,Female,1988-06-18
EMP07991,Kai,Edwin,Male,1983-10-16
EMP07992,Balvan,Comar,Female,1992-10-08
EMP07993,Anmol,Shukla,Male,1979-09-16
EMP07994,Chandran,Korpal,Male,1983-02-24
EMP07995,Timothy,Johal,Female,1978-03-28
EMP07996,Zehaan,Buch,Male,1980-10-02
EMP07997,Siddharth,Manda,Male,1998-07-25
EMP07998,George,Kakar,Male,1972-08-16
EMP07999,Ekapad,Bal,Female,1994-12-04
EMP08000,Urishilla,Murthy,Male,1971-03-20
EMP08001,Frederick,Agarwal,Male,1999-12-06
EMP08002,Hamsini,Balay,Male,1984-03-16
EMP08003,Sai,Srivastava,Male,1985-12-09
EMP08004,Lajita,Khurana,Male,1992-10-11
EMP08005,Aishani,Srinivasan,Male,1983-08-09
EMP08006,Liam,Mitra,Male,1997-07-28
EMP08007,Divya,Trivedi,Female,1991-02-14
EMP08008,Ucchal,More,Male,1981-03-18
EMP08009,Rachana,Sahni,Male,1990-03-19
EMP08010,Balendra,Kapadia,Female,1981-09-22
EMP08011,Neha,Chakrabarti,Male,1989-12-20
EMP08012,Ojasvi,Malhotra,Male,1976-12-14
EMP08013,Chanakya,Doshi,Male,1993-05-14
EMP08014,Zashil,Bora,Male,1990-02-17
EMP08015,Yashodhara,Sethi,Male,1994-04-11
EMP08016,Advika,Subramaniam,Female,1996-08-26
EMP08017,Sachi,Dutta,Female,1995-10-12
EMP08018,Zaitra,Manda,Female,1995-08-18
EMP08019,Adweta,Bhatti,Male,1997-06-07
EMP08020,Harrison,Oak,Male,1986-07-11
EMP08021,William,Butala,Female,1986-05-18
EMP08022,Arya,Sani,Female,1989-01-06
EMP08023,Tamanna,Gandhi,Male,1997-03-18
EMP08024,Hiral,Dube,Female,1992-11-13
EMP08025,Chameli,Babu,Male,1995-04-25
EMP08026,Falguni,Krishnamurthy,Female,1979-05-19
EMP08027,Chandani,Dubey,Male,1980-12-20
EMP08028,Dev,Kannan,Female,1988-07-05
EMP08029,Shaurya,Johal,Female,1991-09-04
EMP08030,Aarnav,Yadav,Female,1985-12-26
EMP08031,Sarthak,Deep,Female,1983-10-25
EMP08032,Ekaraj,Dhingra,Female,1999-10-25
EMP08033,Oviya,Agate,Male,1988-03-24
EMP08034,Yadavi,Gade,Female,1981-03-12
EMP08035,Barkha,Bhakta,Female,1981-10-02
EMP08036,Frederick,Dutt,Male,1990-05-12
EMP08037,Nachiket,Mittal,Male,1990-12-02
EMP08038,Lucky,Wadhwa,Female,1984-10-25
EMP08039,Gaurang,Khatri,Male,1968-11-11
EMP08040,Aishani,Ben,Female,1984-08-07
EMP08041,Nirja,Walla,Male,1982-11-03
EMP08042,Tejas,Banerjee,Female,1988-02-21
EMP08043,Faris,Desai,Female,1980-02-08
EMP08044,Parth,Wagle,Male,1998-07-29
EMP08045,Krishna,Khalsa,Male,1976-12-15
EMP08046,Brinda,Sibal,Female,1995-09-22
EMP08047,Veda,Goyal,Female,1997-10-05
EMP08048,Mohini,Shetty,Female,1972-03-29
EMP08049,Gautami,Bahl,Male,1996-10-24
EMP08050,Nilima,Chakraborty,Female,1985-04-06
EMP08051,Chasmum,Chana,Male,1989-01-24
EMP08052,Kritika,Dhingra,Female,1987-04-08
EMP08053,Jagdish,Ramachandran,Female,1990-08-31
EMP08054,Krish,Varkey,Male,1987-04-10
EMP08055,Eshana,Oak,Female,1983-11-03
EMP08056,Chatura,Nazareth,Male,1980-06-13
EMP08057,Forum,Nayar,Female,1984-10-16
EMP08058,Upadhriti,Gokhale,Male,1987-12-16
EMP08059,Watika,Tata,Male,1990-12-21
EMP08060,Lakshmi,Bora,Female,1998-02-24
EMP08061,Chandran,Kata,Female,2000-03-14
EMP08062,Ekbal,Balasubramanian,Male,1990-10-14
EMP08063,Aayush,Seth,Female,1988-11-29
EMP08064,Damyanti,Biswas,Male,1988-04-12
EMP08065,Avni,Boase,Male,1989-10-27
EMP08066,Jonathan,Tandon,Female,1982-10-25
EMP08067,Chandran,Biswas,Male,1992-05-24
EMP08068,Ekanta,Dayal,Male,1986-05-06
EMP08069,Finn,Sharaf,Female,1969-08-23
EMP08070,Siya,Thakur,Female,1967-11-01
EMP08071,Dayamai,Bumb,Male,1983-07-23
EMP08072,Manan,Thakkar,Male,1985-01-15
EMP08073,Gaurika,Thaker,Female,1994-05-02
EMP08074,Veer,Shah,Female,1965-02-10
EMP08075,Rayaan,Kapadia,Female,1985-08-17
EMP08076,Aashi,Joshi,Female,1985-08-28
EMP08077,Jason,Nagy,Female,1989-11-24
EMP08078,Yashodhara,Khare,Male,1987-11-29
EMP08079,Dalaja,Bajaj,Male,1991-02-04
EMP08080,Oeshi,Sinha,Female,1990-01-15
EMP08081,Ekbal,Sagar,Male,1989-12-12
EMP08082,Christopher,Setty,Female,1985-10-08
EMP08083,Hritik,Dara,Female,1985-02-02
EMP08084,Girik,Bava,Female,1995-02-21
EMP08085,Vidhi,Ratti,Male,1990-09-04
EMP08086,Simon,Baria,Male,1990-01-12
EMP08087,Ekani,Gala,Male,1984-09-26
EMP08088,Madhav,Merchant,Male,1984-12-09
EMP08089,Nitara,Magar,Female,1982-03-26
EMP08090,Mason,Dora,Male,1992-11-19
EMP08091,Barkha,Basak,Male,1986-11-10
EMP08092,Omaja,Chandra,Female,1995-08-03
EMP08093,Upadhriti,Banerjee,Male,1980-12-05
EMP08094,Anirudh,Banerjee,Female,1988-11-18
EMP08095,Kiaan,Padmanabhan,Female,1985-03-28
EMP08096,Chandresh,Sule,Female,1987-03-23
EMP08097,Arin,Wason,Female,1992-01-20
EMP08098,Megha,Salvi,Male,1984-02-20
EMP08099,Lakshit,Dhar,Female,1986-07-21
EMP08100,Ekapad,Thaker,Female,1996-09-11
EMP08101,Leela,Mohan,Female,1965-01-06
EMP08102,Kalpit,Lata,Female,1983-06-20
EMP08103,Advik,Sarraf,Female,1990-09-17
EMP08104,Aarush,Sem,Female,1985-03-20
EMP08105,Anay,Rana,Female,1999-06-16
EMP08106,Gopal,Arya,Female,1977-04-10
EMP08107,Megha,Thaker,Male,1993-12-06
EMP08108,Alka,Hora,Female,1983-11-21
EMP08109,Chaman,Jha,Male,1999-03-21
EMP08110,Adweta,Sibal,Male,1983-12-20
EMP08111,Pranav,Varty,Male,1987-05-30
EMP08112,Hardik,Sekhon,Female,1988-05-19
EMP08113,Kashvi,Saha,Male,1998-09-27
EMP08114,Zayyan,Saha,Male,1981-06-23
EMP08115,Patrick,Devan,Male,1977-09-28
EMP08116,Michael,Savant,Male,1980-03-29
EMP08117,Anamika,Natt,Male,1978-04-09
EMP08118,Sai,Bhattacharyya,Male,1983-10-29
EMP08119,Girish,Balakrishnan,Female,1995-07-19
EMP08120,Pushti,Bhandari,Female,1995-04-11
EMP08121,Benjamin,Dave,Male,1987-08-23
EMP08122,Advaith,Shanker,Male,1984-11-11
EMP08123,Joshua,Radhakrishnan,Female,1991-10-29
EMP08124,Abha,Doshi,Male,1983-04-12
EMP08125,Fitan,Raja,Male,1986-11-13
EMP08126,Praneel,Kothari,Male,1993-08-21
EMP08127,Sara,Jain,Male,1992-07-02
EMP08128,Urvashi,Puri,Female,1990-04-23
EMP08129,Aachal,Chacko,Male,1992-06-25
EMP08130,Eshana,Lanka,Male,1995-08-17
EMP08131,Anmol,Chandran,Female,1994-01-03
EMP08132,Oeshi,Char,Male,1998-02-07
EMP08133,Laban,Prasad,Male,1982-01-20
EMP08134,Kashish,Khurana,Female,1988-10-15
EMP08135,Darsh,Natt,Female,1985-01-26
EMP08136,Lohit,Dugal,Male,1998-01-06
EMP08137,Ekaraj,Raghavan,Female,1999-06-20
EMP08138,Noah,Mistry,Female,1967-06-12
EMP08139,Christopher,Bera,Male,1984-01-12
EMP08140,Ira,Gole,Female,1984-11-03
EMP08141,Vasana,Goel,Female,1981-03-18
EMP08142,Jackson,Kurian,Female,1984-07-28
EMP08143,Indrajit,Chawla,Male,1999-09-19
EMP08144,Urishilla,Mannan,Female,1993-12-29
EMP08145,Warinder,Munshi,Female,1970-04-07
EMP08146,Charvi,Nair,Female,1979-11-21
EMP08147,Harini,Dayal,Female,1999-09-22
EMP08148,Jatin,Kar,Female,1985-03-26
EMP08149,Guneet,Pant,Male,1986-05-10
EMP08150,Gopal,Acharya,Male,1987-10-19
EMP08151,Girindra,Mishra,Male,1985-08-31
EMP08152,Naksh,Choudhury,Female,1991-07-28
EMP08153,Jeet,Manda,Male,1995-12-19
EMP08154,Raagini,Nayak,Female,1980-06-06
EMP08155,Gautami,Lall,Male,1986-06-16
EMP08156,Aryan,Iyer,Male,1985-03-26
EMP08157,Isha,Khurana,Male,1985-02-19
EMP08158,Rohan,Gopal,Male,1994-07-23
EMP08159,Tanish,Setty,Male,1999-02-04
EMP08160,Watika,Buch,Male,1982-05-14
EMP08161,Osha,Pandey,Male,1994-02-27
EMP08162,Ranbir,Desai,Male,1998-12-01
EMP08163,Thomas,Sunder,Female,1997-12-24
EMP08164,Vanya,Raja,Female,1989-12-07
EMP08165,Varenya,Dhar,Male,1970-05-25
EMP08166,Warda,Sani,Male,1998-12-26
EMP08167,Aadhya,Parikh,Female,1986-07-31
EMP08168,Faras,Srinivasan,Female,1991-06-07
EMP08169,Dakshesh,Lad,Male,1989-10-15
EMP08170,Fariq,Ahuja,Male,1979-06-17
EMP08171,Ishanvi,Anand,Male,1981-08-12
EMP08172,Amrita,Pradhan,Female,2001-03-24
EMP08173,Rushil,Contractor,Female,1982-12-01
EMP08174,Girik,Kulkarni,Male,1975-05-04
EMP08175,Quincy,Edwin,Female,1988-12-16
EMP08176,Megha,Shere,Female,1991-11-28
EMP08177,Onveer,Sandal,Female,1989-10-29
EMP08178,Charan,Krish,Male,1987-07-22
EMP08179,Yuvraj,Ratti,Male,1990-12-03
EMP08180,Dayita,Randhawa,Male,1985-04-24
EMP08181,Hredhaan,Parmer,Female,1980-08-03
EMP08182,Pranit,Gola,Female,1981-02-05
EMP08183,Indira,Baral,Male,1988-11-13
EMP08184,Xalak,Ramanathan,Male,1987-06-16
EMP08185,Lekha,Wadhwa,Female,1992-06-14
EMP08186,Ira,Kale,Male,1984-06-29
EMP08187,Vedant,Mitter,Female,1997-01-14
EMP08188,Nitara,Chana,Female,1983-08-19
EMP08189,Chavvi,Krishna,Female,1995-06-17
EMP08190,Yachana,Dani,Female,1970-08-03
EMP08191,Indrajit,Iyengar,Female,1982-07-04
EMP08192,Urmi,Aurora,Male,2000-09-13
EMP08193,Zarna,Cheema,Male,1982-12-14
EMP08194,Nandini,Bandi,Female,1983-03-06
EMP08195,Isaac,Tara,Female,1978-06-26
EMP08196,Dakshesh,Toor,Male,2000-06-26
EMP08197,Diya,Wali,Female,1987-04-18
EMP08198,Ekantika,De,Male,1990-11-06
EMP08199,Ladli,Kadakia,Female,1996-03-22
EMP08200,Mahika,Das,Female,1997-02-21
EMP08201,Krish,Nagar,Male,1989-12-28
EMP08202,Isaac,Kamdar,Male,2001-10-04
EMP08203,Yoshita,Bora,Male,1991-06-24
EMP08204,Simon,Bhardwaj,Male,1972-03-02
EMP08205,Gopal,Varghese,Male,1993-05-29
EMP08206,Jack,Edwin,Male,1985-12-26
EMP08207,Ekanta,Chahal,Female,1979-05-15
EMP08208,Yatin,Iyengar,Male,1987-06-07
EMP08209,Ijaya,Pai,Male,1989-10-10
EMP08210,Warinder,Sampath,Male,1971-09-17
EMP08211,Mitesh,Narayan,Female,1976-05-18
EMP08212,Aishani,Tiwari,Female,1985-10-13
EMP08213,Jeevika,Varghese,Male,1994-01-24
EMP08214,Arya,Borah,Female,1990-09-25
EMP08215,Banjeet,Sane,Female,1994-01-23
EMP08216,Tanveer,Dhar,Female,1973-11-09
EMP08217,Ria,Modi,Male,1994-05-20
EMP08218,Amara,Patla,Male,1977-10-23
EMP08219,Inaya,Hegde,Female,1999-04-24
EMP08220,Megha,Sarin,Female,1979-10-28
EMP08221,Raghav,Patla,Male,1992-11-03
EMP08222,Amol,Raj,Male,1995-03-15
EMP08223,Vanya,Mohanty,Male,1995-04-03
EMP08224,Meera,Choudhry,Female,1975-01-31
EMP08225,Neelima,Keer,Male,1994-03-25
EMP08226,Tarak,Chadha,Male,1976-06-12
EMP08227,Geetika,Badal,Female,1993-09-12
EMP08228,Ekaraj,Boase,Female,1980-08-08
EMP08229,Nihal,Yohannan,Male,1977-06-08
EMP08230,Anya,Rai,Male,1983-03-28
EMP08231,Ekani,Shan,Male,1992-04-15
EMP08232,Raagini,Deo,Female,1985-11-30
EMP08233,Aahana,Gour,Male,2000-10-30
EMP08234,Kevin,Goel,Male,1996-03-04
EMP08235,Luke,Bhatti,Female,1981-03-17
EMP08236,Harini,Lall,Female,1982-06-04
EMP08237,Edhitha,Chhabra,Female,1985-12-21
EMP08238,Ikshita,Bora,Female,1984-12-16
EMP08239,Girish,Chakraborty,Female,1987-05-13
EMP08240,George,Aggarwal,Female,1974-12-04
EMP08241,Waida,Sehgal,Male,1991-03-12
EMP08242,Aachal,Raghavan,Male,1983-07-13
EMP08243,Peter,Bumb,Male,1982-06-01
EMP08244,Patrick,Vora,Male,1976-05-06
EMP08245,Qabil,Sane,Male,1967-03-13
EMP08246,Jyoti,Khurana,Female,2001-06-26
EMP08247,Nitesh,Sani,Male,1995-03-17
EMP08248,Urvi,Raval,Male,1994-06-20
EMP08249,Urishilla,Kuruvilla,Female,1981-01-18
EMP08250,Isaac,Lala,Female,1999-05-27
EMP08251,Chakradhar,Bhagat,Female,1978-01-29
EMP08252,Bishakha,Guha,Male,1985-11-20
EMP08253,Eiravati,Badal,Female,1991-02-18
EMP08254,Aradhana,Sura,Male,1983-01-23
EMP08255,Anvi,Banerjee,Male,1996-10-11
EMP08256,Ekantika,Garde,Female,1994-03-06
EMP08257,Shravya,Balay,Male,1992-11-18
EMP08258,Harini,Chopra,Female,1986-08-16
EMP08259,Warjas,Wagle,Female,1991-01-13
EMP08260,Nisha,Sengupta,Male,1993-12-14
EMP08261,Mugdha,Kaul,Female,1997-11-07
EMP08262,Fitan,Butala,Female,1993-10-21
EMP08263,Ekta,Sarma,Male,1986-10-10
EMP08264,Frado,Kamdar,Female,1988-01-21
EMP08265,Samar,Tandon,Female,1973-09-01
EMP08266,Saumya,Suresh,Female,1970-09-11
EMP08267,Rachana,Pandit,Male,1986-01-19
EMP08268,Janaki,Deep,Male,1982-11-13
EMP08269,Bhavini,Das,Female,1978-05-19
EMP08270,Yagnesh,Anand,Male,1981-05-21
EMP08271,Logan,Kaur,Male,1995-10-18
EMP08272,Varenya,Hayre,Male,1984-09-07
EMP08273,Qabil,Som,Female,1989-09-11
EMP08274,Zilmil,Ratta,Male,1987-09-28
EMP08275,Mason,Dhar,Male,1968-07-12
EMP08276,Mahika,Kale,Male,1992-06-28
EMP08277,Samaksh,Patel,Female,1986-06-24
EMP08278,Pallavi,Sidhu,Male,1970-08-04
EMP08279,Manbir,Mukherjee,Female,1990-08-30
EMP08280,Urishilla,Srivastava,Male,1997-07-22
EMP08281,Ikshita,Rana,Female,1975-06-29
EMP08282,Nimrat,Brahmbhatt,Male,1993-12-12
EMP08283,Finn,Butala,Male,1993-04-12
EMP08284,Advay,Ganesan,Female,1979-01-07
EMP08285,Leela,Minhas,Male,1995-12-11
EMP08286,Naveen,Kata,Female,1983-01-02
EMP08287,Robert,Prakash,Female,1983-07-02
EMP08288,Vihaan,Mall,Female,1988-03-17
EMP08289,Vrinda,Agarwal,Male,1968-10-15
EMP08290,Lohit,Dasgupta,Male,1989-09-05
EMP08291,Tarak,Patla,Male,1967-08-20
EMP08292,Rachita,Dixit,Male,1996-11-02
EMP08293,Leena,Kale,Female,1992-05-02
EMP08294,Yug,Ramesh,Male,1991-06-23
EMP08295,Sara,Mahal,Male,1984-02-13
EMP08296,Tanvi,Nori,Male,1978-05-06
EMP08297,Falan,Divan,Male,1992-09-28
EMP08298,Yashodhara,Bandi,Male,1996-05-09
EMP08299,Robert,Dada,Female,1992-01-13
EMP08300,Irya,Butala,Female,1990-01-09
EMP08301,Nihal,Verma,Female,1967-06-06
EMP08302,Rehaan,Chakrabarti,Female,1980-08-21
EMP08303,Anya,Dugal,Male,1989-08-20
EMP08304,Abeer,Naik,Male,1988-12-21
EMP08305,Urishilla,Shenoy,Male,2000-12-17
EMP08306,Nakul,Biswas,Male,1989-10-02
EMP08307,Utkarsh,Chakrabarti,Male,1977-10-18
EMP08308,Manthan,Sibal,Male,1964-10-08
EMP08309,Gabriel,Dar,Female,1986-06-03
EMP08310,Ria,Sarin,Female,1989-11-01
EMP08311,Ekiya,Balakrishnan,Male,1971-10-30
EMP08312,Charvi,Chauhan,Male,1980-02-18
EMP08313,Raksha,Chana,Male,1994-05-30
EMP08314,Saumya,Gopal,Male,1982-12-29
EMP08315,Ishanvi,Hegde,Female,1984-10-17
EMP08316,Jagat,Minhas,Male,1978-12-17
EMP08317,Anthony,Bhagat,Female,1990-12-25
EMP08318,Hardik,Koshy,Male,1993-07-26
EMP08319,Ojas,Dubey,Male,1977-03-09
EMP08320,Nandini,Om,Female,1990-03-25
EMP08321,Tejas,Sethi,Female,1980-05-09
EMP08322,Daksha,Dar,Female,1976-01-01
EMP08323,Anirudh,Dora,Male,2000-02-21
EMP08324,Dipta,Mitter,Female,1992-02-02
EMP08325,Nachiket,Pant,Male,2000-08-30
EMP08326,Aditya,Sekhon,Male,2000-02-10
EMP08327,Bachittar,Dubey,Female,1984-12-19
EMP08328,Kashish,Muni,Male,1987-11-19
EMP08329,Jackson,Panchal,Female,1985-08-23
EMP08330,Maya,Seth,Female,1985-09-26
EMP08331,Om,Iyengar,Female,1985-01-10
EMP08332,Tanvi,Rama,Male,1976-01-09
EMP08333,Yamini,Issac,Female,1974-06-05
EMP08334,Vrinda,Kota,Male,1981-12-28
EMP08335,Harsh,Maharaj,Male,1984-03-08
EMP08336,Darsh,Yohannan,Female,1993-07-20
EMP08337,Aadhya,Narayan,Female,1999-02-10
EMP08338,Thomas,Goswami,Male,1969-01-08
EMP08339,Sanya,Sathe,Male,1985-02-27
EMP08340,Elijah,Barad,Female,1994-09-14
EMP08341,Chaitanya,Gulati,Male,1995-07-18
EMP08342,Darpan,Dugar,Male,1982-02-20
EMP08343,Vasatika,Prashad,Female,1988-01-29
EMP08344,Parth,Pall,Female,1988-04-14
EMP08345,Netra,Bal,Male,1985-03-30
EMP08346,Qushi,Jain,Female,1993-04-24
EMP08347,Christopher,Kala,Male,1977-01-27
EMP08348,Udant,Bedi,Male,1990-03-27
EMP08349,Nathan,Dar,Male,1990-10-07
EMP08350,Vanya,Walia,Male,1983-08-31
EMP08351,Victor,Hegde,Female,1984-09-09
EMP08352,Waida,Arya,Male,1989-03-19
EMP08353,Laksh,Jha,Female,1988-10-18
EMP08354,Qasim,Khatri,Female,1992-12-04
EMP08355,Balvan,Narayanan,Male,1990-03-22
EMP08356,Edhitha,Sama,Female,1994-08-09
EMP08357,Ganga,Prakash,Male,1991-12-30
EMP08358,Fitan,Bhagat,Female,1989-09-10
EMP08359,Gabriel,Nagar,Female,1991-12-27
EMP08360,Damyanti,Srinivas,Male,2001-06-11
EMP08361,Radha,Ganguly,Male,1980-07-11
EMP08362,Anirudh,Kant,Female,1995-12-07
EMP08363,Sudiksha,Patla,Male,1967-03-15
EMP08364,Jack,Maharaj,Female,1987-12-28
EMP08365,Adya,Samra,Male,1974-10-21
EMP08366,Hema,Mammen,Male,1993-01-26
EMP08367,Logan,Mandal,Female,1994-04-09
EMP08368,Quincy,Ramakrishnan,Female,1976-04-18
EMP08369,Omkaar,Prasad,Male,1995-04-19
EMP08370,Pooja,Mall,Male,1999-10-26
EMP08371,Harini,Dugal,Male,1967-12-14
EMP08372,Kamala,Oza,Female,1987-02-19
EMP08373,Abha,Prabhakar,Male,2000-03-16
EMP08374,Naksh,Iyengar,Female,1971-06-30
EMP08375,Yatan,Nanda,Female,1999-06-21
EMP08376,Widisha,Viswanathan,Male,1999-03-26
EMP08377,Xalak,Sarin,Male,1996-12-27
EMP08378,Advaith,Walia,Male,1987-01-08
EMP08379,Azad,Tata,Male,1983-06-27
EMP08380,Jai,Patil,Male,1989-09-28
EMP08381,Wishi,Ratti,Male,1992-07-19
EMP08382,Bachittar,Lal,Female,1990-03-10
EMP08383,Balendra,Hari,Female,1979-06-27
EMP08384,Aarush,Wagle,Male,1995-07-30
EMP08385,Finn,Narayan,Female,1989-08-14
EMP08386,Vasana,Mammen,Female,1995-01-20
EMP08387,Yug,Shetty,Male,2001-02-23
EMP08388,Matthew,Kata,Female,1997-07-02
EMP08389,Tristan,Soman,Male,1980-07-09
EMP08390,Parth,Bhakta,Female,1982-10-05
EMP08391,Aarnav,Badal,Male,1981-09-18
EMP08392,Warda,Ravi,Female,1980-08-22
EMP08393,Aishani,Butala,Female,1983-07-29
EMP08394,Girik,Swamy,Female,1993-08-27
EMP08395,Warda,Kashyap,Male,1977-02-02
EMP08396,Praneel,Parikh,Male,1984-11-20
EMP08397,Aarnav,Reddy,Female,1985-02-02
EMP08398,Kalpit,Minhas,Female,1980-12-05
EMP08399,Chatura,Sunder,Female,1981-06-05
EMP08400,Ekapad,Chhabra,Female,1981-11-09
EMP08401,Naveen,Grover,Male,1984-01-19
EMP08402,Lucky,Shah,Female,1998-11-21
EMP08403,Yutika,Cherian,Male,1979-09-26
EMP08404,Girish,Raja,Male,1981-10-11
EMP08405,Ekansh,Anand,Male,1993-06-19
EMP08406,Vedhika,Sankaran,Male,1969-07-03
EMP08407,Azaan,Baral,Male,1996-04-02
EMP08408,Naveen,Lalla,Male,1977-09-25
EMP08409,Yatin,Pandya,Male,1972-10-09
EMP08410,Zayan,Zachariah,Female,1994-10-06
EMP08411,Rachana,Ghose,Male,1999-03-30
EMP08412,Chaitaly,Setty,Female,1996-09-11
EMP08413,Janani,Bhatnagar,Male,1994-10-06
EMP08414,Keya,Uppal,Female,1997-08-18
EMP08415,Bishakha,Sahota,Female,1998-10-27
EMP08416,Jeremiah,Loke,Male,1992-07-25
EMP08417,Ekantika,Memon,Male,1983-12-13
EMP08418,Ekansh,Goda,Male,1988-10-20
EMP08419,Pratyush,Gade,Male,1998-10-08
EMP08420,Zarna,Sagar,Male,1989-06-15
EMP08421,Sai,Rama,Male,1983-05-05
EMP08422,Ranbir,Deol,Male,1987-05-19
EMP08423,Vedhika,Chaudry,Male,1988-03-16
EMP08424,Qasim,Grover,Female,1996-12-30
EMP08425,Anvi,Talwar,Male,1992-09-03
EMP08426,Bhavini,Nazareth,Female,1993-12-22
EMP08427,Zinal,Sem,Male,1995-11-05
EMP08428,Tara,Kashyap,Female,1967-04-27
EMP08429,Balhaar,Guha,Female,1991-01-24
EMP08430,Robert,Bajaj,Male,1988-07-19
EMP08431,Michael,Grewal,Male,1987-05-03
EMP08432,Upma,Rastogi,Female,1974-10-04
EMP08433,Parth,Rattan,Female,2001-02-02
EMP08434,Vasudha,Bhargava,Male,1983-12-16
EMP08435,Suhani,Sule,Male,1969-06-18
EMP08436,Ojas,Mander,Male,1996-09-08
EMP08437,Ekanta,Kuruvilla,Male,1975-01-26
EMP08438,Jacob,Pathak,Male,1988-05-06
EMP08439,Wishi,Ratti,Female,1990-11-07
EMP08440,Rushil,Lata,Male,1991-09-02
EMP08441,Umang,Sura,Male,1986-07-25
EMP08442,Zinal,Sandal,Female,1992-02-05
EMP08443,Vaishnavi,Palla,Female,1992-03-29
EMP08444,Chanakya,Murthy,Male,1993-12-03
EMP08445,Dayita,Pandey,Female,1992-07-27
EMP08446,Fariq,Om,Female,1987-05-23
EMP08447,Samarth,Dhaliwal,Male,1976-06-24
EMP08448,Chandresh,Gola,Male,1986-06-20
EMP08449,Ladli,Choudhury,Male,1979-02-11
EMP08450,Sai,Sidhu,Male,1983-07-21
EMP08451,Radha,Sastry,Female,1994-05-02
EMP08452,Lohit,Rege,Male,1987-08-05
EMP08453,Agastya,Pandit,Male,1995-12-08
EMP08454,Baghyawati,Hegde,Female,1970-12-11
EMP08455,Xavier,Shanker,Female,1995-08-21
EMP08456,Anjali,Pathak,Male,1984-12-05
EMP08457,Nihal,Talwar,Female,1992-09-14
EMP08458,Nikita,Balay,Female,1983-07-27
EMP08459,Ayaan,Munshi,Male,1985-05-01
EMP08460,Advika,Sur,Male,1982-10-27
EMP08461,Bhavika,Singhal,Female,1969-04-06
EMP08462,Yochana,Mittal,Male,1989-11-14
EMP08463,Baghyawati,Ray,Male,1988-08-21
EMP08464,Yasti,Dara,Female,1981-02-27
EMP08465,Zaitra,Nath,Female,1993-08-19
EMP08466,Siya,Mital,Male,2002-08-25
EMP08467,Daksha,Lala,Male,1995-03-31
EMP08468,Nathan,Ramesh,Female,1994-11-08
EMP08469,Balveer,Parmer,Male,1991-06-19
EMP08470,Aachal,Natt,Male,1984-11-21
EMP08471,Yauvani,Ramanathan,Male,1990-02-10
EMP08472,Varenya,Arora,Male,1978-04-26
EMP08473,Lakshit,Muni,Female,1968-12-04
EMP08474,Anya,Ramanathan,Male,1980-10-10
EMP08475,Yashodhara,Patla,Female,1997-02-21
EMP08476,Tamanna,Raghavan,Male,1970-09-15
EMP08477,Naksh,Kade,Female,1998-11-14
EMP08478,Geetika,Acharya,Female,1981-06-08
EMP08479,Falan,Kalla,Male,1989-04-29
EMP08480,Ubika,Kulkarni,Male,1970-04-16
EMP08481,Aadhya,Dhar,Female,1983-02-16
EMP08482,Harish,Borde,Male,2002-02-18
EMP08483,Edhitha,Uppal,Male,1988-11-12
EMP08484,Urmi,Sane,Female,1998-11-25
EMP08485,Advika,Chaudhari,Male,1989-06-06
EMP08486,Chandresh,Aurora,Male,1968-03-06
EMP08487,Rehaan,Borah,Male,1988-07-22
EMP08488,Sanya,Dhawan,Male,1962-06-11
EMP08489,Hamsini,Gulati,Male,1996-06-03
EMP08490,Chavvi,Balasubramanian,Male,1991-11-23
EMP08491,Eta,Chokshi,Female,1995-11-10
EMP08492,Vrinda,Tella,Male,1996-11-27
EMP08493,Brijesh,Morar,Male,1986-06-12
EMP08494,Vasatika,Talwar,Male,2002-11-15
EMP08495,Bahadurjit,Bhat,Female,1993-07-21
EMP08496,Watika,De,Male,1992-12-30
EMP08497,Aahana,Wagle,Female,1981-01-07
EMP08498,Vasana,Dara,Male,1992-10-11
EMP08499,Quincy,Pradhan,Male,1969-06-18
EMP08500,Balhaar,Sarna,Male,1994-03-19
EMP08501,Devika,Pandey,Female,1995-04-08
EMP08502,Chakradev,Saraf,Female,1996-06-17
EMP08503,Parth,Swamy,Male,1984-05-02
EMP08504,Christopher,Bhandari,Male,1995-05-22
EMP08505,Zaitra,Thaker,Male,1987-05-22
EMP08506,Lakshit,Ganesh,Male,1985-03-12
EMP08507,Gayathri,Korpal,Female,1996-05-03
EMP08508,Abeer,Gupta,Male,1995-07-21
EMP08509,Anjali,Gole,Male,1984-09-04
EMP08510,Qasim,Chahal,Female,1984-12-30
EMP08511,Netra,Mahajan,Female,1996-10-21
EMP08512,Patrick,Bawa,Male,1978-08-09
EMP08513,Saumya,Rastogi,Female,1994-04-30
EMP08514,Yutika,Pingle,Female,1998-01-20
EMP08515,Nitara,Thaman,Male,1978-03-07
EMP08516,Brinda,Krishnamurthy,Female,1993-10-30
EMP08517,Brinda,Rana,Male,1987-09-19
EMP08518,Faras,Deol,Male,1996-06-06
EMP08519,Chakradev,Sangha,Female,1982-09-05
EMP08520,Hemani,Kala,Male,1995-01-03
EMP08521,Henry,Warrior,Female,1998-07-09
EMP08522,Darika,Sood,Male,1989-06-27
EMP08523,Vanya,Pandey,Male,1996-06-19
EMP08524,Sai,Sachdev,Male,1995-11-11
EMP08525,Shravya,Kata,Male,1987-08-29
EMP08526,Gaurav,Ram,Female,2002-09-14
EMP08527,Aashi,Deshmukh,Female,1993-09-08
EMP08528,Samar,Handa,Male,1996-04-15
EMP08529,Yauvani,Purohit,Female,1969-11-09
EMP08530,Baghyawati,Patla,Male,1998-06-20
EMP08531,Yoshita,Kapadia,Male,1987-07-05
EMP08532,Kala,Bahl,Female,1987-06-02
EMP08533,Mitesh,Savant,Female,1996-12-28
EMP08534,Laban,Shanker,Female,1995-07-07
EMP08535,Arunima,Savant,Male,1989-07-26
EMP08536,Chameli,Chander,Male,1983-06-23
EMP08537,Yash,Dada,Female,1992-02-26
EMP08538,Daksh,Wadhwa,Male,1986-03-06
EMP08539,Aishani,Natt,Male,1994-02-27
EMP08540,Tanish,Joshi,Male,1995-01-08
EMP08541,Anthony,Chokshi,Female,1993-02-04
EMP08542,Indira,Loyal,Female,1965-05-13
EMP08543,Saumya,Shroff,Female,1988-09-07
EMP08544,Luke,Merchant,Male,1977-08-16
EMP08545,Oni,Kapadia,Female,1991-07-19
EMP08546,Caleb,Gopal,Female,1984-10-01
EMP08547,Dhriti,Anand,Female,1966-05-27
EMP08548,Azaan,Zacharia,Male,1986-12-11
EMP08549,Yachana,Naidu,Male,1986-09-03
EMP08550,Fariq,Brar,Female,1968-07-19
EMP08551,Lavanya,Kalita,Female,1996-09-22
EMP08552,Timothy,Mannan,Male,1983-03-07
EMP08553,Gopal,Kumer,Male,1984-12-26
EMP08554,Kritika,Badal,Male,1984-06-20
EMP08555,Wazir,Arora,Male,1994-03-07
EMP08556,Arya,Grewal,Female,1984-07-04
EMP08557,Gaurangi,Parmer,Male,1992-10-15
EMP08558,Manya,Samra,Male,1991-08-22
EMP08559,Tarak,Cherian,Male,1994-05-24
EMP08560,Nilima,Saha,Male,1992-04-06
EMP08561,Ishanvi,Deo,Male,1978-08-03
EMP08562,Tamanna,Khanna,Female,1970-07-15
EMP08563,Meghana,D’Alia,Male,1976-06-22
EMP08564,Nikita,Savant,Male,1983-11-24
EMP08565,Bimala,Majumdar,Female,1981-06-01
EMP08566,Kai,Ghosh,Male,1968-02-19
EMP08567,Zashil,Natt,Male,1978-12-29
EMP08568,Udyati,Chauhan,Female,1983-06-08
EMP08569,Pavani,Varma,Male,1976-06-14
EMP08570,Robert,Tak,Female,1989-08-30
EMP08571,Amara,Balan,Female,1991-11-04
EMP08572,Kashish,Sawhney,Male,1986-03-02
EMP08573,Orinder,Lata,Female,1996-10-07
EMP08574,Anthony,Borde,Female,1983-10-03
EMP08575,Chanchal,Bhandari,Male,1993-08-02
EMP08576,Janani,Menon,Female,1995-02-01
EMP08577,Daksha,Karpe,Female,1989-07-04
EMP08578,Sara,Talwar,Female,1993-12-17
EMP08579,Ekansh,Char,Male,1982-05-24
EMP08580,Rushil,Kumer,Male,1988-09-18
EMP08581,Faqid,Mangat,Female,1991-06-01
EMP08582,Aadi,Dar,Male,1976-11-28
EMP08583,Lucky,Parekh,Female,1993-06-09
EMP08584,Jonathan,Aggarwal,Male,1982-12-25
EMP08585,Darika,Dua,Male,1975-03-28
EMP08586,Yahvi,Uppal,Male,1979-05-20
EMP08587,Unnati,Merchant,Female,1985-02-09
EMP08588,Urvashi,Roy,Male,1985-02-01
EMP08589,Hritik,Kalita,Male,1993-08-14
EMP08590,Charvi,Ram,Male,1998-06-24
EMP08591,Vyanjana,Biswas,Male,1995-07-29
EMP08592,Saanvi,Sama,Male,1993-09-09
EMP08593,Balvan,Chand,Female,1992-11-09
EMP08594,Arya,Bawa,Female,1992-01-05
EMP08595,Anusha,Chanda,Female,1992-04-06
EMP08596,Xalak,Doctor,Female,1985-10-21
EMP08597,Matthew,Chana,Male,1982-01-03
EMP08598,Pooja,Kar,Male,1984-12-26
EMP08599,Zilmil,Sha,Male,1987-12-19
EMP08600,Chandresh,Oak,Female,1996-01-27
EMP08601,Onveer,Varma,Male,1969-06-01
EMP08602,Dakshesh,Patel,Male,1984-06-23
EMP08603,Amruta,Kata,Female,1994-01-17
EMP08604,David,Datta,Female,1999-08-23
EMP08605,Ekansh,Krishnamurthy,Female,2000-09-24
EMP08606,Ekani,Kapur,Male,1982-12-01
EMP08607,Urmi,Sawhney,Male,1988-08-25
EMP08608,Mahika,Malhotra,Male,1979-12-18
EMP08609,Liam,Deshmukh,Male,1984-09-22
EMP08610,Peter,Rau,Male,1975-01-06
EMP08611,Jeremiah,Sharaf,Female,1990-09-27
EMP08612,Gaurangi,Mistry,Male,1978-02-21
EMP08613,Yatan,Sangha,Male,1986-03-06
EMP08614,Ganga,Pall,Male,1987-01-02
EMP08615,Ikbal,Khalsa,Female,1995-11-05
EMP08616,Aarini,Ganesh,Male,1990-11-06
EMP08617,Simon,Prakash,Female,1970-08-11
EMP08618,Arunima,Thakur,Female,1978-04-14
EMP08619,Urmi,Vala,Male,1987-04-10
EMP08620,Lakshit,Basak,Female,1984-09-04
EMP08621,Indali,Samra,Male,1997-10-14
EMP08622,Finn,Ramaswamy,Female,1982-12-22
EMP08623,Arya,Chowdhury,Female,1980-11-01
EMP08624,Chaitanya,Mitra,Female,1983-02-07
EMP08625,Vamakshi,Acharya,Female,1972-01-07
EMP08626,Qarin,Loke,Male,1986-03-05
EMP08627,Omaja,Lal,Female,1997-10-08
EMP08628,Naveen,Palla,Female,1993-02-07
EMP08629,Jason,Gala,Female,1981-03-06
EMP08630,Udarsh,Datta,Female,1993-07-04
EMP08631,Aachal,Vyas,Male,1997-08-15
EMP08632,Pallavi,Atwal,Female,1985-02-11
EMP08633,Christopher,Handa,Male,1985-02-02
EMP08634,Maanas,Vaidya,Male,1973-05-29
EMP08635,Bhavini,Raman,Male,1998-05-09
EMP08636,Rudra,Wagle,Male,1964-03-18
EMP08637,Sachi,Banerjee,Female,1981-01-03
EMP08638,Netra,Sodhi,Male,1980-06-30
EMP08639,Noah,Sarin,Male,1983-12-11
EMP08640,Peter,Choudhury,Female,1989-04-09
EMP08641,Pranav,Comar,Male,1967-03-22
EMP08642,Logan,Parekh,Male,2001-04-03
EMP08643,Yashasvi,Yohannan,Female,1976-04-27
EMP08644,Shivani,Palan,Male,1986-12-27
EMP08645,Urvashi,Subramanian,Female,1995-06-09
EMP08646,Zehaan,Tara,Male,1985-11-30
EMP08647,Chaitaly,Kalita,Male,1984-05-07
EMP08648,Arin,Hayer,Female,2002-10-14
EMP08649,Yatin,Kar,Female,1978-12-29
EMP08650,Yachana,Sane,Female,1973-12-04
EMP08651,Mugdha,Dutta,Male,1983-11-24
EMP08652,Om,Lad,Female,1986-03-19
EMP08653,Riya,Ramaswamy,Male,1982-06-20
EMP08654,Gagan,Zacharia,Male,2000-05-24
EMP08655,Shivansh,Kata,Female,1987-09-15
EMP08656,Meera,Mammen,Female,1989-09-03
EMP08657,Widisha,Tara,Male,1979-04-10
EMP08658,Nikita,Bhandari,Female,1979-09-27
EMP08659,Viraj,Kari,Female,1968-09-14
EMP08660,Faras,Sarkar,Male,1987-08-23
EMP08661,Vrinda,Lalla,Male,1975-10-16
EMP08662,Nicholas,Parmer,Male,1983-09-12
EMP08663,Eshana,Rajan,Female,1997-06-29
EMP08664,Hardik,Cheema,Male,1996-02-21
EMP08665,Rajeshri,Ratti,Female,1997-08-03
EMP08666,Jatin,Ramachandran,Female,1991-11-22
EMP08667,Devika,Kashyap,Female,1993-08-21
EMP08668,Sachi,Mammen,Female,1989-07-17
EMP08669,Jack,Chhabra,Male,1985-01-15
EMP08670,Dalbir,Pillay,Male,1989-03-14
EMP08671,Pahal,Hora,Female,1990-02-09
EMP08672,Upasna,Raj,Male,1974-03-10
EMP08673,Ikbal,Pingle,Female,1995-09-08
EMP08674,Anika,Mutti,Female,1988-06-20
EMP08675,Ubika,Nagarajan,Male,1984-10-28
EMP08676,Anya,Batra,Male,1969-08-25
EMP08677,Yahvi,Hans,Male,1973-09-15
EMP08678,Naksh,Khanna,Male,1990-10-19
EMP08679,Mohammed,Datta,Female,1974-05-06
EMP08680,Omisha,Varughese,Female,1992-01-18
EMP08681,Unnati,Ramanathan,Female,1989-07-25
EMP08682,Max,Ram,Male,1972-05-20
EMP08683,Ganga,Mane,Male,1992-10-12
EMP08684,Arin,Shroff,Male,1991-10-02
EMP08685,Anamika,Saran,Female,1987-02-19
EMP08686,Joshua,Korpal,Female,1992-09-21
EMP08687,Yuvraj,Mand,Female,1978-02-05
EMP08688,Rachita,Jha,Male,1994-06-24
EMP08689,Manya,Vora,Female,1981-11-11
EMP08690,Ojasvi,Master,Female,1983-05-22
EMP08691,Inaya,Kari,Female,1992-05-09
EMP08692,Isaiah,Sinha,Male,1997-02-07
EMP08693,Gaurika,Mangat,Male,1980-02-19
EMP08694,Kavya,Kapoor,Female,1997-07-06
EMP08695,Krishna,Puri,Male,1980-02-02
EMP08696,Sarthak,Barman,Female,1965-04-18
EMP08697,Nimrat,Bhavsar,Male,1988-10-27
EMP08698,Hemani,Seth,Male,1977-07-17
EMP08699,Nitesh,Bhatt,Female,1999-09-30
EMP08700,Jairaj,Kara,Male,1993-11-02
EMP08701,Chaitanya,Taneja,Female,1992-11-28
EMP08702,Shivani,Savant,Male,1985-08-08
EMP08703,Ira,Mishra,Male,1969-06-08
EMP08704,Falak,Bail,Female,1991-09-01
EMP08705,Wahab,Golla,Female,1971-09-27
EMP08706,Eiravati,Hayre,Female,1989-06-11
EMP08707,Aishani,Balan,Male,1998-03-07
EMP08708,Onveer,Narang,Female,2001-11-20
EMP08709,Saksham,Ganguly,Female,1989-01-13
EMP08710,Rayaan,Sama,Male,1985-05-10
EMP08711,Vedhika,Kala,Male,1988-01-04
EMP08712,Falguni,Borah,Female,1963-10-01
EMP08713,Shivansh,Prabhu,Male,1967-09-12
EMP08714,Zaid,Swaminathan,Female,1987-04-28
EMP08715,Janaki,Mandal,Female,1992-09-23
EMP08716,Nathan,Chawla,Female,1989-04-29
EMP08717,Onkar,Rastogi,Male,1999-01-23
EMP08718,Meera,Kalita,Male,1963-08-21
EMP08719,Veer,Deshmukh,Female,1981-12-23
EMP08720,Sai,Anand,Male,1983-02-23
EMP08721,Yoshita,Nori,Female,1984-05-24
EMP08722,Xalak,Sarkar,Female,1988-06-16
EMP08723,Alka,Kuruvilla,Male,1985-06-23
EMP08724,Wriddhish,Pandit,Female,1984-04-01
EMP08725,Lila,Rastogi,Female,1980-03-15
EMP08726,Udarsh,Kota,Female,1988-06-11
EMP08727,Brijesh,Narang,Male,2002-06-06
EMP08728,Faris,Sawhney,Male,1996-02-19
EMP08729,Peter,Mann,Female,1980-11-28
EMP08730,Mugdha,Sanghvi,Male,1983-12-18
EMP08731,Rajeshri,Mahal,Male,1982-05-12
EMP08732,Nilima,Raghavan,Male,1991-01-27
EMP08733,Bakhshi,Sastry,Female,1976-03-26
EMP08734,Lipika,Yogi,Male,1983-02-07
EMP08735,Ayaan,Chadha,Female,1985-09-10
EMP08736,Daksha,Seshadri,Male,1993-05-26
EMP08737,Garima,Korpal,Male,1985-11-20
EMP08738,Ronith,Yogi,Female,1989-03-01
EMP08739,Vinaya,Kar,Male,1993-10-24
EMP08740,Kabir,Bawa,Male,1970-11-27
EMP08741,Benjamin,Patel,Male,1983-09-05
EMP08742,Chandresh,Wable,Male,1977-11-30
EMP08743,Ekiya,Mani,Male,1985-09-06
EMP08744,Zayan,Purohit,Male,1988-03-09
EMP08745,Yahvi,Prabhakar,Male,1979-11-10
EMP08746,Ganga,Thakkar,Female,1988-08-01
EMP08747,Kai,Agrawal,Male,1981-12-06
EMP08748,Nicholas,Anand,Female,1987-12-27
EMP08749,Raksha,Mammen,Male,1988-02-11
EMP08750,Suhani,Dugar,Male,1995-07-29
EMP08751,Aarini,Wable,Female,1991-12-10
EMP08752,Kiaan,Sehgal,Female,1983-09-21
EMP08753,Omaja,Bhattacharyya,Male,1991-10-05
EMP08754,Faras,Kunda,Female,1993-06-24
EMP08755,Odika,Sha,Male,1983-09-20
EMP08756,Nidra,Talwar,Female,1991-12-21
EMP08757,Lakshit,Wadhwa,Female,1999-02-21
EMP08758,Daksha,Sahota,Male,1980-05-30
EMP08759,Advaith,Viswanathan,Male,1979-09-15
EMP08760,Yagnesh,Bobal,Male,1984-09-25
EMP08761,Nitara,Joshi,Female,1987-10-11
EMP08762,Wishi,Gera,Male,1992-03-16
EMP08763,Tarak,Madan,Female,2000-09-18
EMP08764,Niharika,Ratta,Female,1996-08-03
EMP08765,Widisha,Deshpande,Female,1984-08-18
EMP08766,Hema,Hora,Male,1989-05-28
EMP08767,Vanya,Wadhwa,Male,1983-12-03
EMP08768,Gaurav,Mandal,Female,1987-05-03
EMP08769,Anika,Iyer,Female,1991-11-08
EMP08770,Faris,Raj,Male,1979-05-15
EMP08771,Ekalinga,Chawla,Male,1990-05-15
EMP08772,Unni,Bhavsar,Female,1998-12-03
EMP08773,Turvi,Menon,Male,1991-09-25
EMP08774,Bimala,Kumar,Female,1991-08-20
EMP08775,Yatin,Mukhopadhyay,Male,1979-09-17
EMP08776,Aachal,Tara,Male,2001-08-05
EMP08777,Indira,Gera,Female,1980-02-19
EMP08778,Gaurav,Mammen,Male,1982-08-09
EMP08779,Anirudh,Apte,Male,1987-08-04
EMP08780,Agastya,Khurana,Male,1995-01-08
EMP08781,Michael,Balan,Female,1983-09-01
EMP08782,Falan,Rajagopalan,Male,1984-06-22
EMP08783,Wazir,Arya,Female,1985-09-27
EMP08784,Bakhshi,Viswanathan,Male,1990-08-01
EMP08785,Kashish,Pathak,Male,1964-07-09
EMP08786,Hemang,Virk,Female,1995-09-08
EMP08787,Bakhshi,Kunda,Female,1979-06-15
EMP08788,Ekiya,Chahal,Male,1988-03-26
EMP08789,Nandini,Mody,Female,1988-06-15
EMP08790,Jonathan,Tata,Male,1964-05-15
EMP08791,Anvi,Kata,Male,1996-08-02
EMP08792,Riya,Dugar,Female,1989-09-07
EMP08793,Madhavi,Bobal,Male,1985-02-20
EMP08794,Onveer,Mallick,Female,1985-09-03
EMP08795,Odika,Dugal,Female,1986-07-11
EMP08796,Jack,Bhandari,Female,1982-01-19
EMP08797,Ekanta,Khatri,Female,1972-05-22
EMP08798,Frado,Nori,Male,1981-12-13
EMP08799,Bishakha,Korpal,Female,1986-04-30
EMP08800,Charan,Mitra,Male,1994-07-15
EMP08801,Saumya,Prabhakar,Female,1987-11-23
EMP08802,Nakul,Swamy,Male,1987-03-04
EMP08803,Harshil,Bassi,Female,1978-10-21
EMP08804,Simon,Upadhyay,Male,1986-10-20
EMP08805,Eesha,Prabhu,Female,1987-07-18
EMP08806,Girish,Mishra,Female,2002-03-07
EMP08807,Ekani,Wason,Male,1978-09-04
EMP08808,Pooja,Nigam,Female,1995-04-07
EMP08809,Gautam,Shanker,Male,1994-01-24
EMP08810,Anmol,Basak,Female,1994-04-08
EMP08811,Kritika,Ben,Male,1984-04-13
EMP08812,Hardik,Issac,Female,1989-07-27
EMP08813,Gayathri,Sampath,Male,1979-06-06
EMP08814,Henry,Mallick,Female,1987-06-12
EMP08815,Megha,Choudhury,Female,1988-12-26
EMP08816,Mitesh,Chatterjee,Female,1981-05-06
EMP08817,Yug,Sawhney,Female,1997-03-27
EMP08818,Daniel,Goswami,Male,1999-10-08
EMP08819,Robert,Chatterjee,Female,1980-04-24
EMP08820,Daksha,Rajagopalan,Female,1987-06-03
EMP08821,Krishna,Devan,Male,1989-07-26
EMP08822,Ryan,Tank,Male,1986-11-08
EMP08823,Vrinda,Kara,Male,1986-02-19
EMP08824,Mahika,Ganesh,Male,1997-04-15
EMP08825,Saanvi,Chaudhary,Male,1991-12-25
EMP08826,Frederick,Goswami,Male,1983-08-04
EMP08827,Zehaan,Oza,Female,1963-10-22
EMP08828,Darpan,Sankaran,Female,1975-10-19
EMP08829,Azad,Chahal,Male,1980-04-27
EMP08830,Madhavi,Singhal,Female,1975-04-04
EMP08831,Ryan,Kumer,Female,1989-03-20
EMP08832,Isaiah,Rajagopal,Male,2002-12-12
EMP08833,Turvi,Nigam,Female,1990-11-07
EMP08834,Varsha,Bhatti,Male,1986-04-20
EMP08835,Zaid,Kota,Female,1967-07-18
EMP08836,Mitesh,Shukla,Female,1976-01-10
EMP08837,Henry,Dugar,Female,1989-07-09
EMP08838,Meghana,Gour,Female,1970-02-27
EMP08839,Anirudh,Dhillon,Female,1994-04-01
EMP08840,Charvi,Dara,Male,1977-03-05
EMP08841,Ayush,Varughese,Male,1984-01-06
EMP08842,Tamanna,Devi,Male,1988-02-19
EMP08843,Frado,Som,Male,1966-03-01
EMP08844,Tara,Jha,Male,1987-12-21
EMP08845,Dhruv,Prakash,Female,1999-12-29
EMP08846,Yug,Deshpande,Male,1987-05-07
EMP08847,Chandresh,Rau,Female,1990-06-11
EMP08848,Hemangini,Sankar,Male,1982-12-19
EMP08849,Urvashi,Pau,Female,1985-06-03
EMP08850,Wyatt,Acharya,Male,1984-10-16
EMP08851,Anirudh,Iyengar,Female,1980-06-18
EMP08852,Tanmayi,Kuruvilla,Male,1968-08-01
EMP08853,Chakradev,Chaudhary,Male,1997-03-14
EMP08854,Lila,Taneja,Female,1990-12-23
EMP08855,Hiral,Wable,Male,1991-09-14
EMP08856,Udant,Sama,Female,1991-07-06
EMP08857,Onkar,Bava,Female,1991-07-25
EMP08858,Neelima,Mall,Female,1990-12-23
EMP08859,Laban,Ben,Female,1979-10-03
EMP08860,Hamsini,Savant,Female,1997-03-10
EMP08861,Gaurangi,Dhillon,Female,1967-08-17
EMP08862,Triveni,Kannan,Female,1993-01-08
EMP08863,Balendra,Nayar,Male,1983-05-07
EMP08864,Keya,Raman,Male,1992-11-27
EMP08865,Imaran,Dave,Female,1985-01-17
EMP08866,Gaurang,Chowdhury,Male,1983-05-29
EMP08867,Naksh,Varughese,Female,1998-02-16
EMP08868,Pahal,Raghavan,Female,1981-09-01
EMP08869,Kritika,Mital,Male,1988-06-28
EMP08870,Ekiya,Nigam,Female,1981-12-22
EMP08871,Neha,Saha,Male,1992-02-27
EMP08872,Bahadurjit,Peri,Female,1982-05-04
EMP08873,Vivaan,Gour,Male,1983-12-25
EMP08874,Daksh,Dutt,Male,1983-08-12
EMP08875,Maanas,Krishnan,Male,1988-02-27
EMP08876,Devika,Upadhyay,Male,1987-09-27
EMP08877,Finn,Borah,Male,1985-05-29
EMP08878,Jason,Sinha,Male,1988-03-08
EMP08879,Veer,Sem,Male,1987-08-12
EMP08880,Nidhi,Lad,Male,1980-06-21
EMP08881,George,Samra,Male,1988-10-25
EMP08882,Rachita,Sinha,Male,1993-10-17
EMP08883,Amruta,Bhatti,Male,1992-04-04
EMP08884,Naksh,Mahal,Male,1973-04-29
EMP08885,Mitali,Chawla,Male,1990-08-07
EMP08886,Laban,Ahuja,Female,1983-05-26
EMP08887,Saksham,Bhattacharyya,Female,1983-02-19
EMP08888,Hemang,Char,Male,1991-02-14
EMP08889,Barkha,Kanda,Male,1978-08-04
EMP08890,Zayyan,Patel,Female,1999-05-21
EMP08891,Vedika,Kanda,Female,1995-02-12
EMP08892,Vasana,Dugar,Male,1975-08-16
EMP08893,Abdul,Salvi,Female,1997-06-28
EMP08894,Nidhi,Kalla,Male,1984-09-06
EMP08895,Harita,Warrior,Female,1988-04-05
EMP08896,Manan,Joshi,Male,1992-05-06
EMP08897,Vasana,Mall,Female,1999-09-21
EMP08898,Ethan,Mistry,Male,1972-01-12
EMP08899,Nakul,Wason,Male,1984-11-14
EMP08900,Forum,Bhasin,Male,1981-06-28
EMP08901,Kalpit,Mani,Female,1986-08-30
EMP08902,Lucky,Sankar,Male,1986-07-06
EMP08903,Sudiksha,Badami,Female,1995-05-22
EMP08904,Chandani,Patla,Female,1994-05-31
EMP08905,Arunima,Raman,Female,1994-12-24
EMP08906,Avi,Sunder,Male,1982-10-08
EMP08907,Eesha,Dara,Male,1986-10-06
EMP08908,Megha,Tank,Male,1990-04-10
EMP08909,Nisha,Vaidya,Female,1995-09-14
EMP08910,Warhi,Tella,Female,2002-07-24
EMP08911,Zansi,Aurora,Female,1994-08-19
EMP08912,Ladli,Basu,Male,1986-05-17
EMP08913,Ishita,Agate,Female,1972-02-25
EMP08914,Gaurang,Dalal,Male,2000-07-12
EMP08915,Zansi,Chandra,Male,1986-01-09
EMP08916,Samarth,Vora,Male,1980-07-29
EMP08917,Upma,Pandya,Female,1979-06-26
EMP08918,Indira,Sankaran,Female,1997-02-26
EMP08919,Karan,Lanka,Male,1989-12-14
EMP08920,Sai,Khalsa,Male,1991-06-25
EMP08921,Megha,Edwin,Female,1992-06-02
EMP08922,Oscar,Bhatnagar,Female,1980-11-18
EMP08923,Rachana,Naik,Male,1980-02-17
EMP08924,Aarnav,Bobal,Male,1990-04-16
EMP08925,Harsh,Walla,Male,1984-06-14
EMP08926,Vritti,Sabharwal,Male,1990-06-14
EMP08927,Eiravati,Jaggi,Male,1985-03-31
EMP08928,Faqid,Pillay,Female,1993-10-17
EMP08929,Vivaan,Saran,Female,1987-06-26
EMP08930,Quincy,Viswanathan,Female,1982-05-23
EMP08931,Fitan,Pau,Male,1995-04-17
EMP08932,Omisha,Tara,Male,1989-03-04
EMP08933,Adya,Char,Female,1972-05-08
EMP08934,Ekalinga,Chatterjee,Male,1987-06-26
EMP08935,Ekiya,Kade,Male,1983-08-22
EMP08936,Rachita,Dyal,Male,1986-03-24
EMP08937,Oliver,Purohit,Male,1993-09-25
EMP08938,Simon,Chander,Male,1997-02-13
EMP08939,Advaith,Shah,Female,1978-09-26
EMP08940,Balendra,Tank,Female,1988-03-30
EMP08941,Luke,Shankar,Female,1964-02-22
EMP08942,Nakul,Dora,Male,1979-10-26
EMP08943,Tara,Ratta,Female,1992-09-14
EMP08944,Nandini,Mall,Male,1980-08-23
EMP08945,Widisha,Sodhi,Male,1988-06-02
EMP08946,Jeremiah,Salvi,Male,1984-03-14
EMP08947,Vinaya,Verma,Male,1993-05-13
EMP08948,Orinder,Goswami,Male,1986-07-04
EMP08949,Urmi,Kaul,Male,1996-02-27
EMP08950,Gautami,Doctor,Female,1996-10-04
